the,1877
and,1441
to,1280
I,1141
a,1120
for,765
it,648
of,632
is,563
in,551
my,541
this,466
on,466
you,420
with,407
was,394
have,389
as,351
are,313
that,293
The,247
great,238
but,234
very,228
good,224
book,209
not,204
This,195
It,187
what,181
they,170
car,168
has,167
so,166
battery,166
be,163
Great,161
will,160
manual,157
just,156
one,145
your,144
these,142
or,141
had,141
them,138
all,136
when,133
like,133
at,129
do,128
use,126
from,125
cables,123
can,122
would,118
well,117
me,116
i,116
need,115
if,111
Haynes,104
used,103
than,103
get,102
bought,99
about,97
more,93
work,91
out,90
quality,89
new,87
some,83
Very,83
repair,83
buy,82
works,82
no,81
an,81
we,81
Good,78
needed,78
up,76
were,76
price,76
any,75
it.,72
by,72
much,72
over,72
They,72
product,71
been,70
time,70
recommend,70
other,70
got,69
vehicle,69
old,68
little,68
how,66
These,66
don't,66
easy,65
A,64
My,64
long,63
-,60
am,59
nice,59
I'm,58
car.,58
manuals,58
came,57
really,57
I've,57
If,57
It's,56
worked,55
only,55
know,54
after,54
great.,54
power,54
own,52
Just,51
he,51
his,51
love,51
now,51
our,51
even,51
help,50
right,50
always,49
many,49
make,49
exactly,49
put,48
could,48
repairs,48
made,47
last,46
sure,45
book.,45
still,45
their,45
them.,45
lot,45
We,44
find,44
which,44
because,44
perfect,44
looks,44
Works,44
everything,43
back,43
heavy,43
does,43
happy,43
able,42
most,42
every,42
information,42
maintenance,41
fast,41
better,41
who,41
it's,41
batteries,41
ordered,40
off,40
Thank,40
arrived,39
looking,39
years,38
manual.,37
found,37
anyone,37
As,36
keep,36
enough,36
year,36
2,36
purchased,36
go,36
then,36
jumper,36
around,35
into,35
first,35
having,35
well.,35
charge,35
pictures,34
step,34
things,34
truck,34
want,33
cable,33
through,33
"it,",33
doing,33
set,33
jump,33
again.,32
best,32
3,32
going,32
before,32
two,32
service,32
purchase,32
look,32
also,31
there,31
did,31
You,31
time.,31
job,31
being,31
received,31
worth,31
come,30
replacement,30
money,30
Perfect,30
Excellent,30
4,30
THE,30
few,29
length,29
far,29
price.,29
wheels,29
sticker,29
take,28
must,28
never,28
its,28
working,28
saved,28
excellent,28
battery.,28
So,27
small,27
using,27
engine,27
parts,27
&,27
mechanic,27
son,27
didn't,27
save,27
quality.,27
Power,27
wanted,26
since,26
should,26
several,26
ever,26
different,26
quick,26
without,26
expected.,26
high,26
down,25
getting,25
original,25
info,25
No,25
kids,25
Bought,25
duty,25
each,24
pleased,24
big,24
once,24
way,24
same,24
product.,24
too,24
item,24
run,24
shipping,24
cables.,24
fit,24
Looks,24
pad,24
tools,23
detailed,23
He,23
where,23
pen,23
pretty,23
another,23
think,23
gauge,23
side,23
AND,23
described,23
After,23
fun,23
monkeys,23
start,22
oil,22
use.,22
again,22
Love,22
less,22
you're,22
something,22
condition.,22
problems,22
makes,22
replace,22
home,22
her,22
color,22
great!,22
loves,22
Came,22
jeep,22
toy,22
needed.,21
order,21
bike,21
handy,21
times,21
quickly,21
done,21
vehicle.,21
Nice,21
husband,21
cars,21
condition,21
both,21
shop,21
extra,21
.,21
hours,21
rain,21
tell,20
see,20
size,20
highly,20
fix,20
simple,20
understand,20
What,20
someone,20
anything,20
definitely,20
read,20
repairs.,20
say,20
thing,20
truck.,20
feel,20
auto,20
seems,20
clamps,20
In,19
bit,19
change,19
helps,19
Fast,19
local,19
helpful,19
longer,19
Amazon,19
purchase.,19
lots,19
store,19
Jeep,19
charged,19
already,18
give,18
top,18
With,18
almost,18
But,18
cover,18
cost,18
clear,18
out.,18
books,18
owned,18
thanks,18
factory,18
Wheels,18
older,17
problem,17
this.,17
useful,17
good.,17
helped,17
Thanks,17
described.,17
those,17
vehicles,17
brand,17
expected,17
"manual,",17
cheaper,17
case,17
next,17
fine,17
cheap,17
thick,17
Well,16
quite,16
under,16
refill,16
Even,16
"time,",16
"book,",16
For,16
people,16
All,16
changing,16
",",16
suit,16
5,16
Worked,16
And,15
etc.,15
too.,15
When,15
hard,15
while,15
fine.,15
Exactly,15
Repair,15
us,15
reference,15
part,15
may,15
pay,15
she,15
one.,15
instructions,15
Have,15
Would,15
awesome,15
"car,",15
perfectly,15
"quality,",15
ones,15
wheel,15
charger,15
guide,14
between,14
detail,14
might,14
Not,14
comes,14
let,14
doesn't,14
running,14
person,14
says,14
you.,14
can't,14
else,14
model,14
him,14
Will,14
haven't,14
seem,14
filter,14
grandson,14
decal,14
game,14
barrel,14
pair,14
such,13
Used,13
it!,13
Fisher,13
though,13
past,13
easily,13
"great,",13
new.,13
pages,13
20,13
took,13
thank,13
Easy,13
gave,13
DIY,13
Arrived,13
needs,13
yourself,13
on.,13
years.,13
seller,13
least,13
glad,13
There,13
for.,13
Product,13
half,13
stores,13
gift,13
vehicles.,13
day,13
daughter,13
flag,13
6,13
Was,12
easier,12
details,12
life,12
probably,12
Now,12
replacing,12
need.,12
trying,12
shipped,12
Manual,12
Everything,12
issues,12
started,12
said,12
goes,12
wrong,12
full,12
Highly,12
diagrams,12
timely,12
dollars,12
drive,12
stuff,12
GREAT,12
"product,",12
IT,12
away,12
driving,12
!,12
couple,12
Item,12
...,12
yet,12
perfectly.,12
stickers,12
play,12
charging,12
pads,12
wool,12
covers,11
shipping.,11
fits,11
have.,11
owner,11
idea,11
That,11
ink,11
given,11
lasted,11
1,11
install,11
problem.,11
front,11
surprised,11
learn,11
delivery,11
days,11
understand.,11
helpful.,11
air,11
Received,11
you!,11
motorcycle,11
Chilton,11
basic,11
own.,11
Got,11
hold,11
these.,11
close,11
large,11
vinyl,11
dry,11
ride,11
decals,11
trunk,11
up.,11
sticker.,11
holds,11
Battery,11
dead,11
box,11
booster,11
more.,10
written,10
torque,10
work.,10
especially,10
deal,10
cap,10
"pictures,",10
inside,10
On,10
solid,10
they're,10
wait,10
loved,10
guess,10
itself,10
clean,10
Has,10
price!,10
paid,10
:),10
do.,10
why,10
try,10
cars.,10
Honda,10
"price,",10
"them,",10
bicycle,10
Don't,10
Book,10
buying,10
built,10
troubleshooting,10
decided,10
reading,10
super,10
value,10
advertised.,10
type,10
months,10
me.,10
NOT,10
here,10
usually,10
I'll,10
whole,10
hand,10
bad,10
real,10
made.,10
colors,10
batteries.,10
"cables,",10
photos,9
maintenance.,9
wish,9
standard,9
point,9
wear,9
end,9
expensive,9
wouldn't,9
"shipping,",9
won't,9
I'd,9
actually,9
haynes,9
left,9
to.,9
Also,9
picture,9
labor,9
manuals.,9
follow.,9
keeps,9
couldn't,9
mechanics,9
VERY,9
"vehicle,",9
road,9
apply,9
section,9
completely,9
leave,9
recommended,9
yet.,9
isn't,9
THIS,9
online,9
informative,9
Can't,9
wiring,9
Made,9
looked,9
customer,9
now.,9
reviews,9
She,9
products,9
making,9
second,9
"battery,",9
bag,9
pants,9
storage,9
behind,9
again!,9
playing,9
McQueen,9
Makita,9
reach,9
tips,8
information.,8
plenty,8
electrical,8
previous,8
went,8
magnet,8
off.,8
At,8
seen,8
Picopen,8
newer,8
within,8
become,8
instead,8
myself.,8
hands,8
job.,8
possible,8
mechanic.,8
contains,8
pleased.,8
plastic,8
window,8
text,8
accurate,8
money.,8
motor,8
system,8
mechanically,8
required,8
sold,8
company,8
10,8
knew,8
knowledge,8
spark,8
brake,8
plus,8
purchasing,8
van,8
store.,8
charge.,8
you'll,8
complete,8
Ford,8
general,8
friend,8
extremely,8
Harley,8
house,8
perform,8
trucks,8
ok,8
Get,8
Manuals,8
item.,8
fuel,8
happy.,8
particular,8
difficult,8
items,8
owners,8
bumper,8
others,8
gets,8
advertised,8
Awesome,8
ones.,8
ready,8
kind,8
Mini,8
FOR,8
thought,8
fully,8
finally,8
durable.,8
Quality,8
bright,8
durable,8
IS,8
compound,8
buffing,8
parking,8
park,8
number,7
gives,7
care,7
nothing,7
routine,7
go.,7
pen.,7
strong.,7
design,7
twice,7
feels,7
amount,7
carry,7
pull,7
addition,7
check,7
month,7
myself,7
truly,7
mechanical,7
shape,7
steps,7
head,7
directions,7
basics,7
types,7
"say,",7
covered,7
wants,7
dealer,7
exact,7
version,7
done.,7
Some,7
instructions.,7
minor,7
procedures,7
fixed,7
2001,7
correct,7
"use,",7
various,7
brakes,7
aren't,7
GOOD,7
three,7
To,7
over.,7
shape.,7
ago,7
Thanks.,7
delivery.,7
early,7
runs,7
cant,7
family,7
problems.,7
service.,7
entire,7
complaints,7
professional,7
They're,7
ON,7
"filter,",7
along,7
worn,7
Price,7
"on,",7
there's,7
TO,7
material,7
them!,7
pickup,7
Always,7
One,7
Super,7
Seems,7
far.,7
wanted.,7
proper,7
that.,7
MY,7
USA.,7
Monkeys,7
hook,7
remember,7
charges,7
plugged,7
Barbie,7
bonnet,7
"duty,",7
wire,7
Cable,7
voltage,7
copper,7
novice,6
specs,6
source,6
times.,6
certain,6
bikes,6
"diagrams,",6
based,6
feet,6
way.,6
build,6
remove,6
"pen,",6
spring,6
everyone,6
break,6
reason,6
wasn't,6
removing,6
100%,6
finding,6
unless,6
is.,6
trunk.,6
none,6
Nissan,6
black,6
except,6
lot.,6
hundreds,6
follow,6
Buy,6
free,6
replaced,6
current,6
AC,6
Had,6
automobile,6
systems,6
enjoy,6
"needed,",6
"well,",6
"all,",6
live,6
"truck,",6
together,6
hope,6
figure,6
liked,6
consider,6
excellent.,6
fast.,6
"cars,",6
Having,6
complex,6
alot,6
Then,6
somewhat,6
satisfied,6
Amazon.,6
night,6
light,6
dirty,6
shop.,6
easy.,6
all.,6
An,6
chilton,6
decent,6
recommend.,6
specific,6
priced,6
major,6
rear,6
"repairs,",6
down.,6
manner.,6
"information,",6
ARE,6
repair.,6
cold,6
needs.,6
Christmas.,6
checked,6
expect,6
means,6
access,6
wife's,6
takes,6
sent,6
product!,6
Only,6
"instructions,",6
jeep.,6
OEM,6
ask,6
there.,6
properly,6
thin,6
likes,6
handy.,6
weeks,6
friends,6
daughter's,6
day.,6
YOU,6
THAT,6
tool,6
Make,6
supposed,6
"yet,",6
throw,6
polishing,6
jacket,6
18,6
High,6
--,6
parked,6
quality!,6
Texas,6
trailer,6
Heavy,6
dump,6
children,6
toy.,6
Batteries,6
Charged,6
worked.,6
volt,6
LOT,6
construction,6
pad.,6
25,6
jump.,6
Coleman,6
words,5
school,5
often,5
places,5
designed,5
read.,5
show,5
open,5
strong,5
key,5
late,5
bigger,5
changed,5
until,5
grips,5
"that,",5
refills,5
whatever,5
tear,5
putting,5
although,5
"good,",5
needing,5
equipment,5
perfect.,5
reasonable,5
Most,5
taking,5
procedure,5
skills,5
keeping,5
cannot,5
12,5
internet,5
confidence,5
chose,5
including,5
automotive,5
im,5
tried,5
Purchased,5
promised.,5
"you,",5
"brakes,",5
bring,5
(and,5
8,5
per,5
Since,5
costs,5
plugs,5
"me,",5
yard,5
help.,5
packed,5
chapter,5
VW,5
delivered,5
"repair,",5
too!,5
low,5
"sturdy,",5
guide.,5
"Yes,",5
American,5
should.,5
sale,5
business,5
helping,5
Lots,5
"one,",5
short,5
Shipping,5
used.,5
investment.,5
jobs,5
dealership,5
complicated,5
life.,5
be.,5
thousands,5
miles,5
Honda.,5
/,5
important,5
holding,5
issues.,5
prefer,5
ended,5
removed,5
beat,5
timing,5
belt,5
thus,5
choice,5
available,5
yourself.,5
While,5
garage,5
starting,5
trouble,5
wanting,5
overall,5
Amazon!,5
Wrangler,5
week,5
fluid,5
replacement.,5
car!,5
believe,5
bucks,5
ordered.,5
Much,5
Definitely,5
handle,5
cause,5
either,5
sound,5
OF,5
soon,5
impressed,5
felt,5
BMW,5
AS,5
Work,5
lights,5
Impreza,5
start.,5
simply,5
paint,5
LONG,5
flexible,5
kept,5
riding,5
hoping,5
set.,5
smaller,5
morning,5
wall,5
double,5
stand,5
Fit,5
Happy,5
package,5
cut,5
peel,5
backing,5
kid,5
display,5
"sticker,",5
case.,5
box.,5
sons,5
WITH,5
sturdy.,5
toys,5
monkeys.,5
around.,5
fit.,5
recharged,5
thats,5
son's,5
connector,5
faster,5
"""",5
wax,5
Pad,5
buffer,5
heavier,5
clamp,5
SUV,5
cable.,5
Cables,5
gauge.,5
stranded,5
bike.,4
difficulty,4
history,4
"mechanic,",4
requires,4
write,4
listed,4
garage.,4
"written,",4
map,4
beginning,4
ways,4
research,4
(which,4
plug,4
rather,4
onto,4
nearly,4
"Also,",4
likely,4
fall,4
in.,4
slide,4
push,4
gotten,4
Its,4
everyday,4
Too,4
barely,4
doesnt,4
issue.,4
body,4
lost,4
car's,4
solved,4
investment,4
Toyota,4
best.,4
average,4
"So,",4
1st,4
St.,4
fraction,4
according,4
figured,4
"photos,",4
includes,4
Dodge,4
do-it-yourself,4
Yes,4
itself.,4
material.,4
technical,4
inclined,4
present,4
provides,4
area,4
recently,4
complained,4
mine,4
tech,4
saving,4
boy,4
right.,4
Every,4
boost,4
appreciate,4
willing,4
speed,4
fixing,4
water,4
Same,4
quickly.,4
ability,4
prices,4
Should,4
Covers,4
stuff.,4
useful.,4
did.,4
Explorer,4
pieces,4
Each,4
"books,",4
illustrated,4
shown,4
update,4
tool.,4
necessary,4
comprehensive,4
"maintenance,",4
Quick,4
Better,4
reasonably,4
promptly,4
specialized,4
considering,4
maintaining,4
angle,4
"clear,",4
mechanics.,4
thorough,4
"Now,",4
easiest,4
relatively,4
pick,4
direct,4
buy.,4
2002,4
satisfied.,4
experience,4
common,4
proud,4
stop,4
"shop,",4
guy,4
place,4
line,4
Chiltons,4
trust,4
missing,4
determine,4
absolutely,4
spend,4
wonderful,4
"promised,",4
pop,4
depth,4
Really,4
assist,4
correctly,4
"expected,",4
correctly.,4
comfortable,4
YouTube,4
sealed,4
ahead,4
Haynes.,4
nor,4
provided,4
Chilton's,4
sell,4
away.,4
Does,4
YOUR,4
video,4
talk,4
manner,4
"delivery,",4
info.,4
fairly,4
videos,4
Audi,4
ton,4
saw,4
youtube,4
bunch,4
3.,4
paper,4
mail,4
awesome.,4
met,4
mean,4
thinking,4
compare,4
"problems,",4
Best,4
That's,4
totally,4
Google,4
repairing,4
protect,4
issue,4
true,4
Chevy,4
numerous,4
anyone.,4
expectations.,4
First,4
reference.,4
2008,4
Civic,4
gear,4
checking,4
fan,4
one!,4
learned,4
during,4
"myself,",4
literally,4
higher,4
back.,4
u,4
matter,4
ONE,4
chance,4
minutes.,4
mini,4
HAVE,4
living,4
waiting,4
Ordered,4
Prius,4
selling,4
suggest,4
2012,4
Excelent,4
boat.,4
wet,4
waist,4
though.,4
Fits,4
stay,4
amazing!,4
"easily,",4
eye,4
sticks,4
these!,4
pink,4
link,4
sun,4
Makes,4
applied,4
applying,4
faded,4
red,4
it'll,4
Flag,4
house.,4
stiff,4
carrying,4
die,4
held,4
"years,",4
tested,4
company.,4
Hope,4
grandchildren,4
rules,4
played,4
classic,4
niece,4
yr,4
died,4
"these,",4
WAS,4
LAST,4
Wheel,4
minutes,4
grandkids,4
Lightning,4
WORKS,4
expensive.,4
powerwheels,4
retail,4
unit.,4
hot,4
dead.,4
hooked,4
asked,4
power.,4
BATTERY,4
polish,4
tough,4
long.,4
dust,4
foam,4
polisher,4
USA,4
clamps.,4
06009,4
Jumper,4
worry,4
"need,",3
must!,3
review.,3
resource,3
tasks,3
Triumph,3
book!,3
choose,3
"info,",3
pictures.,3
told,3
awesome!,3
giving,3
weight,3
GPS,3
materials,3
chain,3
tiny,3
"However,",3
increased,3
thickness,3
connected,3
"design,",3
attached,3
deeper,3
slides,3
shaft,3
inch,3
fair,3
mechanism,3
metal,3
different.,3
piece,3
assume,3
mentioned,3
Picopen.,3
fade,3
immediately,3
hang,3
pocket,3
fantastic,3
keychain.,3
happen,3
Me,3
"far,",3
"times,",3
one's,3
not.,3
1995,3
troubleshoot,3
Shows,3
Never,3
Sentra,3
"up,",3
updated,3
"service,",3
here.,3
pleasantly,3
rebuilt,3
30,3
dollars.,3
Hopefully,3
welding,3
A+,3
+,3
cutting,3
everything.,3
shopped,3
volts,3
poor,3
god,3
terms,3
interested,3
general.,3
understanding,3
workings,3
contained,3
purchased.,3
upgrading,3
modern,3
contain,3
systems.,3
"condition,",3
"again,",3
old.,3
2000,3
across,3
tells,3
bottom,3
special,3
"oil,",3
"plugs,",3
hour,3
Husband,3
"read,",3
deal.,3
"starter,",3
flush,3
"system,",3
"gasket,",3
"quickly,",3
send,3
Almost,3
models,3
watching,3
page,3
showing,3
broken,3
"color,",3
had.,3
overhaul,3
rides,3
note,3
BOOK,3
list,3
bible,3
books.,3
familiar,3
"know,",3
"equipment,",3
explorer,3
publication,3
Big,3
opinion,3
either.,3
"tools,",3
final,3
"$200,",3
components,3
hand!,3
manual!,3
allows,3
Am,3
Wish,3
Didn't,3
Put,3
trusted,3
wide,3
safety,3
Comes,3
description.,3
product..,3
hundred,3
illustrations.,3
Overall,3
EXCELLENT,3
There's,3
cycle,3
beautifully,3
photographs,3
"described,",3
fluids,3
return,3
anywhere.,3
price!!,3
single,3
Accord.,3
thankful,3
trouble.,3
expectations,3
clutch,3
today.,3
connect,3
friends.,3
level,3
so.,3
LOVE,3
Already,3
stores.,3
found.,3
much.,3
Chilton.,3
More,3
wrench,3
liter,3
Prior,3
rebuild,3
Save,3
promptly.,3
typical,3
Legacy,3
manufacturer's,3
(or,3
"tips,",3
room,3
Town,3
happy!,3
skill,3
critical,3
America,3
size.,3
things.,3
DO,3
OR,3
IN,3
SO,3
engine.,3
filters,3
(on,3
ship,3
A4,3
card,3
maintain,3
"manuals,",3
watch,3
hit,3
certainly,3
(the,3
brought,3
"there,",3
Helpful,3
stuck,3
Is,3
(,3
white,3
Accord,3
2.,3
Everyone,3
Manual.,3
inexpensive,3
exceeded,3
Instructions,3
future,3
great!!!,3
project,3
(i.e.,3
(yes,3
!!!,3
frame,3
"concise,",3
"detailed,",3
noticed,3
Finally,3
situation,3
earlier,3
supplement,3
diagnose,3
2006,3
Jeep.,3
packaged,3
owner's,3
areas,3
frustrating,3
packaging,3
price...,3
gift.,3
free.,3
"do,",3
drives,3
charges.,3
cat,3
honda,3
tons,3
Must,3
length.,3
perfect!,3
incorrect,3
Wanted,3
Money,3
"to,",3
How,3
forward,3
tree,3
Use,3
Helped,3
wrong.,3
interior,3
that's,3
fault,3
say.,3
spent,3
search,3
process,3
better.,3
Five,3
chiltons,3
thrilled,3
BUY,3
HHR,3
stated,3
picked,3
amazon,3
Anyone,3
allow,3
concerned,3
2010,3
Mazda,3
"happens,",3
together.,3
turn,3
thru,3
puts,3
Christmas,3
cool,3
CTS,3
"much,",3
Standard,3
Cooper,3
"Product,",3
Other,3
compressor,3
plus.,3
modular,3
included,3
test,3
"advertised,",3
subject,3
stars,3
say?,3
forever,3
for!,3
review,3
detail.,3
surprise,3
ends,3
match,3
motorcycle.,3
past.,3
compact,3
compared,3
afford,3
Recommend,3
NO,3
PRODUCT,3
Extremely,3
seats,3
boat,3
results.,3
tight,3
"bag,",3
yellow,3
"size,",3
XL,3
comment,3
rain.,3
rode,3
stayed,3
sturdy,3
warm,3
coat,3
Florida,3
ITS,3
wash,3
charm,3
careful,3
cute!,3
posts,3
compliments,3
six,3
drivers,3
"decals,",3
Grumpy,3
Perfect!,3
window.,3
contact,3
surface,3
cleaning,3
contacted,3
amazing.,3
windows,3
"wheels,",3
her.,3
"out,",3
flag.,3
message,3
multiple,3
created,3
four,3
outside,3
decal.,3
Beautiful,3
State,3
till,3
weather,3
bear,3
truck!,3
reviews.,3
!!,3
boys,3
sets,3
Barrel,3
"this,",3
arms,3
game.,3
"day,",3
ages,3
"toys,",3
blue,3
ago.,3
"batteries,",3
16,3
support,3
numbers,3
HE,3
neighbor,3
wheeler,3
(now,3
spot,3
Our,3
"away,",3
call,3
F150,3
lasts,3
sale.,3
larger,3
battery),3
good!,3
ride-on,3
charm.,3
child's,3
recharged.,3
ran,3
original.,3
excited,3
"DURABLE,",3
PW,3
7,3
slip,3
POWER,3
fact,3
BOUGHT,3
"data-hook=""product-link-linked""",3
"class=""a-link-normal""",3
7-Inch,3
JDS,3
washable,3
Dewalt,3
draw,3
sized,3
jumped,3
nose,3
25',3
wire.,3
built.,3
copper.,3
Boss,3
situations,3
starter,3
position,3
ft,3
Booster,3
NEG,3
explain,2
degree,2
silly,2
site,2
Who,2
coverage,2
"DIY,",2
easily.,2
"changes,",2
friend.,2
receive,2
:,2
bill.,2
carbs,2
advice,2
forum,2
Garmin,2
are.,2
throughout,2
dirt,2
and/or,2
"road,",2
described!,2
emergency,2
rock,2
"chain,",2
loose,2
snap,2
"long,",2
nicely,2
Space,2
Pen,2
refills.,2
2016,2
keychain,2
"solid,",2
shorter,2
key.,2
"addition,",2
audio,2
grounding,2
lip,2
cap.,2
(see,2
pictures).,2
recessed,2
accidentally,2
detached,2
gripping,2
lightly,2
firm,2
"fit,",2
hits,2
unable,2
resists,2
inserted,2
"paper,",2
U1F/U4F,2
pressurized,2
strongly,2
initial,2
resistance,2
"so,",2
tip,2
"sure,",2
Like,2
stays,2
"cap,",2
pinch.,2
"pinch,",2
indispensable,2
We've,2
unfortunately,2
fasten,2
fun.,2
cartridge,2
UPDATE,2
failed,2
whether,2
ideal,2
individual,2
locate,2
1),2
$100,2
2),2
genuine,2
CONS,2
"white,",2
period.,2
"""how",2
"to""",2
Saturn,2
project.,2
PCM,2
showed,2
upper,2
Without,2
torn,2
wrapped.,2
guides,2
superb,2
panels,2
instruction,2
inner,2
$$,2
following,2
1994,2
transmission,2
welder.,2
tune,2
Deal,2
"hoses,",2
copy,2
"Intrepid,",2
Automotive,2
Need,2
consult,2
"locally,",2
available.,2
pump,2
please,2
heating,2
layman,2
ordinary,2
homeowner,2
damaged,2
conditioning,2
specifications,2
anybody,2
vacuum,2
ID,2
seek,2
ac,2
from.,2
imagine,2
versions,2
Saved,2
Altima,2
Models,2
slightly,2
do-it-yourselfer.,2
passenger,2
front.,2
require,2
bleeding,2
"etc.,",2
self,2
projects,2
'99,2
Van,2
$60,2
vent,2
$35,2
Both,2
accomplish,2
miles.,2
needed!,2
01,2
going.,2
awhile.,2
Great!,2
Condition,2
stated.,2
Chevrolet,2
installed,2
possible.,2
apart.,2
it?,2
five,2
ripped,2
apart,2
famous,2
"clearly,",2
"Good,",2
enabled,2
"winter,",2
Mercury,2
Shop,2
data,2
entirely,2
organized,2
optional,2
task.,2
dozen,2
copies,2
"pages,",2
get.,2
recommended!,2
negative,2
bother,2
vintage,2
anyway.,2
recommended.,2
description,2
v6,2
version.,2
however,2
Blue,2
impossible,2
electronic,2
referring,2
photos.,2
reminds,2
PARK,2
sense,2
dozens,2
"have,",2
costly,2
"bike,",2
costing,2
"dollars,",2
"end,",2
pages.,2
trick,2
bikes.,2
notes,2
regret,2
instructional,2
procedures.,2
disassemble,2
about.,2
"but,",2
"money,",2
houses,2
Looking,2
Many,2
range,2
cruise,2
CAR,2
emergencies.,2
Stays,2
future.,2
actual,2
location,2
sensor,2
Turned,2
"arrived,",2
new!,2
expecting,2
Rav4,2
rate,2
service!,2
"Sincerely,",2
other.,2
necessary.,2
begin,2
cuts,2
Harley.,2
this!!,2
CI,2
thorough.,2
Once,2
became,2
"parts,",2
"specs,",2
response,2
diagrams.,2
$20,2
upon,2
superior,2
unanswered,2
questions.,2
forums,2
somewhere,2
gladly,2
intact,2
cream,2
practically,2
improvement,2
cheaper!!,2
1999,2
"gaskets,",2
remember.,2
gasket,2
want.,2
20$,2
website,2
grease,2
repairs!,2
son.,2
civic,2
runs.,2
11,2
words.,2
lacks,2
communication.,2
150,2
saying,2
lines,2
pain,2
o,2
e,2
explanation,2
plan,2
Electrical,2
invaluable,2
allowing,2
regular,2
benefit,2
main,2
sells,2
acceptable,2
Typical,2
Contains,2
companion,2
greasy,2
knowledgeable,2
brother,2
near,2
Subaru,2
"Outback,",2
"running,",2
replacements,2
Picked,2
schedule.,2
cheapest,2
this!,2
"new,",2
beyond,2
August,2
2012.,2
order.,2
describing,2
serious,2
little.,2
reassuring,2
hatch,2
"helpful,",2
superior.,2
"handy,",2
"filters,",2
sort,2
"side,",2
aside,2
"experience,",2
option,2
;-),2
course,2
regarding,2
mileage,2
sites,2
"useful,",2
Im,2
Plymouth,2
"happy,",2
experience.,2
clarity,2
address,2
Manuals.,2
damage,2
supply,2
rip,2
Fuel,2
"model,",2
middle,2
Go,2
"fact,",2
DOWN,2
ties,2
Chrysler,2
Country,2
SAYS,2
"V6,",2
John,2
impressed!,2
reads,2
confusing,2
Tube,2
"videos,",2
go!,2
heaven,2
Passat,2
missed,2
got.,2
videos.,2
short.,2
1.,2
internet.,2
Maybe,2
4.,2
flip,2
vital,2
"Honda,",2
daughters,2
"problem,",2
appropriate,2
lacking,2
saver,2
adv,2
"base,",2
not!,2
Xterra,2
worst,2
step.,2
"control,",2
otherwise,2
you'd,2
home.,2
happier,2
"Manuals,",2
doesn't.,2
content,2
"excellent,",2
realize,2
doubt,2
3000,2
1993,2
Found,2
headlight,2
tasks.,2
unfamiliar,2
known,2
gang,2
everybody,2
diagnosing,2
potentially,2
muffler,2
Doctor,2
Ok,2
DIY.,2
speedy,2
essential,2
hoped,2
damaged.,2
wrangler,2
him.,2
"manner,",2
serpentine,2
"belt,",2
owned.,2
release,2
promised!,2
time!,2
"wanted,",2
happens.,2
"used,",2
part.,2
before.,2
advise,2
it'd,2
$10,2
concise,2
Essential,2
mistake,2
ordering,2
seller.,2
levels,2
manuals!,2
Handy,2
rainy,2
Could,2
Than,2
straight,2
Another,2
series,2
shade,2
conjunction,2
"YouTube,",2
friendly,2
allways,2
questions,2
installation,2
Tells,2
what.,2
track,2
proofing,2
behind.,2
guidance,2
slowly,2
"noises,",2
fantastic!,2
Luckily,2
explains,2
word,2
$$.,2
scheduled,2
harder,2
si,2
2007,2
mazda,2
walks,2
refer,2
close.,2
chevy,2
notch,2
exception.,2
THOUSANDS,2
particularly,2
20+,2
NEVER,2
Pleased,2
serve,2
purpose.,2
visual,2
jaguar,2
hhr,2
town,2
thing.,2
hesitate,2
yesterday,2
rely,2
example,2
imho.,2
locally,2
Considering,2
attempt,2
dealing,2
oil.,2
ground,2
describes,2
affect,2
'em.,2
caused,2
glove,2
compartment,2
harness,2
Plus,2
thousand,2
pics,2
Last,2
weekend,2
Clear,2
Been,2
above,2
grade,2
tear.,2
Amazing,2
automatic,2
CTS.,2
Pros:,2
plain,2
Cons:,2
dark,2
shocked,2
does.,2
Thanks!,2
"understand,",2
identify,2
Something,2
THINGS,2
WORKING,2
"style,",2
quantity,2
color.,2
hours.,2
specialty,2
recharging,2
Freon,2
"systems,",2
New,2
public,2
Lets,2
job!,2
nicely!,2
load,2
computer,2
identical,2
table,2
thoroughly,2
comprehensive.,2
owner.,2
Delivery,2
first!,2
"item,",2
range.,2
2014,2
Cruze.,2
Doing,2
net,2
kinda,2
sitting,2
lose,2
unlike,2
constantly,2
havent,2
dependable,2
brother's,2
Cherokee,2
packaged.,2
"older,",2
van.,2
out!,2
knows,2
"fast,",2
provide,2
Which,2
otherwise.,2
disappointed.,2
alternatives,2
stock,2
Basic,2
Daytona,2
Starts,2
"deep,",2
casual,2
this:,2
Spend,2
"motorcycle,",2
fresh,2
related,2
recent,2
Motorcycle,2
presented,2
value.,2
goods,2
customer.,2
extensively,2
format,2
Clymer,2
However,2
painting,2
REALLY,2
KEEP,2
prep,2
spray,2
marine,2
movements,2
chest,2
"32""",2
Long,2
wider,2
velcro,2
hopefully,2
pants.,2
dry.,2
wet.,2
package.,2
rains,2
comfortable.,2
Rain,2
traditional,2
Shipped,2
sizing,2
"looks,",2
anticipated.,2
outer,2
snug,2
gloves,2
Easily,2
constructed.,2
trip,2
"more,",2
July,2
5th,2
he's,2
wearing,2
"us,",2
unfortunate,2
weather.,2
sick,2
min,2
touse,2
placed,2
adds,2
LIKE,2
room.,2
space,2
"catcher,",2
summer,2
corner,2
Size,2
Cute,2
"love,",2
looking.,2
again!!,2
season,2
impression,2
rough,2
sister,2
pass,2
stickers.,2
portion.,2
face.,2
stickers!,2
birthday,2
Mom's,2
attitude,2
Applied,2
perfectly!,2
days.,2
writes,2
quick.,2
mess,2
peeling,2
falling,2
wash.,2
"material,",2
AGAIN,2
Small,2
definetly,2
"Great,",2
elements,2
area.,2
vtec,2
deal!,2
"decal,",2
cancer.,2
thanks!,2
"adhesion,",2
Being,2
"bold,",2
"durable,",2
window!,2
AWESOME!,2
signs,2
Scottish,2
Show,2
colors!,2
F-150.,2
Bright,2
combined,2
image,2
apostrophe,2
"""don't"".",2
turns,2
Gadsden,2
sure.,2
"strong,",2
"edges,",2
stick,2
appears,2
proudly,2
card.,2
"today,",2
conservative,2
100,2
washed,2
run.,2
brings,2
world,2
"person,",2
vibrant,2
brilliant,2
"colors,",2
years!,2
same.,2
Sticker,2
Holds,2
California,2
move,2
far!,2
Placed,2
recomend,2
great!!,2
sooner,2
value!,2
"easy,",2
sticker!,2
star,2
enemy,2
Speedy,2
Do,2
state,2
point.,2
terrific,2
style,2
grandmas,2
coordination,2
chains,2
Although,2
linking,2
hanging,2
creative,2
recalled,2
childhood.,2
"surface,",2
barrel.,2
becomes,2
challenging,2
games,2
Toy,2
goal,2
string,2
mouths.,2
grandchild,2
plays,2
delight,2
Classic,2
Over,2
Durable,2
kids.,2
George,2
enjoys,2
mother,2
enjoying,2
ten,2
toys.,2
admit,2
40,2
generation,2
"often,",2
granddaughter,2
game!,2
Loves,2
15,2
connection,2
arm,2
stories,2
surfaces.,2
Tech,2
"care,",2
WHEN,2
STRONG,2
running!,2
block.,2
nephew,2
4-wheeler,2
play!,2
Grandkids,2
due,2
Product.,2
powers,2
lightening,2
grand,2
6V,2
"dead,",2
unit,2
caterpillar,2
instructed,2
we'd,2
backup,2
powered,2
girls,2
anywhere,2
offering,2
works!,2
center,2
Toys,2
"homework,",2
Old,2
amp,2
modify,2
wheel.,2
F-150,2
30-45,2
"Battery,",2
Exact,2
grandsons,2
dual,2
barbie,2
waste,2
lightning,2
instead.,2
Did,2
find.,2
would.,2
performs,2
searched,2
toddler,2
His,2
electric,2
"going,",2
once.,2
drove,2
rechargeable,2
wheeler.,2
difference,2
slow,2
minute,2
motorized,2
seemed,2
"charger,",2
OK.,2
"Amazon,",2
connector.,2
winter,2
concave,2
sides.,2
line.,2
results,2
PARA,2
LOS,2
JUGUETES,2
QUE,2
MUY,2
performance.,2
days!,2
dragging,2
stopped,2
6-Volt,2
"over,",2
working.,2
Walmart.,2
SAVED,2
WELL,2
Amazon's,2
6volt,2
batt,2
fitting,2
charger.,2
fuse,2
fire.,2
add,2
Yet,2
recharge.,2
SYSTEM,2
EITHER,2
lasting,2
pads.,2
POLISHING,2
"BONNET,",2
"FLEXIBLE,",2
HOOK,2
LOOP,2
ADHESION,2
PROPERTIES,2
STRONG.,2
VALUE,2
PRICE.,2
polishing.,2
Cleans,2
maintains,2
fluffiness,2
the&nbsp;<a,2
Loop,2
washing,2
prior,2
grinder,2
separate,2
sander/polisher,2
Boy,2
we're,2
pre-filter,2
filtering,2
tape,2
Slipped,2
install.,2
polisher.,2
"first,",2
variable,2
swirl,2
marks,2
fuzz,2
DWP849X.,2
Meguiar's,2
"off,",2
edge,2
money!,2
trailer.,2
accessories,2
"durability,",2
finish,2
cons,2
ONLY,2
BEEN,2
WOOL,2
SINCE,2
PADS,2
paint.,2
Buffer,2
leaving,2
compound.,2
THEY,2
compounding,2
hook-n-loop,2
"thick,",2
"two,",2
duty.,2
Strong,2
measure,2
"another,",2
mounted,2
posts.,2
construction.,2
"job,",2
against,2
frequently,2
"enough,",2
jumpers,2
neat,2
stored,2
carries,2
Bucket,2
MUCH,2
"gauge,",2
Clamps,2
jump-start,2
clamping,2
12',2
JUMPING,2
NEED,2
secure,2
"cheap,",2
seat,2
"Sure,",2
ALWAYS,2
"feet,",2
handles,2
appear,2
reccomend,2
diesel,2
travel,2
shore,2
"once,",2
springs,2
4-gauge,2
"stiff,",2
maneuver,2
jumped.,2
guage,2
insulation.,2
jumping,2
overkill,2
UPDATE:,2
"honest,",2
degrees,2
flexible.,2
kit,2
connections.,2
"Well,",2
ga.,2
bag.,2
Next,2
longest,2
Or,2
capacity,2
4-ga,2
resistance.,2
"voltage,",2
distance.,2
drop,2
"""dead""",2
"cable,",2
starts,2
storing,2
foot,2
pulled,2
WE,2
lock,2
alligator,2
opportunity,2
"experts,",1
MC,1
that?,1
"description,",1
models.,1
learning,1
"youtube,",1
necessity,1
stocked,1
clarity.,1
Includes,1
"values,",1
Bonneville,1
motorcycle!!,1
rating,1
Value,1
hardcover,1
constant,1
re-tune,1
(1978,1
KZ650D,1
SR),1
"11,000+",1
Colorado.,1
messed,1
doing.,1
square-one,1
Plenty,1
inmates,1
ADV,1
map.,1
navigation.,1
ZUMO,1
strange,1
directions.,1
material!,1
sake,1
Beautifully,1
map!,1
Nor,1
Cal,1
(obviously).,1
tags,1
roads,1
scattered,1
"map,",1
ending,1
roads.,1
Cell,1
phone.,1
print,1
inhibited,1
both.,1
"Yellow,",1
"red,",1
orange,1
routes,1
Convenient,1
Keychain,1
secured,1
identifying,1
ferrous,1
removed}.,1
phenomenal,1
solid--it's,1
tube,1
stainless,1
steel.,1
magnetic,1
fallen,1
satisfying,1
insert,1
Inadvertently,1
detaching,1
unlikely.,1
inches,1
keys.,1
multi-pen,1
refill.,1
U1F,1
U4F,1
universal,1
----------------------,1
EDIT:,1
March,1
"15,",1
magnetization,1
changes,1
2014.,1
noted,1
below,1
uploaded.,1
"First,",1
picopen,1
"3""",1
"3.25"".",1
approximately,1
USB,1
shy,1
6.35,1
mm,1
jack...,1
prong,1
three-prong,1
"(sorry,",1
caliper,1
measurements).,1
"Second,",1
slightly.,1
smooth,1
cylinder.,1
"Third,",1
substantially.,1
shallowly.,1
gripped,1
Because,1
quarter,1
"tell,",1
stronger,1
choices,1
(though,1
pen).,1
"Fourth,",1
sliding,1
cylindrical,1
tube.,1
stops.,1
Though,1
"top,",1
"bit,",1
firmly.,1
"way,",1
pushing,1
reveals,1
springiness.,1
retractable,1
press,1
give/springiness.,1
whereas,1
give.,1
underneath,1
compress,1
causes,1
"Fifth,",1
"above,",1
multipen,1
sizes,1
"Picopen,",1
accepting,1
wiggle,1
"in,",1
Perhaps,1
suspect,1
capped--since,1
pressurized--whereas,1
hollow,1
pen!,1
(cross,1
8518-4).,1
Twice,1
separated,1
pockets,1
lucky,1
noticing,1
Instead,1
"keys,",1
zipper,1
pocket.,1
jot,1
whenever.,1
ink.,1
People,1
Absolutely,1
beauty,1
periods,1
you've,1
(I've,1
tried).,1
"""Waiter,",1
pen?,1
sign,1
"with.""",1
(Only,1
forever),1
PicoPen.,1
"(yes,",1
tense),1
enough!,1
"gone,",1
Kind,1
"disappeared,",1
bummer.,1
forgetful,1
pens,1
noticeable,1
minimal,1
wallet,1
tsa,1
Top,1
Cool,1
Great!!!,1
mostly,1
spin,1
keys,1
upside,1
whipped,1
cream.,1
3/15/2017-,1
Thought,1
DEFINITELY,1
many.,1
sight.,1
"light,",1
"tiny,",1
attaches,1
magnetically,1
securely.,1
serves,1
Tercel.,1
pertinent.,1
index,1
keep.,1
Depicts,1
parts.,1
names.,1
blindsided,1
portraits,1
scenarios,1
solutions.,1
PROS,1
3),1
person.,1
4),1
compliment,1
(look,1
eBay).,1
1999.,1
errors,1
improvements.,1
class,1
"Saturn,",1
"Thanks,",1
C.A.,1
"Louis,",1
MO,1
Saturn.,1
SL1,1
(1999),1
dashboard,1
reveal,1
"reach,",1
delay,1
pattern,1
bolts.,1
"cost,",1
"missing,",1
Setup,1
solutions,1
seasoned.,1
door,1
roller,1
doorhandle,1
sl2,1
99.,1
Rest,1
SL1.,1
"cases,",1
correct.,1
saturn.,1
welding-Excellent,1
//(*_*)\\,1
To:,1
<>,1
lgtec,1
hobby,1
weld,1
"welder,",1
welds,1
solid.,1
inherited,1
oxyacetlene,1
sorts,1
"gauges,",1
valves.,1
"questions,",1
answers.,1
"welding,",1
Ill,1
mine.,1
great...shows,1
saves,1
money.....Chrysler,1
"LHS,",1
"Concorde,",1
300M,1
'98'00,1
(Haynes,1
Series),1
respect,1
person!,1
assistance,1
alive?,1
luck!,1
mail.,1
much!!!,1
windsheil,1
"washer,i",1
manuel.,1
"working,",1
steady,1
nissan,1
altima,1
gxe,1
kindness,1
bless,1
naipaul,1
AC.,1
discretion,1
comprehend,1
"Somehow,",1
repairman,1
antone,1
a/c,1
diy,1
a/c.,1
hadn't,1
$600,1
$50.,1
charts,1
fundamentals,1
refrigeration,1
incorperated,1
neccessarily,1
interest.i,1
knowledge-good,1
haynes!!,1
conditionong,1
DIY's.,1
"good,explain",1
"step,if",1
rrelationship,1
htis,1
"easy,and",1
Physical,1
70s,1
era,1
confident,1
further,1
standards,1
chemicals.,1
haynes.,1
Several,1
upgrade,1
UPDATE-,1
updates,1
knows.,1
outdated.,1
slways,1
espevially,1
schematic,1
othrr,1
diagramd.,1
ourselves..,1
You.!!,1
Manual:,1
Covered,1
"Altima...,",1
"repairman,",1
smudges.,1
yellowed,1
yrs,1
"online,",1
heater,1
hose,1
firewall,1
side.,1
Hard,1
fender,1
sides,1
expert,1
certified,1
"lines,",1
typically,1
"wazoo,",1
tutorial,1
(if,1
time),1
esteem).,1
located.,1
explanations,1
How-To,1
Silhouette,1
driver,1
mirror,1
controller.,1
Mirror,1
controller,1
$18.,1
effort,1
(particularly,1
controller),1
replace.,1
guessing,1
$300,1
tax.,1
for?,1
scale,1
Novice,1
"Expert,",1
5.,1
spells,1
undertake,1
(have,1
rotate,1
garage).,1
"But,",1
"overall,",1
pre-read,1
swears,1
Chiltons.,1
welcomed,1
pot,1
rid,1
"228,000",1
"stated,",1
"""very",1
"good""",1
gently,1
"manual,for",1
wifes,1
Pontiac,1
Montana.,1
hates,1
"am,",1
meanest,1
prank,1
"pump,",1
cooling,1
"alternator,",1
intake,1
exhaust,1
name,1
ive,1
Afford,1
Venture,1
salvage,1
1997,1
Isuzu,1
Trooper.,1
led,1
expect.,1
Passport.,1
Explorer.,1
Manual's,1
hardly,1
Stuck,1
why?,1
out...,1
trick.,1
faction,1
break:),1
price/condition/shipping,1
EXCELLENT!,1
"""operate"".",1
shop?,1
Wouldn't,1
shows,1
"expect,",1
Technicolor,1
glory.,1
chapters,1
bicycle.,1
technologies,1
(Example:,1
kinds,1
brakes.),1
recommendations,1
money).,1
those:,1
explicitly.,1
(This,1
proficiency,1
mechanic's,1
tools.),1
periodically,1
technology,1
evolves.,1
maintenace,1
understnad,1
why.,1
biker's,1
backyard,1
Grand,1
Marquis,1
switches.,1
Fords,1
have...,1
arias,1
chilton's,1
Described!,1
date,1
"cd,",1
dvd,1
Park,1
Tool,1
BBB,1
"1,",1
repair).,1
follows,1
methods,1
car/truck,1
cruised,1
viewed,1
things:,1
include,1
descriptions.,1
Recommended,1
publications,1
"automotive,",1
"electrical,",1
What's,1
remarkable,1
profusely,1
revised,1
"2001,",1
latest,1
steel,1
framed,1
neede,1
Golf,1
given.,1
SOHC,1
v8,1
DOHC.,1
south,1
american,1
reccommended,1
biking,1
enthusists.,1
riding!,1
Chris,1
Sidwell's,1
"instructions,it",1
did!,1
"Clearly,",1
HAYNES,1
published,1
"1,000's",1
home-repair,1
100's,1
"cash,",1
80's,1
"90's,",1
"increasingly,",1
gadgets,1
computerized,1
"aspects,",1
remote,1
"starters,",1
boomerang,1
anti-theft,1
tracking,1
"devices,",1
"Specifically,",1
regards,1
glossy,1
desktop,1
publishing,1
arranging,1
"text,",1
"practical,",1
"introductory,",1
Part,1
TOOL's,1
weekend-course,1
"obviously,",1
sales,1
"volume,",1
acquire,1
"themselves,",1
LBS.,1
conclusion,1
high-end,1
"bikes,",1
MTB's,1
$1000's,1
low-,1
mass-marketed,1
example.,1
"walk-thru's,",1
"explanations,",1
lists,1
so-and-so,1
"situation,",1
200,1
wonderful.,1
BOOK!,1
"technics,",1
"hints,",1
"trade,",1
coloured,1
explained.,1
Mountain,1
Equipment,1
Coop,1
(near,1
[...]),1
wishes,1
Signed:,1
aspect,1
form.,1
mountain,1
authors,1
talking,1
"necessity,",1
manipulations.,1
"guide,",1
enhance,1
Craigslist,1
bargains!!!,1
"savings,",1
Local,1
"$30,",1
tax!,1
Sheesh!,1
missing.,1
adopted,1
Screw,1
Manual!,1
law,1
Middle,1
East.,1
merchandise,1
Satisfied,1
affordable,1
"son,",1
control,1
switch,1
(including,1
instructions),1
MD,1
"""job""",1
easier!!,1
Pictures,1
reading.,1
automobiles.,1
base,1
eager,1
Explanations,1
direct.,1
Language,1
mecanics.,1
facilitate,1
understanding.,1
Userful,1
Att.,1
Fernando,1
pre-owned,1
modifications,1
explorer.,1
From,1
"study,",1
informative.,1
Hynes,1
definitley,1
exactually,1
invaluable.,1
every.,1
Vehicle,1
Ive,1
corresponding,1
realy,1
sport.,1
"tattered,",1
copy.,1
need...Mike,1
labeled.,1
breaking,1
"anyone,",1
non-mechanics!,1
here...,1
tenth,1
dealer.,1
"Straightforward,",1
concept,1
deserves,1
Nobel,1
Prize,1
receipt,1
like-new,1
Neil,1
Roth,1
chrome!,1
guaranteed.,1
uses,1
dude,1
relevant,1
with.,1
supplementel,1
allot,1
hurry.,1
88,1
96,1
guides.,1
owns,1
styles,1
"train,",1
go-to,1
ect.,1
"LOT,",1
"very,",1
maintaining.,1
Unfortunately,1
year.,1
handled,1
volume,1
partially,1
"dismantled,",1
drawings.,1
"""check",1
"soon""",1
approx,1
confidentally,1
Personally,1
Grad,1
availible,1
Except,1
heh!,1
Rec'd,1
quick....description,1
overstated.,1
shipment.,1
provider,1
me!,1
referenced,1
sons',1
"puff,",1
23K,1
(Even,1
repairs).,1
ourselves.,1
opinion.,1
Theyre,1
Loaded,1
information!!,1
"radiator,",1
preserved,1
advertized,1
bothered,1
"saver,",1
would've,1
98,1
elbow,1
willingness,1
"190,000",1
"400,000",1
mighty,1
bookypu,1
stupid,1
Navigator,1
economy.,1
(easier,1
ones),1
$$$.,1
auto's.,1
lteredted,1
descibed,1
weak,1
F,1
effect,1
",thnx",1
Advertised!!,1
plugs.,1
cv,1
"boots,",1
omits,1
ie.,1
pins,1
shafts,1
legacy,1
tapered,1
hole.,1
holes,1
supra,1
system.,1
haynes...,1
pictures...,1
God,1
Bless,1
Yours,1
helpful!,1
Dakota,1
1998.,1
BUY!,1
book...great,1
installing,1
97,1
PU.,1
etc..,1
O'f__me,1
"autobone,",1
basis,1
Manuel,1
rating.,1
"common,",1
entry,1
speaks,1
publishers,1
modernized,1
layouts,1
"photographs,",1
diagrams--I,1
come.,1
Why,1
fingerprints,1
PRICE,1
web..saved,1
"female,",1
lived,1
manual...it,1
Works!,1
could!,1
Outside,1
"expected,,",1
"value,",1
paid.,1
lower,1
mistake.,1
Outback.,1
Subbie.,1
subie,1
"bent,",1
honesty,1
actually.,1
lays,1
processes,1
(with,1
savvy),1
HIGHLY,1
rite,1
previously,1
eagleretailers,1
ebay,1
address.,1
cancelled,1
week.,1
readers,1
change.,1
deciding,1
Hanes,1
"Chiltons,",1
2.2,1
subby,1
"garage,",1
relying,1
primarily,1
Youtube.,1
champ,1
progress,1
"own,",1
glosses,1
clueless,1
lost.,1
"said,",1
wagon,1
unique,1
Subarus,1
particular.,1
time-saver,1
frustration.,1
"liked,",1
opened,1
helpful--for,1
"instance,",1
confirmed,1
lifter,1
supports,1
ball-joint,1
"assembly,",1
wonders,1
satisfactory,1
"purposes,",1
"opinion,",1
completeness.,1
"And,",1
"non-professional,",1
Based,1
tear-down,1
"rebuild,",1
covering,1
"maintainence,",1
else.,1
complex),1
"Outbacks,",1
"1996,",1
"1998,",1
"2004,",1
"thermostats,",1
GENERAL,1
MAINTENANCE.,1
wins,1
ambiguity,1
"tricks,",1
warnings.,1
Diagrams,1
clearer.,1
"improvement,",1
Of,1
hack,1
amateur,1
Country.,1
Web,1
substitute,1
where.,1
ans,1
Voyager.,1
"runs,",1
happily,1
after.,1
Amen.,1
catalog,1
"detail,",1
"VALUE,",1
1.),1
suggests,1
input,1
MOST,1
NON,1
possess,1
(be,1
safely).,1
publishers',1
lawyer,1
insisted,1
"""seek",1
"input""",1
legal,1
liability,1
unqualified,1
attempting,1
care.,1
valid.,1
injure,1
render,1
unsafe,1
road.,1
2.),1
LOOK,1
THROUGH,1
IT.,1
Chilton's.,1
"removed,",1
sections.,1
CAUTION,1
mad,1
open.,1
USUALLY,1
at.,1
"logical,",1
pictures?,1
Thorough?,1
CHANCES,1
READ,1
thoroughly.,1
"(AWD,",1
Alternate,1
"Vehicles,",1
etc),1
Know,1
RIGHT,1
"year,",1
"make,",1
3.),1
encounter,1
"tool,",1
lunch,1
glass,1
"lemonade,",1
morning.,1
4.),1
automobiles,1
"sophisticated,",1
herself.,1
equipped,1
dispose,1
of.,1
THROW,1
DRAIN,1
BURY,1
BACKYARD!!!.,1
"Tires,",1
disposal,1
5.),1
WHO,1
MECHANICAL.,1
WRENCH,1
SET!,1
6.),1
Neither,1
Professional,1
(these,1
dollars).,1
(ASIN:,1
1563923580),1
"Caravan,",1
Voyager,1
1996,1
1999:,1
COVER,1
All-Wheel,1
Drive,1
Alternative,1
COVERS.,1
breaks,1
sections,1
options,1
(in,1
example:,1
"cylinder,3.0",1
3.3,1
3.8,1
V6),1
engines,1
positioned,1
locations,1
DIFFERENT,1
INSTRUCTIONS,1
utilize,1
"""take",1
"inside""",1
feature,1
.I,1
wiper,1
"blades,",1
aware,1
intelligent,1
anyway),1
Row,1
",fair",1
hasle.,1
OK,1
discolored,1
"somewhat,",1
torn.,1
non-fiction,1
art!,1
Passats,1
wiring.,1
comments,1
proceed.,1
Unlike,1
"belts,",1
cams,1
"hafts,",1
"Excellent,",1
MONIES,1
WORTH,1
Cheaper,1
advance,1
auto.,1
send.,1
plentiful,1
(thank,1
"goodness),",1
anything.,1
disconnected,1
ahem,1
curb,1
machine,1
"retailers,",1
online.,1
owners!,1
peals,1
layers,1
intimidating,1
approachable.,1
"hiccups,",1
tension).,1
concert,1
sources,1
shade-tree,1
tackle.,1
completeness,1
"VWs),",1
Bentley,1
pricier,1
"follow,",1
"copy,",1
worries,1
suggestions,1
vw,1
passat.,1
"Passat,",1
"bundle,",1
WV,1
DONT,1
TRUST,1
SHOPS,1
STEALERSHIPS),1
nook,1
cranny,1
Before,1
J.J.,1
gifted,1
edition,1
"""parts""",1
Gold,1
manufacturers,1
nein,1
danke.,1
PROMPT,1
feasible,1
projects.,1
step-by-step,1
"procedures,",1
Step,1
supplemented,1
Gonna,1
"Alright,",1
"here,",1
talks,1
(comparatively),1
ADDITION,1
complimentary,1
ratings,1
bolts,1
PLUS.,1
Basically,1
question,1
mark,1
equation,1
confidence.,1
"(""Have",1
screwed,1
tightening,1
bolt?,1
"it?!""",1
"silly,",1
shop.),1
complains,1
somehow,1
saying.,1
quarts,1
fluids.,1
Regular,1
schedules,1
such!,1
anyone!,1
should!,1
means.,1
shoot,1
filter.,1
How-to-Do,1
expenses,1
great..,1
seller..,1
Whenever,1
rates,1
areas.,1
ares.,1
price.....would,1
proved,1
make.,1
'simple',1
=,1
bank.,1
safe,1
master,1
"cylinder,",1
etc).,1
Tons,1
downs,1
"nissan,",1
usefull,1
mantain,1
automovile.,1
avg.,1
25-30k,1
2nd,1
owner),1
record,1
asking,1
Course,1
choice.,1
solution,1
"perfect,",1
transaction,1
info!,1
owned;,1
Probably,1
accessory,1
ANY,1
monkey,1
shops,1
"CHILTON,",1
domestic,1
imports,1
lack,1
"words,",1
expresses,1
4cycl,1
"6cycl,",1
4x2,1
4x4,1
repairs;,1
broad,1
trucks;,1
same;,1
individualizes,1
vehicle;,1
frontier,1
chassis,1
"Xterras,",1
specially,1
frontiers.,1
significantly,1
Shape.,1
Xterra.,1
(oil,1
"-,",1
pads),1
manual:,1
"done,",1
Frontier,1
"164,000",1
suspension,1
fog,1
"lights),",1
nail,1
head.,1
"Jeep,",1
Decent,1
1987,1
"Camry,",1
born,1
photo,1
....,1
conceivable,1
solving,1
arise.,1
Useful..,1
"for,",1
wrangler.,1
4tv2q34vt23,1
Condition!,1
disappoint,1
Seriously,1
Audi.,1
$2k,1
Two,1
"regulators,",1
Pcv,1
"valve,",1
.....,1
"non-mechanic,",1
jeep...,1
appreciated,1
LJ,1
Rubicon.,1
written.,1
"both,",1
Owner's,1
Bible.,1
maintainence,1
Camry.,1
literature,1
"Bentley,",1
headache,1
functions,1
moneys,1
worth.,1
Indispensable.,1
prime.,1
A4.,1
Reached,1
Son,1
jeep!!!!,1
"grandson,",1
Auto,1
Everrrrrrr.,1
Gives,1
historic,1
Camry,1
(did,1
price).,1
memento.,1
taillight,1
bulbs.,1
interval,1
descriptions,1
illustrated.,1
"work,",1
coolant,1
seasoned,1
thrown,1
designs,1
bizarre,1
A4s,1
B6,1
B7,1
"generation,",1
oftentimes,1
lacking-,1
absent,1
thing...,1
"out),",1
must.,1
gap,1
"settings,",1
bolt,1
"types,",1
"levels,",1
"numbers,",1
essential.,1
gnomes,1
seemingly,1
roaming,1
stealing,1
"forum,",1
"are,",1
reply,1
"""Read",1
"manual""",1
cases,1
99%,1
job-,1
minded,1
intend,1
"yourself,",1
crooked,1
bearings,1
blinker,1
reservoir.,1
dynamics,1
his/her,1
JEEP!,1
jeep...great,1
Wonderful,1
guide!,1
myself!,1
"owner,",1
(who,1
jeep).,1
contains.,1
have/own,1
cherokees,1
ticket.,1
2001.,1
gm,1
suv's.,1
usless,1
yourselfer.,1
Buy!,1
delighted,1
fees.,1
alone,1
"calipers,",1
"pads,",1
"rotors,",1
"carburator,",1
distributor,1
emissions,1
pin,1
points,1
interest.,1
phenomenal.,1
Matrix..........,1
discriptive,1
"replacement,",1
best...but,1
lately,1
ups,1
"utilize...moreover,",1
vids,1
norm,1
converter...,1
available...,1
labeled,1
carefully,1
trusted.,1
"vehicles,",1
civic!,1
Difference,1
visual.,1
enthusiast!,1
head-gasket,1
Stop,1
google,1
OBDII,1
scanner/reader.,1
headaches.,1
Breaks,1
they'd,1
hand.,1
jobs.,1
civic.,1
2009,1
99,1
CRV,1
Awesome!!,1
work.....,1
spent!!,1
Owned,1
proofed,1
Mechanics,1
helpful!!!,1
individual.,1
Pretty,1
Execellent,1
civivc,1
"Simple,",1
complete.,1
covered.,1
Granted,1
HOnda,1
Crv,1
humanity,1
falls.,1
Either,1
"or,",1
O'Reillys,1
$30+,1
state?,1
silly.,1
delivery!,1
Written,1
language,1
Procedures,1
accompanied,1
"$800,",1
maybe,1
periodic,1
chores,1
'check,1
engine',1
code,1
maladies,1
"remedies,",1
Note,1
DIY'ers:,1
panacea.,1
any),1
"Google,",1
desk,1
guy/gal's,1
advice.,1
lend,1
soon.,1
dose,1
writen,1
reed,1
clutch.,1
nature,1
DIYer.,1
effecting,1
'07,1
Mazda.,1
Saw,1
$30.,1
"""Whaaaaaaaaaaaaaaaaaaaaaat",1
dawg,1
"cray"".",1
cuz,1
whip,1
unbolted,1
paneling,1
apprehensive,1
tinkering,1
messing,1
"head,",1
increase,1
horsepower,1
modifications.,1
suggested,1
"36,000",1
"miles,",1
"point,",1
offered,1
(telephone,1
like).,1
photocopy,1
references,1
decisions,1
professional.,1
right-,1
"window,",1
weird,1
pleasant,1
investing,1
"Manuels,",1
bundle.,1
Haynes!!!!,1
analysing,1
whenever,1
depend,1
understood,1
directions/explanations.,1
tunes,1
UPS,1
adventures.,1
possibly,1
"Honestly,",1
"best,",1
guarantee,1
You'll,1
answers,1
auto-shop,1
inclined...I,1
taken,1
classes,1
relating,1
motors,1
jargon.,1
glossary,1
"effective,",1
called,1
50%,1
Couldnt,1
task,1
stars!!!!!!,1
anyways,1
d.i.y.,1
people.,1
coarse,1
oh,1
"yeah,",1
printing,1
reviewer.,1
"machanic,",1
moderate,1
Amason,1
hatchback.,1
penny,1
damn,1
hte,1
"civic,",1
"corvette,",1
dodge,1
dakota,1
"guides,",1
teardown,1
answered,1
atre,1
traveled,1
towns,1
Remember,1
costs.,1
symptoms/,1
Ask,1
skilled,1
WITHOUT,1
THESE,1
MANUALS!!!,1
Smooth,1
transaction.,1
Great!!!!!,1
cme,1
handy...AAAA+++,1
"skimping,",1
lota,1
"locate,",1
seeing,1
web.,1
we've,1
dealership.,1
assumed,1
"wrong,",1
carried,1
hhr.,1
"dealer,",1
"no,",1
granted,1
luck.,1
whim,1
was.,1
happier.,1
plans,1
electronics,1
"bulb,",1
aim,1
"headlights,",1
swap,1
cabin,1
capacities,1
fortune,1
capable,1
rover,1
dollar,1
2007.,1
Immediately,1
quicker.,1
bargain.,1
daily.,1
beginner,1
DIYers,1
matched,1
Cougar,1
autoparts,1
picking,1
"see,",1
"2010,",1
redesigned,1
virtually,1
FULL,1
redesign.,1
"Often,",1
releases,1
(e.g.,1
2010+),1
slapping,1
deftly,1
differences,1
2010+,1
2004-2009,1
model;,1
noting,1
user,1
Mazdaspeed,1
"Touring,",1
"Mazdaspeed,",1
heed,1
note.,1
driveway,1
"Once,",1
circuit,1
signal,1
(flashing,1
indicator),1
diagram,1
circuits,1
70's,1
Lincoln).,1
(The,1
"""squashed""",1
shorting,1
tray!!!),1
Optima,1
2004,1
assumes,1
"something,",1
Barely,1
procedure.,1
kia,1
possible!!,1
Actual,1
worthy!!,1
buy!!,1
materials.,1
dealers.,1
informational,1
others.,1
husbands,1
Jetta,1
Jetta.,1
rr,1
superhuman,1
intelligence,1
crazy,1
engineering,1
"fluid,",1
brakes.,1
absolute,1
mechanics;,1
know...,1
sleeping,1
needed;,1
$75,1
oil).,1
dang,1
recycled,1
crap.,1
fixed.,1
self-starters,1
"self-reliant,",1
teach,1
precious,1
TLC.,1
veteran,1
plethora,1
-It's,1
-Instructions,1
English,1
-Covers,1
"CTS,",1
diagrams!,1
-Some,1
instruction.,1
maual,1
GTI,1
EXPENSIVE!!,1
IPB's,1
resonable,1
Pays,1
library!,1
MINI,1
beats,1
Minis.,1
Helps,1
features,1
detailed!,1
"items,",1
agaibn,1
vendor.,1
"informative,when",1
reference.glade,1
pics.,1
Along,1
information...,1
$$$$$$$$,1
ask?,1
Delivery.,1
ALWAYS.,1
SHOWED,1
ME,1
FEW,1
DIDN'T,1
KNOW,1
ABOUT,1
MINI.,1
MUST,1
IF,1
PLAN,1
OWN,1
"CAR,",1
WHY,1
WOULDN'T,1
AT,1
$95.,1
PER,1
HOUR,1
GOOFY,1
MECHANIC,1
ROAD...,1
hoist,1
apts,1
garages,1
extensive,1
preventative,1
section.,1
statement,1
engineering!,1
improvments,1
2003,1
Cooper.,1
specializes,1
BMWs,1
Minis,1
$1650,1
$2000.,1
"$1200,",1
"compressor,",1
"clutch,",1
evaporator,1
$400.,1
specialize,1
non,1
"$450,",1
$1000,1
",4-6",1
labor.,1
evacuate,1
"professionals,",1
$1000;,1
shipment,1
Amazon....very,1
largely,1
considerable,1
remotely,1
"economy,",1
prepare,1
well-spent,1
4-Runner,1
servicing.,1
Still,1
CD,1
program,1
items.,1
truck...,1
contents,1
alphabetically,1
chapter...,1
"also,",1
challenging.,1
#,1
conditions,1
colorad,1
-arrived,1
reassemble,1
Colorado,1
introduced,1
ins,1
do-it-yourselfers.,1
Needs,1
falls,1
having.,1
obviously.,1
"fix,",1
grainy,1
deduct,1
star.,1
Told,1
do=it=yourself,1
By,1
consultation.,1
prompt.,1
20000,1
lot!,1
satisfied!,1
"quick,",1
services,1
schematics,1
troubles.,1
spent.,1
glancing,1
conduct,1
market.,1
accurate.,1
illustrations,1
Information,1
leading,1
Prius.,1
themselves,1
dealership/shops,1
"$1,300",1
quoted,1
hybrid,1
Maintain,1
pictures!,1
websites,1
years....,1
bored,1
down...,1
miles....,1
blew,1
road!,1
use...,1
(needed,1
Outback),1
fingertips...,1
"return,",1
"site,",1
returning,1
passing,1
along...,1
DIY's,1
outback.,1
Learned,1
laminated,1
tears,1
Subaru.,1
skimming,1
Delivered,1
course.,1
regretted,1
birthday.,1
well-organized,1
descriptive.,1
Promptly,1
mailed,1
expertly,1
"present,",1
WRX,1
STi,1
sportier,1
automobiles).,1
publisher.,1
Older,1
2011,1
printed.,1
sometimes,1
gide,1
giorgi,1
$200.00!,1
Hayes,1
visualize,1
rhe,1
"detail,it",1
needs...unless,1
$200.00,1
mind,1
parting,1
with!!,1
stores),1
thinner,1
"received,",1
Planning,1
radiator,1
Jerry,1
Conspiracy,1
"Theory,",1
"""Catcher",1
"Rye"".",1
enough.,1
Explains,1
Haynes...,1
complaint...got,1
"shipping,thanks",1
appreciated.,1
caravan,1
mechanic!,1
Buying,1
plentiful.,1
supplies,1
inestimably,1
"important,",1
inconvenient,1
hardware,1
ring,1
halfway,1
importantly,1
tackle,1
attempted,1
library,1
A+++,1
Advertised.,1
"exception,",1
smallest,1
action,1
rebuild.,1
skeptical,1
2013,1
Fusion,1
"Titanium,",1
mucho,1
"bueno,",1
"Maynard,",1
@#&%*,1
ouch,1
busted,1
knuckles,1
Try,1
Okeefs,1
done!!!,1
thumbed,1
book!!!,1
pictures..,1
Reference,1
"publication,",1
do-it-yourselfers,1
.......,1
Fantastic!,1
"shipment,",1
inside..big,1
gamble,1
anyway,1
cover.,1
"stolid,",1
resolved.,1
together!,1
machines,1
fearlessly.,1
owner/mechanic,1
protective,1
network.,1
GS,1
Model,1
inception,1
year!!,1
"advanced,",1
selfer.,1
"not,",1
world.,1
StreetTriple,1
carb,1
EFI,1
reader,1
topic.,1
work...,1
ya,1
lawn,1
mower,1
afta,1
this.....,1
gene,1
pool,1
favour,1
n,1
"it,...........................",1
Picture,1
"stripping,",1
"cleaning,",1
1979,1
together!!,1
"fuel,",1
choke,1
ignition,1
enthusiasts,1
budding,1
invariably,1
faults!!,1
"(tuning,",1
maintenance),1
intricate,1
combustion,1
"process,",1
specifically,1
carbs/fuel,1
injection.,1
"(Y2K),",1
Carb,1
Technical,1
"oldest,",1
injected,1
25th,1
collected,1
accuracy,1
hard-bound,1
20-30,1
Amoson,1
last.,1
estimated,1
arival.,1
imprest,1
purpose,1
"R65,",1
"capacities,",1
"chart,",1
"matters,",1
Rob,1
Real,1
third,1
R65LS,1
"""tight""",1
colour.,1
Photographs,1
small.,1
physically,1
Clymer.,1
layout,1
photographs.,1
improved,1
versions.,1
explanations.,1
smoother,1
How-too,1
frequesntly,1
conjuction,1
"complex,",1
examination,1
library.,1
Detailed,1
printed,1
presented.,1
R65,1
Cleaned,1
debris,1
cushions,1
dashboars,1
CLEANS,1
"WELL,",1
WIPE,1
"OFF,",1
BUT,1
PROBLEM,1
CLEANNING,1
definitively,1
leather,1
adhesive,1
resurface,1
Follow,1
prepping,1
significant,1
mold,1
stains,1
restored,1
stained,1
weathered,1
restrict,1
comparison,1
ST-6000,1
"5'9""",1
"38""",1
inseam.,1
arms.,1
lighter,1
"SR-6000,",1
liner,1
AS-3000,1
easier.,1
huge,1
zippered,1
gussets,1
legs,1
boots,1
"breeze,",1
cuffs,1
teh,1
sleeves,1
immensely.,1
SR-6000,1
leathers,1
rainsuit.,1
inseam,1
"stirrups,",1
"suspenders,",1
movement,1
restrictive.,1
set-and-forget,1
adjustable,1
elastic,1
permanently,1
SR-6000.,1
"better,",1
difference.,1
Nelson-Rigg,1
Boot,1
"Covers,",1
remain,1
waterproof,1
above-average,1
rainsuit,1
visibility,1
clothing.,1
Keeps,1
high-vis,1
colored,1
reflective,1
piping.,1
storm,1
"designed,",1
Met,1
"fitting,",1
Gear.,1
stops,1
ridding,1
Lightweight,1
water/wind,1
proof.,1
"rain,",1
highway,1
speeds.,1
relationship,1
result!,1
chart.,1
true.,1
"5'10"",",1
"205lbs,",1
"46""",1
waist.,1
Thicker,1
"space,",1
waterproof.,1
"Fast,",1
great...needed,1
coming,1
storms...got,1
quick!!!,1
Wore,1
Hugh,1
Downpour,1
Bone,1
Dry!!!,1
6ft,1
tall,1
220lbs,1
comfortably,1
jacket.,1
40-50,1
comfort..,1
look...and,1
"lightweight,",1
gear.,1
3X,1
clothing,1
waist;,1
adjustment,1
stretchable,1
band,1
Portland,1
share,1
Combining,1
boot,1
mornings,1
wind.,1
Water,1
Sturgis,1
Yellowstone.,1
buddy,1
warm.,1
7th.,1
"suit,",1
women's,1
thinks,1
cool!,1
it!!!,1
"dry,",1
lightweight,1
'uncool',1
Kept,1
pant,1
medium,1
Joe,1
Rocket,1
RS-2,1
Suit,1
raining.,1
"waterproof,",1
shirt,1
tire,1
ajusting,1
coat.,1
Steve,1
rainstorms.,1
A-I,1
5'4,1
B-The,1
unzipped,1
boots.,1
"warm,",1
riding.,1
rained,1
(except,1
"knee,",1
weird).,1
suit.,1
tge,1
suit!,1
"""just",1
"case.""",1
girly!,1
credit,1
art,1
cute,1
wall.,1
wedding,1
"photo,",1
touch.,1
VINYL,1
MURAL.,1
CANT,1
WAIT,1
UNTIL,1
PAINT,1
WALLS,1
PLACE,1
MURAL,1
WALL.,1
ACTUALLY,1
BIRD,1
ROOM,1
DECOR.,1
removes,1
little-bit,1
decor,1
beautiful!,1
filler,1
impress,1
decals.,1
gone,1
washes,1
nice!!,1
output,1
moped,1
catcher.,1
"big,",1
ill,1
point..on,1
bows,1
shiny,1
smoothly,1
"applying,",1
"thankfully,",1
somes,1
confused.,1
"Very,",1
"windsheild,",1
gorgeous.,1
sporty,1
want..,1
Sooo,1
Wait,1
Them,1
White,1
Car.,1
Way,1
Faster,1
Expected,1
Them.,1
stickers!!!,1
xtra,1
surprise!,1
HK,1
bow,1
adorable.,1
sharp,1
ability.,1
weighs,1
update.,1
Ride,1
Safe!,1
"husband,",1
slipping,1
Gets,1
Stoked,1
"grips,",1
yesterday!!,1
Feels,1
natural,1
installing.,1
lil,1
consuming,1
patients,1
Rubber,1
Necker,1
lights.,1
meaner,1
obiviously,1
custom,1
GSXR,1
grips.,1
prouduct,1
arived,1
laser,1
enhanced,1
spike,1
great...,1
hands...,1
thouht,1
dont...,1
too...,1
abt,1
mistake...,1
02,1
gsxr,1
turner,1
"great,easy",1
yet.....,1
triple,1
beautiful,1
slip.,1
",they",1
hurt,1
pockets.,1
Excellent.,1
everyone.,1
palms,1
penny..,1
stretchable/breathable,1
skull,1
face,1
image.,1
m,1
63,1
surprise.,1
Cat.,1
Putting,1
60mph,1
45mph,1
mornings.,1
all...,1
background,1
car....its,1
sellers....I,1
window.....I,1
accurately.,1
finger,1
truck.....I,1
them!!!!,1
suck,1
application,1
too....I,1
pack.,1
quailty,1
graphic,1
windshield.,1
funny!,1
courage,1
(usps,1
marked,1
delivered),1
rig.,1
Ps...I,1
hand/finger,1
Cat,1
"gift,",1
it..,1
rocket,1
science.,1
"4,",1
slice,1
awesomeness.,1
"Sonic,",1
extras,1
sporting,1
too:-),1
Hee,1
hee,1
two.,1
get....fits,1
cloud,1
superb.,1
cloudworks,1
"review,",1
deserve,1
coloring.,1
Decal..,1
Accord..,1
sharp..,1
"Made,",1
price..,1
them..,1
letter,1
"right,",1
eventually,1
pressure,1
stick.,1
wise,1
RA1,1
Braaaaaaaaaap!,1
improve,1
greatly.,1
Red,1
"black!,",1
V,1
d,1
c.,1
Legit,1
lighting,1
decent.,1
responsive,1
WILL,1
ORDER,1
Nice!,1
okay,1
decorate,1
y,1
V-tec,1
Cut,1
ladies,1
ride!,1
(Nice,1
though),1
Looked,1
RSX,1
picture.,1
Stay,1
OEM.,1
dope.,1
Handel,1
early.,1
placement,1
"Overall,",1
sticker...,1
'i',1
~,1
kicked,1
yo,1
email,1
tricky,1
look.,1
Shiping,1
confition,1
decals!,1
carton,1
envelope,1
placed.,1
"extra,",1
definetely,1
Powerful,1
represents,1
cure,1
family.,1
member,1
fights,1
adhesion.,1
Sedan.,1
"impresive,",1
thing!,1
car!!!,1
Thanks'...,1
Duane,1
Bobby,1
slapped,1
'em,1
2005,1
EX,1
EM2.,1
Matches,1
plastidipped,1
tinted,1
Ranger,1
"though,",1
transport,1
propane,1
grills?,1
crisp,1
lines.,1
well-made.,1
f-bomb,1
say...,1
scotland!,1
Andrew's,1
Cross.,1
Saltire.,1
Scotland's,1
U.N.,1
"Scottish,",1
Accurate,1
blue.,1
Perfect.,1
well-priced.,1
fade.,1
Andrews,1
One!,1
office,1
car...,1
"ancestry,",1
featuring,1
cross,1
"Andrew,",1
patron,1
saint,1
Scotland.,1
notebook.,1
Weather,1
"proof,",1
Rate,1
Scotland-Cross,1
Stars!,1
months.,1
several.,1
out:,1
sweet.,1
suggestion:,1
share!,1
(thick,1
"colors),",1
FREE,1
minimum,1
earn,1
(other,1
dinged,1
charges???),1
colors.,1
lettering.,1
Sticks,1
bubbles.,1
"brilliant,",1
"pleased,",1
Tread,1
backglass,1
shown.,1
Please,1
(as,1
September,1
"1st,",1
2015).,1
contacting,1
researching,1
flag's,1
"history,",1
apostrophe.,1
accepted,1
spelling,1
pains,1
"spelling,",1
"standards,",1
preserve,1
historical,1
accuracy.,1
they've,1
fading,1
impressive!,1
Thanks!!,1
Jack.,1
You!,1
clue,1
snake,1
slogan.,1
dangerous.,1
ool,1
beans,1
Florida's,1
sunshine,1
heat.,1
"bright,",1
across.,1
MADE,1
relays,1
"""WE",1
"PEOPLE""",1
vigilant,1
accept,1
abuses,1
government.,1
sticky.,1
ammo,1
cans,1
thick.,1
South,1
gun,1
fly,1
stripes.,1
Says,1
May,1
president!,1
Vivid,1
printing.,1
Solid,1
fly-by-night,1
operation.,1
"""fly""",1
Death,1
tyranny!,1
hasn't,1
peeled.,1
Tea,1
Party,1
hating,1
traffic,1
flashing,1
"""a",1
"sign""....",1
friends!,1
vast,1
majority,1
"""flag",1
"store""",1
censoring,1
this......,1
"awhile,",1
"faded,",1
Georgia,1
sun.,1
stands,1
positive,1
despite,1
request,1
political,1
statement.,1
Flag...and,1
today!,1
"camper,",1
flags,1
gym.,1
MMA,1
fighing,1
wipred,1
damageing,1
canada,1
terrorist,1
bombing,1
sticker:),1
ugly.,1
idiot,1
county,1
secede,1
"California,",1
opposition,1
obnoxious.,1
Decal,1
yeah,1
seller.!!,1
delivery.!,1
"anything,",1
"satisfying,",1
adhered,1
High-quality,1
while!,1
West,1
guys.,1
spreading,1
"Thick,",1
vinyl.,1
(yet),1
eh!,1
Cheers,1
Recieved,1
"Oh,",1
Canada!,1
durability.,1
Rained,1
winded,1
resolution.,1
Outstanding,1
sticky,1
losing,1
brightness.,1
pride.,1
deside,1
Love!,1
site.,1
pride...,1
Colors,1
"Actually,",1
posted,1
ad,1
lol,1
detail!,1
cool!!',1
Moved,1
"state,",1
CALI,1
license,1
plate,1
license!,1
"bumper,",1
products.,1
companies.,1
Cheap,1
Stickers,1
"coloring,",1
exterior,1
;),1
collection.,1
misdelivered.,1
"prompt,",1
"apologetic,",1
accommodating,1
rushed,1
"shiny,",1
souvenir,1
"dirt,",1
"mud,",1
"snow,",1
already!,1
Advertised,1
expecting.,1
"high,",1
applied.,1
Combined,1
misplaced,1
Native,1
Texan.,1
3X5,1
adhesive.,1
"intact,",1
bends,1
creases,1
estimated.,1
sunlight,1
fading.,1
10/2012,1
repeated,1
washes.,1
"is,",1
$3!,1
viewing,1
confidence!,1
native,1
Texan,1
employee,1
grew,1
Austin,1
Dallas.,1
"education,",1
"college,",1
"career,",1
"security,",1
retirement,1
benefits,1
vehicle's,1
"made,",1
rich,1
deep.,1
"promptly,",1
THANX!!!,1
"Durable,",1
boxes,1
yeti,1
cooler.,1
fenders,1
emprorium,1
sellers,1
dealt,1
"doubts,",1
don't!,1
Believe,1
perspective.,1
flag.....,1
'nuff,1
said.,1
Reiceved,1
early!,1
expat,1
hostile,1
territory,1
(NYC),1
Sturdy,1
Inks,1
wanted!,1
"shinny,",1
jet,1
ski,1
Adhears,1
bubbles,1
Yee-hah!!,1
Awesome!!!,1
FJ,1
Cruiser!,1
straightforward,1
application!,1
shipping!,1
buy!,1
Perfect...,1
Mess,1
Texas....,1
"""DON'T",1
MESS,1
"TEXAS""",1
YA,1
HEAR!!,1
Proud,1
Tough,1
Texas?,1
state!,1
decoration,1
bathroom.,1
decribed,1
perfext,1
indow,1
"Big,",1
intrusive.,1
homeland.,1
Exceeded,1
expectations;,1
high-gloss,1
Yankee,1
catch,1
Spirit,1
(that's,1
flock,1
here...),1
Mustang,1
Mustang..,1
mustang,1
anymore,1
daughter.,1
wallet!,1
Barrels,1
iy,1
moons,1
ago!,1
diminished,1
"kid,",1
today's,1
accumulated,1
(thanks,1
donkey,1
kong,1
barrell,1
thing).,1
imagine.,1
places!,1
imaginative,1
inspire.,1
dumping,1
aside.,1
similar,1
feelings,1
reflecting,1
"decided,",1
"instead,",1
attainable.,1
seven,1
frustrated,1
bored--try,1
hooking,1
barrel--still,1
(especially,1
one!),1
"""Barrel",1
"Monkeys""",1
"easiest,",1
simplest,1
marketed.,1
consists,1
grapefruit,1
filled,1
"monkeys,",1
extended,1
bent.,1
(You've,1
"Story,",1
"Monkeys,",1
genetic,1
memory.,1
forever.),1
looping,1
pick-up,1
"sticks,",1
monkey-based.,1
score,1
inherently,1
"funny,",1
loop-armed,1
moreso.,1
Consider,1
too:,1
/not/,1
Classic!,1
Hit,1
fun!,1
"with,",1
"and,",1
"course,",1
"2,",1
"mouths,",1
child,1
invidually,1
7.,1
enjoyed,1
Later,1
layer,1
enjoyable.,1
cute.,1
nostalgia,1
"reviewers,",1
weren't,1
old-school,1
"toy,",1
lost..lol.,1
ole,1
Fun.,1
coordination.,1
mission,1
trips.,1
baterries,1
electricity,1
required!,1
symmetric,1
Childhood,1
favorite!,1
christmas,1
decorations.,1
"monkeys,matchbox",1
soldiers,1
ect....,1
Fun,1
supper,1
adults,1
LOL,1
container,1
keg,1
Saint,1
Bernard.,1
Curious,1
themed,1
party,1
favors...,1
"was,",1
grandmother,1
Kid..,1
grands,1
excites,1
twelve,1
"barrel,",1
darn,1
2-year-old,1
grand-daughter,1
"Easy,",1
"classic,",1
changed.,1
Santa,1
approves.,1
elderly,1
child-,1
"'90s,",1
entertaining,1
"maybe,",1
red.,1
cabinet,1
knobs,1
such.,1
Non,1
screen,1
floor,1
youngest,1
oldest,1
theme,1
50th,1
lessons.,1
encorporate,1
"games,",1
team,1
"building,",1
learning!,1
Stuffies,1
Her,1
Dad,1
reminisced,1
memories,1
favorite,1
You.,1
'Toy,1
"Story""",1
preschooler.,1
year-old,1
LOVES,1
granddaugher,1
intended,1
bath,1
"float,",1
grow,1
mold).,1
basketball,1
addition.,1
introduce,1
patience,1
monkeying,1
Sunday,1
School,1
"room,",1
badly.,1
wait.,1
3rd,1
young.,1
scoring,1
winner,1
teaches,1
patience.,1
kids!,1
"old,",1
actaully,1
13,1
monkeys!,1
norm.,1
barrel!,1
"variety,",1
sends,1
random,1
"barrels,",1
requested,1
practice,1
games.,1
olds,1
skills.,1
Taking,1
placing,1
anyway!,1
Story,1
fanatic,1
price!!!,1
involved,1
linked,1
arm.,1
dumps,1
practices,1
counting.,1
glasses,1
hat).,1
specified,1
shortly,1
"concrete,",1
grass.,1
existing,1
incidentally,1
colour,1
"picture,",1
prepared,1
impatience,1
non-existent,1
"world,",1
800,1
"accessible,",1
e-mail,1
listed.,1
solve,1
BROTHER,1
HAD,1
NOW,1
17,1
KIDS,1
ENJOYED,1
PAST,1
YEARS,1
STILL,1
RUNNING,1
thxs,1
Grandchildren,1
vehicle!,1
batman,1
ATV.,1
competitive,1
"wow,",1
fasted,1
dumptruck,1
Fully,1
"overnight,",1
5+,1
operation,1
aftermarket,1
"wise,",1
"Delivery,",1
wins.,1
followed,1
"quickly,,",1
"spare,,",1
MAN,1
sight,1
joy,1
TOYS-R-US,1
.........excellent,1
Prompt,1
battrey,1
Reccommend,1
10.00.,1
purrfect,1
activity,1
quad,1
up!!,1
kids!!,1
"Pricing,",1
recharges,1
enjoyment,1
"wheeler,",1
Price.,1
nephews,1
precharged.,1
powerwheels.,1
Unit,1
Be,1
die.,1
3-4,1
Brought,1
nephews',1
offer,1
"included,",1
all!,1
taped,1
arr,1
longer.,1
great-niece,1
5yr,1
blast,1
wheels.,1
vague,1
type.,1
needed/wanted.,1
revitalizing,1
hand-me-down.,1
thrift,1
pleased!,1
"Item,",1
Tried,1
12v,1
modification.,1
ratting.,1
skid,1
steer,1
loader,1
arrived.,1
excited.,1
train,1
powering.,1
grandkids.,1
toddler's,1
makeover.,1
revive,1
childhoods,1
stepson,1
"17),",1
"14),",1
younger,1
"11),",1
(almost,1
3).,1
battery!,1
granddaughter's,1
disappointed,1
returnable!,1
crafty,1
expanded,1
long!!,1
20's,1
Powered,1
wells,1
"Awesome,",1
f150.,1
"town,",1
closest,1
1.5,1
projected..,1
fine...,1
children's,1
should..,1
me!!,1
"""vroom""",1
back!,1
80s,1
recalled.,1
Mattell,1
directed,1
rewiring.,1
later.,1
30-40,1
continuous,1
tossed,1
rove,1
"""jeep""",1
(1/2,1
-r,1
us),1
Power-Wheels,1
(http://www.fisher-price.com/en_US/brands/powerwheels/products/Power-Wheels-Ford-F-150-C3493),1
Goodwill,1
$15.,1
calling,1
PowerWheels,1
(800-348-0751),1
providing,1
approprite,1
verified,1
configurations,1
seller's,1
incorrectly.,1
cruising,1
sidewalk!,1
perfectly!!,1
deliver,1
AWESOME,1
Mine,1
"green,",1
wat,1
green,1
heat,1
"bottom,",1
Goo...,1
More....,1
Item.,1
Sent,1
life...,1
parents,1
know.,1
move.,1
Excellent!,1
atv,1
Granddaughter,1
grandson's,1
20-30minutes,1
(about,1
needed..,1
Wheel.,1
24,1
1-2,1
til,1
Correct,1
Grandson's,1
Jeep!!!!,1
options.,1
condtion,1
strong!,1
afternoon.,1
end.,1
dr.,1
undamaged.,1
6v,1
90's,1
"plug,",1
converted,1
socket.,1
recall.,1
specified...,1
excellent!!,1
exactLY,1
aS,1
EXPECTED,1
"shot,",1
popped,1
wheelie,1
smile.,1
Watching,1
priceless,1
Purchasing,1
extra.,1
Kkkkkkk,1
A++++++++++++.,1
later,1
advised,1
payment,1
Grandaughter,1
loving,1
Restored,1
usefulness,1
great!!!!,1
attention,1
span,1
"note,",1
"research,",1
Lightening,1
matches,1
gonna,1
Kids,1
it!!,1
perfert,1
Shipment,1
process.,1
kids',1
splice,1
connections,1
jave,1
Runs,1
now...,1
Mac-queen,1
THANK,1
reorder,1
like.,1
backhoe,1
"installation,",1
anywhrere,1
gteat,1
"trouble,",1
Lighting,1
maximize,1
potential.,1
cousin's,1
dad,1
desperately,1
cheap.,1
continues,1
entertained,1
work!,1
don;t,1
complained.,1
whom,1
"""Big",1
"Jake"".",1
"die,",1
low.,1
re-charge.,1
racked,1
Hot,1
"each,",1
pay.,1
"amazon,",1
chances,1
knock,1
offs.,1
everything!,1
"""tractor.""",1
discover,1
expiration,1
date.,1
A+++++++++++.,1
Sorry,1
sending,1
$30,1
us!,1
place.,1
plusseveral.,1
nearest,1
running.,1
over-night.,1
Seneca,1
River,1
"Trading,",1
Inc.,1
roll.,1
what's,1
Plugs,1
"constantly,",1
"quicker,",1
moved,1
"pace,",1
10-15,1
"""wheelies"",",1
45,1
purchase...,1
youngest.,1
ball,1
approve,1
indeed,1
Seller,1
Company,1
returned,1
"FOrtunately,",1
Dora,1
tomorrow.,1
operators,1
error....,1
questioning,1
"stupid,",1
"un-returnable,",1
credited,1
account..,1
WOW!,1
impressed!!,1
(6V,1
12V),1
forget,1
outgrown,1
Replaced,1
$30.00,1
$65.00,1
originally,1
emailed,1
expects,1
Update............battery,1
Check,1
basttery,1
grandaughters,1
Lowest,1
Ifound,1
recharges.,1
peoduct.,1
reasonable.,1
overnight.,1
Charge,1
cycle.,1
required.,1
ESPECIAL,1
TODOS,1
REQUIEREN,1
BATERIA.,1
BUENA,1
MARCA.,1
EXCELENTE,1
"PRECIO,",1
ECONOMICO,1
Y,1
SE,1
RECOMIENDO,1
QUIEN,1
TENGA,1
NECESITEN,1
BATERIA,1
BUEN,1
PRECIO.,1
asap,1
"would,",1
idle.,1
use!,1
batter,1
refurbish,1
Thunder,1
Monster,1
Truck.,1
$10.,1
4-year,1
toy!,1
Half,1
named,1
por,1
sitting.,1
stinks.,1
"guaranteed,",1
"very,very,very",1
hate,1
gentleman,1
Davidson,1
(PW),1
curb.,1
pricey.,1
man,1
Needless,1
Disney,1
Pixar,1
Car,1
children.,1
would!,1
Wheels!,1
Rechargable,1
percent.,1
also.,1
"breath,",1
"recommended,",1
steer.,1
drain.,1
ensure,1
mom,1
b/c,1
prayed,1
"steal,",1
discount,1
$65!!!,1
ordering.,1
"dad,",1
grandkids',1
whose,1
anymore.,1
failed.,1
"related,",1
Grandpa,1
now!,1
Rechargeable,1
Og,1
ecstatic,1
RESORT,1
FIX,1
RIDING,1
TOY.,1
WORKED,1
BUYING,1
HERE.,1
TOY,1
MONEY,1
]\,1
Followed,1
discharge.,1
wears,1
generic,1
batteres.,1
R,1
Us,1
"retail,",1
grandchilren.,1
rechargable.,1
rechargable,1
works.,1
reuse,1
Wheels.,1
3+.,1
Jazzy,1
(model,1
B2077),1
intention,1
Granddaughter.,1
original:,1
9.5,1
A-style,1
(dead),1
0081-0712,1
number.,1
Turns,1
replaces,1
obsolete,1
assure,1
mentioned.,1
performed,1
cheeper,1
Free,1
Saver,1
Shipping.,1
Products,1
sob,1
"Sorry,",1
fault.,1
(red,1
compatable,1
G-DAUGHTER'S,1
rechg'able,1
BLACK;,1
required;,1
identifiers,1
14AH,1
VALVE,1
REGULATED,1
RECHARGEABLE,1
BATTERY.,1
"6V,",1
WHEELS,1
RED.,1
answer,1
compatability,1
6Vbattery.,1
replies!,1
amazon.,1
Ended,1
paying,1
slower,1
kid(s),1
Nothing,1
worse,1
locally.,1
no-brainer,1
"NEWS,",1
GET,1
PICTURED,1
MODEL,1
"BOX,",1
DISPLAYED,1
PICTURE,1
OUTSIDE,1
BOX.,1
GETTING,1
LATEST,1
MODEL.,1
IMPORTANT,1
US,1
DUE,1
CONNECTIONS.,1
twins,1
19,1
sustains,1
proformance,1
dispite,1
unpleasant,1
appeared,1
Original,1
overheating,1
catching,1
system).,1
"Otherwise,",1
modding,1
"powerwheels,",1
respond,1
heartbeat.,1
Thanx,1
Walmart,1
leg,1
$12,1
few.,1
Brand,1
granddaughters,1
"stock,",1
hand-me-down,1
pictured.,1
reviewer,1
indicated,1
ours.,1
Wheels?,1
"house,",1
match.,1
rest.,1
slows,1
crawl,1
indicate,1
lenght,1
mention,1
empty,1
prolong,1
machine.,1
"Still,",1
fisher,1
IT!,1
second-hand,1
"friend,",1
"originally,",1
jazzy,1
hearing,1
nagging,1
dying,1
SECURITY,1
BULLDOG,1
KEYLESS,1
"VEHICLE,",1
CAN,1
SET,1
TALK,1
ALARM,1
ALSO,1
VIBRATION,1
DETECTOR,1
.ITS,1
DOOD,1
ALLOT,1
HUBBY,1
NEEDED,1
ONE.,1
USES,1
GREAT.,1
FAST,1
DELIVERY,1
PRICES.,1
another.,1
buffing/polishing,1
spur-type,1
cleaner,1
screwdriver,1
residual,1
buildup,1
"lot,",1
detailing...do,1
vehicles??,1
Simple,1
huh!?,1
-Jim,1
lesser,1
leaves,1
gloss.,1
"wax,",1
removed.,1
sander/polishing,1
thicker,1
lining.,1
gelcoat,1
"href=""/Makita-9237CX3-7-Inch-Variable-Speed-Polisher-Sander-with-Polishing-Kit/dp/B00OKEDW0M/ref=cm_cr_arp_d_rvw_txt?ie=UTF8"">Makita",1
9237CX3,1
Variable,1
Speed,1
Polisher-Sander,1
Polishing,1
Kit</a>&nbsp;once,1
Excellant,1
SUPER,1
LASTING,1
REMOVING,1
WAX,1
AFTER,1
APPLIED,1
DRIES,1
HARD,1
BRINGS,1
OUT,1
BEAUTIFUL,1
SHINE,1
Home,1
Depot,1
et'al....,1
lint,1
that....but,1
"usage,",1
go!!,1
743052-5,1
Hook,1
Back-Up,1
Kawasaki,1
840581,1
Amp,1
Sander,1
Polisher,1
avoid,1
"""fuzz",1
"balls""",1
develop,1
bonnets,1
dried,1
periodically.,1
backer,1
Typically,1
seldom,1
Gave,1
out...W/,1
boating,1
Compounded,1
waxed,1
w/,1
launched!,1
Air,1
series.,1
kennel.,1
airborne,1
lungs,1
cleaner.,1
air.,1
three-pocket,1
wrap,1
periphery,1
seal--something,1
12x24,1
furnace,1
dust.,1
Filter,1
ceiling,1
Performance,1
750-ER.,1
champ!,1
Reasonably,1
"must,",1
particles,1
seen.,1
woodworking,1
"""debuff""",1
flies,1
$,1
fiberglass,1
boats,1
disappear,1
wax.,1
saturated,1
"while,",1
spares,1
waxing,1
asks.,1
Fuzzy,1
concrete,1
4-5,1
polishes/waxes.,1
Makita.,1
5500,1
RPM.,1
Mobile,1
detailing,1
Less,1
outstanding,1
minimal.,1
buffer.,1
wonderfully,1
remarkable.,1
shine,1
Ultimate,1
Liquid,1
Wax,1
oz.,1
microfiber,1
towel,1
waxing.,1
1000RPM,1
pulsing.,1
hair,1
plastic.,1
Reorder.,1
gel,1
Doesnt,1
fling,1
matte,1
protected,1
fluff,1
everywhere,1
polish.,1
finishing.,1
brands,1
shaped.,1
wobble.,1
FANTASTIC,1
CUTTING,1
RECOMMEND,1
recommmended,1
"constructed,",1
soak,1
dish,1
detergent,1
wool.,1
Black,1
Decker,1
SHOULD,1
with!,1
money...great,1
supplier,1
promised,1
Uses,1
frequently.,1
highest,1
Allowed,1
luster,1
corian,1
countertops.,1
Pads,1
Polisher.,1
tools.,1
exceptions,1
sticking,1
manufacturer,1
renders,1
renders.,1
burn,1
marks.,1
techniques,1
"Ok,",1
wanna,1
totaly,1
satisfied....,1
Meguiars,1
ultimate,1
Sonax,1
abrasive.,1
(NOT,1
REALLY),1
looses,1
wooll,1
personaly,1
exaggerated.,1
Positive,1
CON,1
"GREAT,",1
WONDERFULL,1
SHINE.,1
JUST,1
CLEAN,1
SPUR,1
TOOL.,1
WASHED,1
MINE,1
DISH,1
SOAP,1
FINGER,1
"MIN.,",1
LET,1
AIR,1
DRY,1
OVERNIGHT,1
.LOOKS,1
BRAND,1
NEW.,1
BUFF,1
CLOSE,1
3M,1
MILWAUKEE.,1
BUFFING,1
"1978,",1
PREFER,1
FOAM,1
A.C.,1
DELCO,1
3INCH,1
RPM,1
BUFFER,1
TOO.,1
"around,",1
de-fog,1
headlights.,1
complain,1
conventional,1
buffing.,1
Buff,1
"(Makita),",1
usable,1
Finesse-it,1
II.,1
suppose,1
loaded,1
dipped,1
water.,1
differing,1
grades,1
residue,1
loop,1
38',1
shine.,1
secure.,1
zero,1
crevices,1
tilted,1
edge.,1
SEVERAL,1
MACHINE,1
HAS,1
WANTING,1
NEW,1
HIS,1
BROKE.,1
ALONG,1
TIME,1
PRICING,1
SHIPPING,1
",long",1
removal,1
"should,",1
"package,",1
flew,1
Lol,1
streaks,1
mirrors,1
ha,1
heavily,1
oxidized,1
Klutch,1
"buffer,",1
"5/8""",1
dia.,1
"arbor,",1
disks,1
Definately,1
lottsa,1
aggrivation,1
setting,1
curved,1
eliminate,1
possibility,1
burning,1
cleans,1
fork,1
"blow-off,",1
Wool,1
rubbing,1
gouging,1
surface.,1
tend,1
shed,1
hulls,1
fluffy,1
About,1
"lint,",1
lint.,1
"AAA,",1
"tangle,",1
kids...you,1
stranded.,1
flawlessly.,1
oxidation.,1
Schumacher,1
done!,1
distance,1
Package,1
claims,1
mid,1
(not,1
spare).,1
generous,1
loss,1
climates.,1
terminal,1
"pair,",1
"""quality""",1
board,1
equipment.,1
trailers!,1
clamps!,1
insulated.,1
Pair,1
Snap-On,1
Thick,1
"parked,",1
jumpers.,1
Recommended.,1
25-foot,1
cables;,1
grabbed,1
toss,1
stepdad,1
Philly,1
"reliable,",1
heavier-duty,1
recipient,1
bind,1
blocked,1
"else,",1
amazing,1
spending,1
$$$,1
completely-dead,1
(kid,1
weekend).,1
easer,1
nose-to-nose,1
jumps.,1
find!,1
Goes,1
Snap-on,1
870337,1
bulldozer,1
quality...work,1
Right,1
top-of-the-line.,1
dependable.,1
obviously,1
"Which,",1
"hopefully,",1
not....,1
agin!,1
exelent.,1
event.,1
junk,1
forward-facing,1
people).,1
cables!,1
"presentation,",1
testing.,1
"available,",1
wise.,1
ready.,1
"stomped,",1
cords,1
"twisted,",1
wires,1
misuse.,1
"summer,",1
putz,1
walk,1
Won't,1
"This,",1
"""heavy",1
"daughter,",1
pouch.,1
Xmas,1
accidentally.,1
Simi,1
cheapy,1
ago...,1
A1,1
price..and,1
"emergencies,",1
"inexpensive,",1
lol...,1
daily),1
sits,1
front?,1
terminals.,1
"Bag,",1
tidy.,1
skinny...,1
forEVER,1
great-,1
minutes!,1
-Loves,1
trials,1
hot.,1
blow,1
fuses,1
exciting,1
outdoor,1
stimulation,1
jerk,1
frank,1
Duty,1
Someone,1
motorist,1
cramped,1
post,1
Bag,1
spare.,1
tellin,1
necessarily,1
"limited,",1
"now,",1
LESS,1
beefy,1
"length,",1
boosting,1
easily!,1
wife's.,1
"rigid,",1
terminals,1
must-have,1
"""gauge",1
"cladding""",1
argument.,1
simple.,1
Done.,1
winter....,1
ignore,1
reviews...,1
fine!,1
distances....,1
recommend!,1
Cant,1
longevity,1
recently...,1
"died,",1
"""light",1
"duty""",1
"laughed,",1
heavy-duty,1
us--light,1
meant,1
"Luckily,",1
Wire,1
insulator,1
$40-50,1
12-volt,1
"winch,",1
ticket!,1
Keep,1
1/2,1
design.,1
hinged,1
screw,1
bites,1
unhinge.,1
yr.,1
fellow,1
associates.,1
associates,1
OUTSTANDING,1
WORK,1
CHAMP,1
HEAVE,1
CABLES,1
DON'T,1
LOSE,1
WOULD,1
THEM,1
HEART,1
BEAT,1
jump-starts,1
autos,1
seconds.,1
tag-a-long,1
towed.,1
decides,1
quit.,1
end-to-end.,1
Sometimes,1
town.,1
prevented,1
Needed,1
preferred,1
America.,1
"trucks,",1
forklifts.,1
coworker,1
Chinese,1
Disclaimer:,1
reviewing,1
solely,1
inspecting,1
"luck,",1
frozen,1
North,1
(Cleveland,1
here).,1
personally,1
cheap-o,1
juice,1
starter.,1
says.,1
Cars,1
amperage.,1
cranking,1
TON,1
juice.,1
Those,1
dainty,1
WM,1
Enter,1
semi.,1
spot.,1
adequate.,1
important.,1
insulation,1
flake,1
painful,1
workmanship,1
them:,1
"expectations,",1
Again,1
selection,1
8660,1
advertise,1
craftsmanship.,1
peoples,1
funny,1
anyone's,1
these......oh,1
"year),",1
regardless,1
side..,1
pack,1
borrowed,1
inspected,1
advertised.heavy,1
(I,1
use),1
tow,1
recharge,1
"hood,",1
tongue,1
tot,1
pinch,1
"power,",1
"solar,",1
generator,1
bucket,1
boss,1
footer,1
Perfectly!!!,1
EASILY,1
prepared!,1
"other,",1
distanced,1
boosted,1
"him,",1
difinately,1
cheapo,1
skinny,1
motorists,1
solidly,1
overall.,1
semi,1
farm,1
"flexable,",1
prefect,1
bulky.,1
Decided,1
Length/gauge,1
combination,1
suitable,1
application.,1
Clamp,1
Jaws,1
temper.,1
(30,1
aviation,1
engineer,1
mechanic),1
hood.,1
"choice,",1
ship.,1
packaging.,1
"$$$,",1
glowing,1
pos/neg,1
cues,1
gimmic,1
pos,1
"neg,",1
AAA.,1
bite,1
pole.,1
recommend...,1
cylinder,1
dad's,1
Cylinder,1
Lincoln,1
heard,1
engines.,1
substitute.,1
vender,1
beach-beater,1
"too),",1
effective,1
"cumbersome,",1
flow,1
joined,1
slack,1
"Fortunately,",1
finagle,1
"case,",1
eventually.,1
jumps,1
light-weight,1
wonderfully.,1
narrow,1
stall.,1
necesity,1
greocery,1
parrking.,1
utility,1
"boost,",1
"Heck,",1
reach.,1
guys,1
preventive,1
"emergency,",1
coiled,1
another!,1
em..........bought,1
gifts!,1
great--,1
china.,1
else's,1
"blessing,",1
farther,1
disabled,1
they'll,1
handy!,1
ride.,1
:(,1
NJ,1
Otherwise,1
mess.,1
wimpy,1
"clamps,",1
cardboard,1
"handle,",1
Recomend.,1
"href=""/Bucket-Boss-06009-Jumper-Cable-Bag/dp/B000022688/ref=cm_cr_arp_d_rvw_txt?ie=UTF8"">Bucket",1
Bag</a>.,1
hurts,1
prepared.,1
commuter,1
(you,1
are),1
Foot,1
let's,1
nose.,1
safer,1
highway.,1
None,1
"6,",1
Murano,1
Coldplay,1
concert.,1
December,1
"10,",1
neighborhood,1
Acura,1
MDX,1
popping,1
rolled,1
automatic.,1
"drama,",1
comedy,1
transmission.,1
(?),1
"Thankfully,",1
occasion,1
neatly,1
i've,1
compact.,1
Dear,1
All.,1
@,1
-22,1
Fahrenheit.,1
midsize,1
SUV.,1
Isolation,1
recommendations.,1
obvious,1
appropriately.,1
wife,1
"her,",1
"unravel,",1
threw,1
k2500,1
suburban,1
rear.,1
weight.,1
surprisingly,1
Box,1
"bilingual,",1
surdy,1
flaw,1
arround.,1
aluminum,1
(CCA),1
"folks,",1
pure,1
$150!,1
feet/4,1
$40.,1
"True,",1
trained,1
electrician,1
ga,1
$150,1
"lucky,",1
twice.,1
"Yup,",1
"""Polar",1
"Glow""",1
"glows,",1
(comes,1
"handle),",1
them...lol,1
"Solid,",1
"sale,",1
roommate,1
"started,",1
(20,1
feet),1
absolutley,1
Amazon!!!,1
Booster/Jumper,1
brick,1
morter,1
"store,",1
jumpers!,1
passer-by,1
"""jump""",1
lets,1
sizing.,1
pole,1
"wall,",1
street.,1
"""booster",1
"car""",1
w/o,1
manuver,1
akward,1
position.,1
diving,1
normal,1
gauge?,1
electricians,1
"engineers,",1
"decreases,",1
increases.,1
6-ga,1
"8-ga,",1
"6-ga,",1
isn't.,1
"sense,",1
heavist,1
can.,1
electrican,1
thumb.,1
electricty,1
Resistance,1
ultimately,1
determines,1
carry.,1
factor,1
"Temperature,",1
"conductor,",1
"load,",1
Temp,1
(HOT)...or,1
Conductor,1
"copper,",1
purity,1
mix,1
copper...good,1
Voltage...12VDC,1
system...probably,1
biggest,1
contend,1
travels,1
wire...so,1
Load,1
(Amperage)...it's,1
(more,1
less),1
Amperage,1
determined,1
300,1
Cranking,1
Amps.,1
distance...this,1
12VDC.,1
think.,1
6-liters,1
2-ga,1
summing,1
layman's,1
terms...considering,1
temperatures,1
"outside,",1
12VDC,1
power),1
drained,1
(something,1
MOVING,1
GOING,1
MOVE,1
compartment.),1
attach,1
directly,1
battery's,1
post.,1
rev,1
(starting,1
jumped.),1
reason...take,1
touch,1
battery!!!,1
"fire,",1
"burns,",1
explosion,1
damages,1
cables...,1
thoughts.,1
Protect,1
tangled,1
twist,1
oils,1
compartments,1
corrosive,1
rubber,1
jackets,1
contacts.,1
gold!,1
selection.,1
4-Gauge,1
feet.,1
"military,",1
currently,1
"reviews,",1
buddies,1
He's,1
star!,1
"heavy,",1
clips,1
conductive,1
"ends,",1
nitpicky.,1
carrier,1
spare,1
canvas,1
"had,",1
<a,1
"href=""/Arsenal-5888-Cable-Organizer/dp/B001AYCPAS/ref=cm_cr_arp_d_rvw_txt?ie=UTF8"">Arsenal",1
5888,1
Organizer</a>&nbsp;and,1
combo,1
girlfriends,1
dirty.,1
cables?,1
touched,1
happened.,1
"apart,",1
strip,1
conductor,1
reattach,1
"trick,",1
Normally,1
organized.,1
fastened,1
GENERATOR,1
BOOSTER,1
CABLE.,1
DOES,1
JOB,1
WELL.,1
PLEASED.,1
then.,1
"morning,",1
tackled,1
inside!,1
'snap',1
started.,1
"""good""",1
Sears.,1
"""remain",1
'x',1
"below"".",1
FIrst,1
class.,1
"Duty,",1
Store.,1
containers,1
Start,1
Utilimaster,1
Diesel,1
Down.,1
sever,1
Emergency.,1
parked.,1
Recently,1
grocery,1
spaces.,1
Worth,1
penny!,1
True,1
neighbors,1
self.,1
"8,",1
deteriorate,1
"place,",1
sparks.,1
"tight,",1
loaded.,1
SUV's,1
trucks.,1
Reviewer,1
C,1
melt,1
unusual,1
bargain,1
basement,1
scary,1
dangerous,1
acid,1
mix.,1
peace,1
"mind,",1
knowing,1
safely,1
tractors,1
offending,1
"clips,",1
occasions,1
forgot,1
therefore,1
eats,1
"however,",1
em',1
strand,1
wire!,1
acommodate,1
situations.,1
RV,1
amperage,1
upset,1
),1
coleman,1
TOO,1
compress.,1
IMHO,1
mid-size,1
operate,1
"smoothly,",1
transfer,1
MELT,1
thin.,1
"Colombia,",1
S.A.,1
"Anyway,",1
reputable,1
desired.,1
teeth.,1
"""jumper",1
"cables""",1
perhaps,1
Systems.,1
