to,1814
and,1364
a,1290
the,1256
gift,1198
I,990
for,907
was,695
it,623
card,568
easy,428
of,383
is,378
my,364
this,359
Amazon,349
that,312
in,300
you,277
print,269
so,255
can,245
on,229
have,220
This,219
It,218
what,213
very,205
with,200
they,200
great,196
an,193
out,190
cards,183
way,182
as,182
get,180
The,178
are,177
give,169
be,153
buy,152
loved,147
card.,144
from,141
use,137
purchase,137
at,137
gift.,136
perfect,131
able,128
Great,126
love,124
or,118
last,118
her,118
she,117
just,111
he,109
My,109
Gift,108
will,107
who,105
it.,105
had,103
not,102
minute,102
them,101
birthday,101
Easy,100
could,98
do,96
when,95
printed,95
like,94
would,88
any,87
all,86
know,85
really,84
always,82
Very,81
one,81
go,81
choose,80
has,79
something,74
your,72
more,72
but,72
their,71
no,70
quick,70
because,68
good,68
don't,66
someone,65
about,65
me,64
nice,63
his,63
send,62
loves,62
used,61
A,61
time,59
right,59
-,58
It's,58
person,56
than,55
recipient,54
happy,54
were,53
So,53
need,52
order,52
much,52
They,51
home,50
these,50
want,50
gift!,49
we,49
idea,49
"card,",48
books,48
it!,46
gifts,46
by,46
many,46
Thanks,46
made,45
own,45
convenient,45
again.,44
Perfect,44
find,44
amazon,42
pick,42
He,42
wanted,42
make,41
&,41
giving,41
Thank,41
print.,41
fast,40
Love,40
What,40
Amazon.,40
needed,40
best,40
bought,39
there,39
which,39
present,38
purchased,38
being,38
Kindle,38
if,37
especially,37
printing,37
how,37
received,37
You,37
friend,37
well,37
getting,36
anything,36
wrong,36
our,36
then,36
Christmas,36
And,35
cards.,35
it's,35
She,35
No,35
also,35
up,35
been,34
him,34
designs,34
didn't,34
exactly,34
got,34
easy.,34
shopping,33
cute,33
option,33
Always,33
gave,33
sure,32
card!,32
having,32
new,32
family,32
recommend,32
want.,32
makes,32
only,31
Card,31
liked,31
put,31
We,31
store,31
again,30
"gift,",30
design,30
using,30
wanted.,30
worked,29
printable,29
home.,28
am,28
shop,28
use.,27
day,27
better,27
choice,26
daughter,26
grandson,26
online,26
never,26
doesn't,26
time.,25
into,25
some,25
definitely,25
process,25
off,25
kindle,25
easy!,25
little,25
occasion.,24
gifts.,24
year,24
can't,24
without,24
When,24
think,24
Amazon!,24
simple,24
email,24
whatever,24
i,24
people,23
Everyone,23
son,23
hard,23
sent,23
too,23
choices,23
almost,23
Quick,23
everything,23
even,23
Good,23
most,23
before,23
buying,22
"it,",22
them.,22
personal,22
.,22
minutes,22
say,22
things,22
everyone,22
variety,22
receiver,22
convenient.,21
ease,21
If,21
pleased,21
did,21
mom,21
through,21
Nice,21
few,20
baby,20
fact,20
such,20
old,20
those,20
items,20
appreciated,20
needs,20
read,20
Will,19
wonderful,19
going,19
Just,19
ever,19
paper,19
wife,19
wants,19
receive,19
friends,19
Was,19
There,19
wedding,19
thank,19
select,18
wish,18
enjoyed,18
:),18
"print,",18
looked,18
same,18
went,18
options,18
out.,18
mail,18
thought,18
!,18
another,17
excellent,17
Would,17
easier,17
future.,17
Loved,17
every,17
convenience,17
spend,17
other,17
husband,17
certificate,17
recipient.,17
great.,17
I'm,17
minutes.,17
purchasing,17
avid,17
An,17
chose,17
different,17
Mother's,17
Who,17
I've,16
looking,16
book,16
birthday.,16
money,16
from.,16
couple,16
Cards,16
since,16
saved,16
anyone,16
lot,16
Can't,16
printer,16
ready,16
fun,16
purchase.,15
receiving,15
special,15
How,15
Kindle.,15
found,15
These,15
well.,15
making,15
do.,15
enough,15
leave,15
took,15
Excellent,15
first,15
pretty,15
computer,15
like.,15
look,15
thing,14
see,14
likes,14
item,14
download,14
both,14
its,14
5,14
perfect.,14
now,14
line,14
else,14
I'd,14
add,14
you're,14
available,14
mother,14
this.,14
amount,14
card?,14
thrilled,14
doing,14
problem,14
niece,13
ordering,13
shipping,13
knew,13
"easy,",13
nephew,13
where,13
Printed,13
too.,13
delivered,13
occasion,13
young,13
store.,13
live,13
keep,13
wait,13
you!,13
you.,13
TO,13
Birthday,13
greeting,13
selection,12
service.,12
shower,12
help,12
easiest,12
easily,12
less,12
kids,12
Amazon.com,12
does,12
Since,12
immediately,12
ordered,12
immediately.,12
favorite,12
might,12
after,12
absolutely,12
away,12
fold,12
service,12
Worked,12
uses,12
"Amazon,",12
give.,12
Day,12
present.,12
solution,11
Our,11
already,11
perfect!,11
anyone.,11
personalized,11
message,11
Fast,11
wasn't,11
fit,11
still,11
allows,11
couldn't,11
Christmas.,11
"purchase,",11
set,11
happy.,11
GIFT,11
gets,10
Not,10
write,10
back,10
within,10
shopping.,10
children,10
works,10
reading,10
highly,10
come,10
lots,10
stores,10
want!,10
Recipient,10
music,10
done,10
everything.,10
FOR,10
away.,10
delighted,10
As,10
appreciated.,10
"everything,",10
work,10
holiday,10
mail.,10
ability,10
enjoy,10
use!,10
idea.,10
last-minute,10
"convenient,",10
cards!,10
super,10
forgot,10
needed.,9
lives,9
me.,9
next,9
free,9
often,9
give!,9
IT,9
glad,9
waiting,9
granddaughter,9
take,9
personalize,9
gives,9
recipients,9
need.,9
us,9
Mom,9
appropriate,9
long,9
Makes,9
pay,9
her.,9
welcome,9
mailed,9
problems,9
"Easy,",9
nice.,9
given,9
thinking,9
quickly,9
over,9
excited,9
Got,9
came,9
online.,9
--,9
looks,9
"idea,",9
sister,9
friends.,9
law,9
two,9
boy,8
for.,8
"amount,",8
certificates,8
instantly,8
credit,8
occasions,8
"quick,",8
goes,8
In,8
cute!,8
With,8
website,8
extremely,8
difficult,8
asked,8
sending,8
email.,8
nothing,8
quite,8
appreciate,8
Highly,8
folded,8
color,8
family.,8
big,8
someone.,8
feature,8
"books,",8
Bought,8
short,8
type,8
fine,8
beautiful,8
All,8
day.,8
Lots,8
inside,8
certainly,8
pleased.,8
worry,8
Convenient,8
graduation,8
ask,8
number,8
perfectly.,8
buy.,8
handy,8
GREAT,8
stock,8
:-),8
again!,8
AND,8
said,8
actual,8
continue,8
read.,8
cool,8
reader.,8
spending,8
him.,8
"statuses,",8
huge,7
hit,7
Nothing,7
let,7
customer,7
wouldn't,7
once,7
rather,7
high,7
running,7
easier.,7
books.,7
kindle.,7
leaving,7
"order,",7
"home,",7
But,7
products,7
done.,7
home!,7
living,7
save,7
LOVE,7
searching,7
grandchildren,7
awesome,7
2,7
parents,7
design.,7
each,7
choice.,7
real,7
Day.,7
Being,7
seem,7
Print,7
stuff,7
Needed,7
Many,7
instructions,7
picture,7
Wish,7
several,7
under,7
hassle,7
Perfect!,7
thanks,7
gifts!,7
college,7
"gifts,",7
friend.,7
delivery,7
access,7
giftee,7
comes,7
customize,7
message.,7
That,7
send.,7
Happy,7
get.,7
denomination,7
THE,7
celebrate,7
isn't,7
"use,",7
future,7
create,7
life,7
"great,",7
together,6
except,6
times,6
product,6
minutes!,6
may,6
Purchased,6
one.,6
grand,6
spent,6
Didn't,6
choices.,6
choosing,6
Such,6
turned,6
seemed,6
realize,6
prints,6
"Amazon.com,",6
giver,6
overseas,6
age,6
more.,6
minute.,6
figure,6
instead,6
town,6
takes,6
large,6
bride,6
second,6
dad,6
"store,",6
until,6
place,6
trip,6
Purchasing,6
go.,6
year.,6
decided,6
figured,6
thing.,6
Best,6
styles,6
deliver,6
Of,6
clear,6
please,6
e-mail,6
years,6
"you,",6
10,6
giftcard,6
Used,6
option.,6
recently,6
far,6
house,6
should,6
I'll,6
wants.,6
review,6
"cards,",6
holidays,6
occasions.,6
"Plus,",6
Made,6
photo,6
that's,6
Wonderful,6
part,6
format,6
envelope,6
Thanks!,6
computer.,6
Had,6
giving.,6
Exactly,6
Its,6
Simple,6
brother,6
tell,6
forward,6
picking,6
ebooks,6
person.,6
love.,6
actually,6
include,6
Especially,6
why,6
given.,6
words,5
older,5
nicer,5
Cute,5
customized,5
Now,5
days,5
code,5
Ordered,5
beat,5
list,5
son's,5
teacher,5
store!,5
"cute,",5
Card.,5
added,5
stars,5
"minutes,",5
cannot,5
simple.,5
late,5
seems,5
personal.,5
redeem,5
usually,5
occasion!,5
done!,5
Amazon's,5
Last,5
plus,5
kind,5
themselves,5
Have,5
saves,5
$10,5
child,5
"out,",5
transaction,5
picked,5
available.,5
recipient!,5
shopper,5
immediate,5
hours,5
job,5
information,5
shop.,5
surprised,5
opportunity,5
THIS,5
WAS,5
dollar,5
purchases,5
line.,5
totally,5
size,5
redeem.,5
site,5
allow,5
Everything,5
range,5
either,5
gifting,5
graduate,5
(and,5
"get,",5
whole,5
perfectly,5
trying,5
etc.,5
providing,5
others,5
various,5
one!,5
offer,5
designs.,5
method,5
house.,5
cute.,5
15,5
Great!,5
fits,5
attractive,5
account,5
account.,5
Works,5
particular,5
colorful,5
"Day,",5
needs.,5
day!,5
certificate.,5
allowed,5
Father's,5
Well,5
run,5
while,5
via,5
For,5
..,5
Super,5
shops,5
adult,5
Couldn't,5
down,5
myself,5
along,5
son-in-law,5
printer.,5
these.,5
party.,5
load,5
MY,5
returned,5
forgotten,5
these!,5
definately,4
problem.,4
note,4
print!,4
"Christmas,",4
wanted!,4
"So,",4
"way,",4
believe,4
offered,4
snail,4
Your,4
extra,4
baby.,4
busy,4
One,4
blah,4
gotten,4
too!,4
feel,4
lovely,4
delivery.,4
"And,",4
amazon.,4
quick.,4
hear,4
later,4
"Thanks,",4
girl,4
touch!,4
ones,4
$25,4
groom,4
games,4
Valentine's,4
"this,",4
me!,4
"course,",4
grandparents,4
distance,4
address,4
impressed,4
plan,4
helped,4
selection.,4
Let,4
satisfied,4
GIFT.,4
sells,4
Instant,4
open,4
"time,",4
end,4
ideal,4
"all,",4
"Quick,",4
fight,4
school,4
value,4
on-line,4
placed,4
"wanted,",4
prefer,4
useful.,4
miles,4
wide,4
here,4
everything!,4
learning,4
e,4
service!,4
remembered,4
convenient!,4
Easily,4
single,4
Get,4
fast.,4
Gave,4
secret,4
party,4
anything.,4
also.,4
"fast,",4
nicely,4
hurry,4
EASY,4
PRINT,4
say?,4
everyone.,4
birthdays.,4
deal,4
"me,",4
"data-hook=""product-link-linked""",4
"class=""a-link-normal""",4
cover,4
easily.,4
popular,4
city,4
date,4
convenience.,4
rate,4
hand,4
envelope.,4
"online,",4
digital,4
Also,4
"birthday,",4
instant,4
great!,4
small,4
knowing,4
whom,4
mother's,4
known,4
"year,",4
site.,4
Like,4
ink,4
"up,",4
was.,4
daughter.,4
enjoys,4
sign,4
emailed,4
Excellent!,4
ever!,4
greatest,4
received.,4
Fun,4
money.,4
Then,4
Prints,4
realized,4
pleasure,4
try,4
click,4
reader,4
~,4
Thanks.,4
neat,4
Easiest,4
course,4
grocery,4
heart,4
sure.,3
Both,3
finding,3
town.,3
Definitely,3
started,3
"Cards,",3
included,3
items.,3
quality,3
though,3
regular,3
Card!,3
experience,3
"birthdays,",3
he'd,3
content.,3
five,3
Buying,3
matter,3
anywhere,3
wonderful.,3
voucher,3
mail!,3
told,3
14,3
Fire,3
that?,3
graphics,3
nicely!,3
out!,3
"nice,",3
whose,3
there's,3
easier!,3
expecting,3
love!,3
cant,3
mine,3
steps,3
quickly.,3
rock!,3
US,3
Instead,3
glossy,3
(that,3
waited,3
whether,3
solution.,3
Amazon!!,3
shower.,3
"want,",3
"Also,",3
recipients.,3
expected.,3
enclose,3
product.,3
times.,3
hope,3
Halloween,3
showed,3
price,3
care,3
pictures,3
impersonal,3
choose.,3
selecting,3
anniversary,3
style,3
"book,",3
newly,3
us.,3
simple!,3
option!,3
lifesaver,3
4,3
myself.,3
"Great,",3
efficient,3
show,3
"reader,",3
"minute,",3
"design,",3
entire,3
transaction.,3
gender,3
paid,3
log,3
prices,3
certain,3
around,3
national,3
3,3
HELP,3
months,3
"occasion,",3
arrive,3
paying,3
Awesome,3
computer!,3
received!,3
plastic,3
lines,3
treat,3
choice!,3
name,3
Can,3
college.,3
school.,3
!!,3
quality.,3
appropriate.,3
"well,",3
quick!,3
surprise,3
sons,3
provided,3
"printer,",3
bring,3
recipient's,3
version,3
served,3
endless,3
folds,3
ANYONE,3
AS,3
IS,3
Sure,3
tried,3
yr,3
complete,3
business,3
obtain,3
mothers,3
form,3
return,3
invited,3
answer,3
inside.,3
birthdays,3
currently,3
useful,3
anyone!,3
"quickly,",3
hit.,3
fine.,3
"like,",3
enables,3
immediately!,3
welcomed,3
Ordering,3
12,3
giftcards,3
here.,3
Amazon.com.,3
east,3
letting,3
towards,3
Did,3
At,3
heavy,3
provides,3
met,3
app.,3
receiver.,3
Easy!,3
guessing,3
plenty,3
expensive,3
What's,3
directly,3
freedom,3
Met,3
thier,3
"immediately,",3
time!,3
saving,3
hubby,3
20,3
truly,3
thanks.,3
recommended!,3
teen,3
thats,3
game,3
space,3
",",3
coming,3
AMAZON,3
presentation.,3
members,3
feature!,3
costs,3
touch,3
multiple,3
Mothers,3
bunch,3
design!,3
"certificate,",3
enjoy.,3
helps,3
gratification,3
presents.,3
Received,3
charges,3
expect,3
company,3
Don't,3
worth,3
Probably,3
mailing,3
selections,3
including,3
;),3
it!!,3
fill,3
later.,3
fulfill,3
!!!!,3
again!!,3
Getting,3
present!,3
Really,3
Perfect.,3
"for,",3
Recipients,3
They're,3
"expected,",3
well!,3
alternative,3
for?,3
decide,3
mostly,3
herself,3
past,3
"product,",3
won't,3
while.,3
Hard,3
drive,3
father,3
purchased.,3
reliable,3
shopping!,3
ON,3
Use,3
AMAZON.,3
colors,3
After,3
literally,3
people.,3
user,3
9,3
Card?,3
Buy,3
"Yes,",3
Liked,3
solve,3
Easter,3
standard,3
"identities,",3
grandson's,3
ended,3
suit,3
LOVES,3
relatives,3
father's,3
On,3
beats,2
2nd,2
sent.,2
transport,2
bought.,2
graphic,2
brainer,2
for!,2
Ideal,2
fit!,2
card-,2
spur,2
like?,2
speed,2
confirmation,2
teachers,2
Graduation,2
"useful,",2
days.,2
"happy,",2
boyfriend,2
"purchased,",2
downloaded,2
"convenience,",2
I.,2
"notes,",2
enter,2
his/her,2
"costs,",2
Within,2
ahead,2
niece's,2
brother's,2
household,2
"item,",2
logged,2
created,2
themes,2
EXCELENTE,2
"shipping,",2
Perfect!!,2
across,2
country.,2
nephew.,2
list.,2
VERY,2
knows,2
Three,2
(I,2
gift;,2
Shopping,2
saw,2
stop,2
that!,2
ok,2
charge,2
Arrived,2
let's,2
gift..,2
associated,2
print-at-home,2
link,2
full,2
PDF,2
Ease,2
first.,2
gas,2
$10.,2
cash,2
Baby,2
allergic,2
house!,2
min,2
"mail,",2
complaints.,2
muss,2
motif,2
opened,2
club,2
excelent,2
presents,2
kept,2
Marketplace,2
arrived,2
straightened,2
fixed,2
go!,2
candy,2
"am,",2
play,2
called,2
notice,2
recommend!,2
People,2
clothing,2
"pleased,",2
son-in-law's,2
fantastic,2
occassion.,2
kids.,2
preference.,2
appreciative.,2
dedicated,2
writing,2
copy,2
ebook,2
mailed.,2
valentine,2
together.,2
Having,2
"attractive,",2
affordable,2
Beautiful,2
appreciative,2
appreciation,2
part.,2
advertised.,2
much.,2
coworker,2
activate,2
need!,2
process.,2
probably,2
LAST,2
MINUTE,2
"printed,",2
belated,2
hostess,2
employee,2
face,2
alot,2
thanking,2
she's,2
Why,2
"size,",2
"color,",2
grad,2
versatile.,2
color.,2
regardless,2
is.,2
bag,2
"box,",2
"simple,",2
overseas.,2
"Simple,",2
graduate.,2
JUST,2
"""card""",2
enjoying,2
effective,2
color!,2
buyer,2
tangible,2
reminder,2
written,2
world,2
company's,2
retailer,2
"AMAZON,",2
"wants,",2
"needs,",2
simply,2
celebrant,2
grad.,2
spend.,2
"do,",2
"personalized,",2
idea!,2
nieces,2
nephews,2
"college,",2
unless,2
seconds,2
cousin's,2
prices.,2
ANYONE.,2
required,2
are.,2
all.,2
(especially,2
"day,",2
lets,2
services,2
varied,2
stupid,2
before.,2
fast!,2
charm!,2
nice!,2
Holiday,2
season.,2
"Card,",2
redeeming,2
employees,2
efficient.,2
"recipient,",2
ways,2
directions,2
he/she,2
matte,2
title,2
colored,2
ink.,2
Santa,2
thoughtful,2
bill.,2
stocking,2
hit!,2
AT,2
things.,2
possibilities,2
sooo,2
themselves.,2
celebration,2
change,2
"Sure,",2
harder,2
son.,2
spot.,2
chance,2
"pretty,",2
mom.,2
post,2
response,2
excellent.,2
dinner.,2
"usual,",2
following,2
handed,2
stationed,2
do!,2
"href=""/Amazon-com-Gift-Cards-Print-at-Home/dp/BT00DDC7BK/ref=cm_cr_arp_d_rvw_txt?ie=UTF8"">Amazon.com",2
Home</a>,2
satisfaction,2
hold,2
turn,2
more!,2
"want""",2
"line,",2
that.,2
"However,",2
therefore,2
"sun,",2
myself!,2
esp,2
Mom's,2
anywhere.,2
Amazon!!!,2
selections.,2
"here,",2
concept,2
...,2
promotional,2
important,2
Plus,2
neighbor,2
Folding,2
colorful.,2
13,2
personally,2
designed,2
$20,2
delighted.,2
book.,2
fly,2
giver.,2
secondary,2
fails,2
friendly,2
buys,2
source,2
colors.,2
stock.,2
winner!,2
savvy.,2
covers,2
offers,2
recognize,2
timely,2
manner.,2
pint,2
yourself,2
issues,2
"thought,",2
listed,2
stopped,2
cardstock.,2
aware,2
Amazon?,2
airplane,2
slipped,2
"easily,",2
right.,2
presentation,2
offering,2
types,2
moving,2
wedding.,2
accompany,2
way.,2
besr,2
receive.,2
printout,2
keeps,2
minuet,2
traditional,2
Awesome.,2
"email,",2
stylus,2
brand,2
ago.,2
Pretty,2
varying,2
amazing,2
maybe,2
Gummi,2
birthday?,2
blank,2
Handy,2
file,2
video,2
"game,",2
"choices,",2
carry,2
all!,2
say.,2
"choice,",2
deliver.,2
granddaughters,2
reads,2
easy...,2
saying,2
clue,2
"Now,",2
morning,2
upon,2
mind,2
solved,2
numbers,2
number.,2
Santa's,2
Internet,2
additional,2
Still,2
christmas,2
helpful,2
car.,2
unlike,2
order.,2
state,2
it?,2
happily.,2
x-mas,2
whenever,2
filled,2
bind,2
signed,2
"friend,",2
missing,2
"bought,",2
of.,2
"money,",2
mejor,2
es,2
100%,2
y,2
appears,2
hesitate,2
husband.,2
ball,2
"href=""/Amazon-com-Gift-Cards-E-mail-Delivery/dp/BT00DC6QU4/ref=cm_cr_arp_d_rvw_txt?ie=UTF8"">Amazon.com",2
E-mail,2
Delivery</a>,2
Extremely,2
although,2
festive,2
male,2
"on,",2
there.,2
feature.,2
picky,2
others.,2
Gift.,2
"also,",2
complete.,2
mention,2
owns,2
Every,2
"make,",2
prompt,2
ship,2
beautifully,2
sister-in-law,2
Could,2
they'll,2
considering,2
Italy.,2
selected,2
Amazon.com!,2
"registry,",2
ideas,2
car,2
Printable,2
bright,2
Looks,2
availability,2
nicely.,2
professional,2
GC,2
"pinch,",2
one!!!,2
appreciated!,2
notice.,2
hurry.,2
fun!,2
library,2
entertainment.,2
everyone!,2
daughter-in-law,2
product!,2
"games,",2
hadn't,2
u,2
piece,2
paper.,2
them!,2
hesitant,2
"ink,",2
blast,2
strings,2
Grandaughter,2
yet,2
personalizing,2
ANYTHING,2
gift?,2
Live,2
disappointed.,2
fold.,2
"colors,",2
brother-in-law,2
felt,2
door,2
dear,2
thrilled.,2
direct,2
beautiful.,2
started.,2
today,2
sister's,2
:,2
),2
to.,2
often.,2
moment.,2
changed,2
phone,2
completed,2
"house,",2
Ecard,2
perfectly!,2
page,2
accurate,2
grandsons,2
format.,2
half,2
fortune,2
forget,2
smile,2
eye,2
promptly,2
so.,2
possibly,2
"Fast,",2
physical,2
recepient,2
record,2
member,2
simplicity,2
YOUR,2
PERSON,2
FROM,2
enclosed,2
shipped,2
SO,2
card???,2
Way,2
Grandchildren,2
Great!!,2
separate,2
Much,2
MP3,2
with.,2
music.,2
require,2
Pay,2
best.,2
options.,2
bonus,2
"family,",2
Kindles.,2
Never,2
"shopping,",2
perfect!!,2
Saves,2
wishes.,2
happy!,2
A+,2
expected,2
Everybody,2
tax,2
discovered,2
planning,2
receive!,2
exact,2
grandson.,2
BUY,2
sitting,2
traffic,2
assortment,2
Card!!,2
America.,2
(but,2
receives,2
posting,2
solved!,2
bulky,2
Cant,2
Service,2
Amazing,2
(with,2
Something,2
YOU,2
boy!,2
remember,2
daughter's,2
wife.,2
working,2
spot,2
$,2
stay,2
"say,",2
Excelente,2
kid,2
boys,2
off.,2
twice,2
up.,2
balloon,2
Whatever,2
"ages,",2
sexual,2
(both,2
"affiliations,",2
shown.,2
amazon.com,2
necessary.,2
this!,2
hand!,2
moments,2
straight,2
own.,2
soon,2
though.,2
print!!,2
frequently.,2
against,2
whimsical,2
"graphics,",2
Only,2
"one,",2
instantly.,2
track,2
WHO,2
HAS,2
complaint,2
bothered,2
place!,2
hands,2
Satisfied,2
wanting,2
Kids,2
themes.,2
onto,2
advertised,2
thrilled!,2
problems.,2
dinner,2
friend's,2
fire,2
act,1
required.,1
delivery!,1
"""shop""",1
own!,1
success!,1
support,1
Item,1
convenient:,1
particularly,1
Easier,1
occasion-appropriate,1
"theme,",1
avoid,1
rolled,1
stork,1
do-over,1
redeemed.,1
$25.00.,1
constantly,1
unusual,1
combination,1
voucher/card,1
needing,1
posted.,1
Next,1
white,1
A4.,1
like...an,1
anymore!,1
moment,1
elephants,1
promptly.,1
successful,1
worked.,1
"Good,",1
commemorations,1
exchanged,1
years...for,1
anniversaries,1
"Kindles,",1
wrong!,1
Sending,1
"granddaughter,",1
"Lillianna,",1
basketball,1
socks.,1
everywhere.,1
"present,",1
material.,1
downloads,1
daughter.to,1
happ,1
"birthdaycard,",1
alredy,1
Navy,1
wrap.,1
"buy,",1
formal,1
areas.,1
program,1
undecided,1
J,1
someone!,1
"by,",1
"through,",1
"tax,",1
driving,1
"mall,",1
"parking,",1
better?,1
uncomplicated,1
navigate.,1
home-shopping,1
roles.,1
anymore.,1
HE,1
postage!,1
locally,1
(everyone,1
idea),1
yourself...so,1
quicker,1
cried,1
badly.,1
Apparently,1
cut-backs,1
without.,1
waiting.,1
recepients,1
enjoyed.,1
Transaction,1
smooth.,1
special!,1
build,1
tool,1
collection.,1
"""special",1
"needs""",1
apps.,1
andI,1
day!!!,1
highly!,1
overnight,1
miss,1
"event,",1
Grest,1
pinch!,1
work!,1
prepared,1
anything!,1
diapers,1
homes,1
"bright,",1
print...what,1
delight!!,1
shower!,1
postage,1
involved.,1
universal,1
doubt,1
receipt-ant,1
strapped,1
hippie,1
nephew....and,1
man,1
"appreciative,",1
printer--nice,1
forever,1
"One,",1
"Two,",1
task,1
furture.,1
message..,1
procrastinator's,1
dream,1
them).,1
PRINT!,1
Practical,1
parent!,1
pastime,1
friends!,1
snap.,1
advantage,1
order/purchase,1
"case,",1
"clothes,",1
none,1
"new-born,",1
co-workers,1
registered,1
expect.,1
(gift,1
card),1
shop...,1
flew,1
travel-friendly,1
Blah,1
software,1
"understandable,",1
technophobe,1
experience.,1
child.,1
"best,",1
either.,1
anybody!,1
lists.,1
minite,1
recomended,1
UK,1
dollars.,1
generic,1
"visa,mc",1
"beautiful,",1
guilt,1
gift...),1
customization,1
"text,",1
layouts,1
includes,1
cleverly,1
Shortly,1
containing,1
"document,",1
folded.,1
"""gift""",1
pc.,1
count,1
resource.,1
$75,1
local,1
wasted,1
looking.,1
increments,1
"signature,",1
in.,1
"help,",1
formula,1
diapers...,1
things...,1
"hit,",1
exp,1
date.,1
want?,1
digitized,1
copy.,1
Helps,1
showers.,1
Delivery,1
instantaneous.,1
"""Print""",1
parents.,1
"forgot,",1
ecstatic,1
this..and,1
yet?,1
Heck...maybe,1
pamper,1
reat,1
recevee,1
Enjoyed,1
voiced,1
fuss.,1
chosen,1
prissy,1
couple.,1
Pics,1
card's,1
happened,1
previous,1
visit,1
conversations,1
chuckled,1
appreciate.,1
usefull,1
neighborhood.,1
blew,1
socks,1
Halloween.,1
trick-or-treating.,1
vendor.,1
vendor,1
damaged.,1
recoup,1
"value,",1
lost,1
rescue!,1
automatically,1
deducted,1
notation,1
"""gift",1
"certificate"".",1
glitch,1
winner,1
among,1
contestants,1
Costume,1
contest.,1
winning,1
Sweetie!,1
etc!,1
Upon,1
opening,1
walking,1
somewhat,1
directed,1
"""Welcome",1
"Jungle""",1
giraffes.,1
collecting,1
important.,1
collected.,1
instantaneously.,1
unique,1
"accessories,",1
hopefully,1
traveling,1
honeymoon.,1
entertainment,1
flight!,1
"transaction,",1
golden.,1
cutesy,1
shmoopy,1
minute!,1
Couple,1
cousin!,1
pre-selected,1
kissing,1
giraffes?,1
newlyweds.,1
Looked,1
giftcard.,1
extended,1
necks,1
look.,1
Gifting,1
teenagers.....one,1
return.,1
styles/themes,1
per,1
Margaret's,1
"Cookies,",1
supportive,1
"efforts,",1
thank-you,1
published,1
itself.,1
"Cute,",1
romantic,1
lover.,1
benefits,1
designed.,1
easy!!!,1
Finished,1
ten,1
granson,1
daughhter,1
toy,1
himself.,1
logos,1
customers.,1
Stephanie,1
Sher,1
User,1
"friendly,",1
operation.,1
me!!!,1
"Convenient,",1
self-printed,1
perfectly!!!,1
State,1
token,1
amazon.com!,1
Alphia,1
Larkins,1
shape,1
thankyou,1
lots.,1
electronically.,1
picture.,1
friend!,1
wait!,1
Beats,1
"good,",1
amazed,1
panicking,1
guided,1
contact,1
Created,1
-even,1
colour,1
give...a,1
everything!!!,1
OPTION,1
EASIER,1
BABY,1
SHOWER,1
HIT!!,1
EVERYONE,1
TRIED,1
COMPETE,1
THESE,1
PRIZES!!,1
LUV,1
IT!,1
=),1
sun,1
age.,1
VOILA!,1
sells!,1
photos.,1
question,1
"""What",1
"like?""",1
award,1
based,1
me-,1
go!!,1
stylish.,1
fee.,1
fee!,1
"inappropriate,",1
shape?,1
allay,1
fears,1
items!,1
h.s.,1
students.,1
travel.,1
sooner.,1
fulfills,1
anybody's,1
recipent,1
similar.,1
"graduate,",1
Went,1
niece.,1
for!!,1
gave.,1
Turned,1
"Please,",1
gauge,1
excitement.,1
lengthy,1
evaluation.,1
Son-in-law,1
graduate!,1
Grandson,1
"teenager,",1
We've,1
they're,1
reasonable,1
giving!,1
route,1
expressed,1
Click,1
adults,1
frustrated,1
Found,1
choise,1
conditions.,1
Wide,1
"options,",1
"designs,",1
wants!,1
"used,",1
returned.,1
clever.,1
"style,",1
redemed,1
"older,",1
expire,1
tack,1
charge.,1
"awesome,",1
receiver!,1
"father-in-law,",1
frequent,1
traveler,1
word!,1
frequently,1
attempting,1
campus,1
PO,1
BUT,1
'immediately,1
available',1
24,1
'immediate',1
While,1
"Chat,",1
sealed,1
--all,1
Chat,1
representative,1
explained,1
refund,1
received).,1
left,1
planned.,1
SHE,1
millions,1
liking...everyone,1
wins,1
hours.,1
easy!),1
"appearance,",1
"received,",1
rating,1
satisfactory,1
fussy,1
consumer.,1
hipper,1
Win/Win/Win/Win/WIN!,1
cuz,1
choose!,1
that?!,1
ALL,1
grandaughtrs,1
teen.,1
appreicated,1
migth,1
purchse,1
Sshe,1
2000,1
away!.,1
quiet,1
extravagant.,1
personality,1
Fall,1
-to,1
$$,1
"kids,",1
graduating,1
"school,",1
wrong.,1
convenient.nine,1
grief.,1
carries,1
Prefers,1
marketplace.,1
coming.,1
Celebration,1
Grandson's,1
16th,1
inside!),1
Amazons,1
brother.,1
stars??????,1
e-cards-,1
get!!!!,1
offers!!,1
feeling!!,1
somebody,1
borated,1
"five,",1
holidays.,1
(possibly,1
less).,1
Brainerd,1
internet,1
Usually,1
stuffed,1
neatly,1
was!,1
crowds,1
acknowledge,1
entered,1
chose.,1
say...,1
procrastinators,1
grad!,1
"textbooks,",1
"supplies,",1
tme,1
neice,1
graduated,1
numerous,1
--great,1
--and,1
daughter!!!,1
heading,1
student.,1
"concise,",1
Want,1
return?,1
guessing.,1
store-purchased,1
third,1
"future,",1
-so,1
pop,1
limited,1
area.,1
self-explanatory.,1
folding,1
send!,1
denomiantion,1
Secret,1
future!,1
Simply,1
AMAZON!!!,1
teacher.,1
"budget,and",1
apply,1
wished.,1
santa,1
WOnderful,1
"""last",1
"minute""",1
"wonderful,",1
instantly!!,1
"party,",1
email!,1
Picked,1
stuffer.,1
honestly,1
marketplace,1
Glad,1
handy.,1
B,1
purpose.,1
something.,1
RECOMMEND,1
EVERYONE.,1
CONVENIENT,1
GIVE,1
VERSATILE.,1
LIKE,1
HOME,1
FEATURE,1
possible.,1
limiting.,1
means,1
validation,1
agency.,1
empowerment,1
effect,1
meaningful,1
lives.,1
symbol,1
respect,1
oneness.,1
utilize,1
"gife,",1
graduations,1
(to,1
graduate),1
it'll,1
easy!!,1
someone's,1
graduation.,1
points.,1
instant.,1
for??,1
hi,1
mum,1
moved,1
perth,1
350,1
km,1
fashioned,1
users.,1
"perfect,",1
Europe,1
"US,",1
much!!!,1
Quick!,1
week.,1
"yet,",1
RIGHT,1
STUFF!,1
Excellent!!,1
Japan,1
'gift,1
card',1
case.,1
Lets,1
jut,1
card.&nbsp;<a,1
used.,1
suitable.,1
promised,1
"returned,",1
wit,1
presented,1
teethers.,1
soft,1
hurting,1
"gums,",1
solid,1
squeezing,1
"niece,",1
chew.,1
hate,1
"""what",1
"4,000",1
grandkids,1
joy,1
print-out,1
Grandkids,1
olds.,1
Generally,1
w/the,1
shopping-they,1
drive-but,1
autonomy,1
grandparent,1
"""the",1
"gift""",1
youngster's,1
eyes.,1
"thanbks,",1
ideas.,1
awsome,1
military,1
"overseas,",1
easy....let,1
alone,1
MAJOR,1
selections---so,1
obvious,1
(me),1
(although,1
it),1
party/event.,1
rewarding,1
"emailed,",1
Facebook,1
"posted,",1
set.,1
stuffer,1
vouchers,1
tools,1
"business,",1
clients,1
adored,1
recommended.,1
geek!,1
"loves,",1
breeze.,1
"stock,",1
CD,1
bag.,1
formats,1
married.,1
attend,1
website.,1
"crisp,",1
pixels.,1
secure,1
old.,1
permanently,1
attached,1
'off,1
hook',1
sells.,1
lot.,1
Christchurch,1
Kindel.,1
tey,1
grand-daughter,1
what's,1
"warm,",1
fuzzy,1
remind,1
imagination,1
men?,1
Shop,1
early,1
resume,1
skin!,1
92,1
literature,1
godsend.,1
welcomed.,1
they've,1
teal,1
saver.,1
"intended,",1
"user,",1
need?,1
yiu're,1
(like,1
me),1
proceed,1
me-someone,1
job-I,1
eye-catching!,1
home/work,1
emailing,1
(did,1
receipent,1
it?),1
extend,1
intend,1
appreciation.,1
Am,1
grateful,1
achievement,1
event/function!,1
much!!,1
turning,1
"co-worker,",1
"local,",1
exciting,1
mean,1
(book),1
"suggestions,",1
decisions.,1
Able,1
pictured,1
wireless,1
headphone,1
"~$100,",1
replacing,1
battery,1
charging!,1
cheezy,1
guides,1
regard,1
cold,1
"impersonal,",1
"difficult,",1
handmade,1
exceed,1
skills,1
"heard,",1
"growing,",1
worse.,1
Easy.,1
flying,1
hat,1
granddaddy,1
built.,1
package,1
Selecting,1
"available,",1
"more,",1
wrapped,1
'has,1
everything',1
Anyone,1
wonderfully.,1
wonderfully,1
loss,1
it!!!,1
easy!!!!,1
again!!!!,1
also!,1
between,1
monkeys,1
"""had",1
"everything"".",1
"items,",1
country,1
Without,1
"town,",1
"anything,",1
bonus.,1
receipt.,1
foor,1
practical,1
lovely.,1
Bride's,1
vs,1
possible,1
round.,1
wording,1
clicked,1
submit.,1
on!,1
away!,1
could've,1
"person,",1
think.,1
hold.,1
"Purchasing,",1
list!,1
Yes,1
grip,1
Fits,1
"camera,",1
amounts,1
once.,1
kids',1
stockings.,1
winter,1
payment.,1
power,1
gifted,1
slightly,1
better.,1
pounds,1
bears,1
That's,1
right..no,1
Bears,1
win!,1
Forgot,1
retired?,1
"Oops,",1
shower?,1
today?,1
glue.,1
regularly,1
corporate,1
employees.,1
"site,",1
"wrap,",1
"him,",1
e-reader.,1
intended,1
completely,1
forgot.,1
Mail.,1
"hey,",1
(fill,1
days),1
"right,",1
parents:,1
"""an",1
educational,1
universe,1
"works""",1
uranium,1
p235,1
modulator!,1
Cards!,1
Plan,1
Saturday!,1
"California,",1
plane.,1
"cheesy,",1
cheesy,1
Order,1
monetary,1
"couple,",1
"Painless,",1
season,1
raved,1
"sure,",1
work!!,1
essentials.,1
picky.,1
yellow,1
wonderful....the,1
cards...PERFECT,1
recommend.,1
yous.,1
usedthem,1
pick.,1
"away,",1
"Funny,",1
for....,1
attending,1
needs/wants,1
arrives.,1
several!,1
specially,1
monkey,1
kid.,1
dude,1
Options,1
endless.,1
topping,1
debit,1
currency,1
bringing,1
60,1
exchanges.,1
answer...only,1
classy,1
Christmas/Holiday/Hanukkah/Kwanzaa,1
eve,1
"but,",1
did.,1
and--,1
BAM---everybody,1
"""oh",1
"thoughtful""",1
"""why",1
"wet?""",1
Keep,1
Birthdays,1
Anniversaries,1
assigning,1
giftees,1
brought,1
attention,1
work.,1
(It,1
thing.),1
check,1
Be,1
current,1
Painless,1
Whether,1
request,1
"list,",1
cad,1
backgrounds.,1
80+,1
mother.,1
3G,1
recieve,1
troubles.,1
(12,1
product?),1
butterfly,1
commented,1
give-,1
cards-,1
browse,1
greatly,1
Amazongift,1
wants!!!,1
Even,1
ebooks!,1
"amounts,",1
Much!,1
cost,1
trough,1
RECOMMENDED,1
HIGHLY,1
bit,1
"returns,",1
Absolutely,1
opportunities...,1
Maryland.,1
Massachusetts.,1
travel,1
anywhere!,1
weds,1
duplicates????,1
Hopefully,1
cards!!,1
enclosures.,1
Slip,1
printing.,1
Mother,1
voracious,1
appetite.,1
orderm,1
caveat,1
fighting,1
convinience,1
passed,1
month.,1
died.,1
eyesight,1
poor.,1
mother....what,1
reviewing,1
I!,1
"cool,",1
what.,1
"Kindle,Now",1
her...Amazon,1
KIndle,1
shoppers,1
best!,1
her!,1
weird,1
unnecessary,1
sloppy.,1
Other,1
"that,",1
(new,1
parents),1
happy-,1
goal,1
quickness,1
communication,1
regarding,1
satisfied!,1
neat.,1
clever,1
envelope!!,1
Amazon;,1
"video,",1
"cd,",1
"God-send,",1
Kinda,1
"though,",1
reference.,1
goods,1
like/enjoy.,1
eay,1
items...things,1
Nada,1
que,1
comprar,1
una,1
seguro,1
confiable.,1
siempre,1
compro,1
la,1
forma,1
de,1
realizar,1
compras,1
segurassss,1
Try,1
"mites,",1
hurt,1
laundry,1
hospital,1
workers,1
Christmas;,1
"night,",1
Allow,1
want..,1
"Fantastic,",1
templates,1
suite,1
download.,1
year-end,1
gifts.<a,1
Cards!!,1
amount-(it's,1
"amount),",1
instantly!,1
"10,",1
beautifully!,1
in-personal,1
insert,1
further,1
Kathy,1
snap,1
effect.,1
female.,1
"is,",1
"PRESTO,",1
websites,1
greatest!,1
"brothers,",1
"amazon,",1
Saved,1
recommended,1
scenery,1
convient,1
lookes,1
well...,1
doen't,1
everthing,1
"""hard",1
"for""",1
meet,1
purchaser,1
opt,1
"Fire,",1
sites,1
carried,1
furnishings,1
bride.,1
major,1
supply,1
"""print",1
"cards""",1
"""in",1
"flash"".",1
Amazon...,1
"card,easy",1
wishes!,1
married,1
"printable,",1
Clever,1
Certainly,1
BFF,1
loveliest,1
seen,1
life.,1
cry,1
least,1
complicated,1
stocking.,1
inventions,1
checks,1
packages,1
be!,1
maked,1
"website,",1
come.,1
"mother,",1
6,1
lalaloopsie,1
toys,1
"lists,",1
narrowed,1
factors,1
affecting,1
tool?,1
lot!!,1
"themselves,",1
OMG,1
To,1
beyond,1
belief.,1
Ken,1
Gives,1
preferences.,1
"Ireland,",1
"America,",1
presonal.,1
certificate/card.,1
pilot,1
nearly,1
office.,1
newborn,1
"need,",1
"born,",1
reality,1
sets,1
kinds,1
you'd,1
"""whatever"".",1
void.,1
granddaughter's,1
traveled,1
registry,1
complain,1
versatility,1
telling,1
power!,1
girlfriend's,1
bet.,1
slip,1
"Easiest,",1
quickest,1
cutest,1
prefolded,1
paper.),1
requested,1
use...just,1
no-brainer,1
throughout,1
kindle!,1
t,1
s,1
allover,1
bed,1
expires.,1
hahahah,1
anyone!!!,1
get.....,1
more).,1
PC,1
style/look.,1
print-your-own-gift,1
one...,1
you..,1
outlet,1
times...in,1
have...they,1
"convienent,",1
easy...just,1
soneone,1
sends,1
ME,1
"prices,",1
up!,1
learn,1
manage,1
comparing,1
graduate....,1
reccomend,1
purchaase.,1
cars,1
print-your-own,1
needs!,1
"rush,",1
Kindle/Ipad,1
"owner,",1
wondrous,1
grandchildren.,1
say!,1
Procrastinated,1
"""has",1
"everything""!",1
Takes,1
stress,1
"hobby,",1
motif.,1
"unique,",1
perhaps,1
all-around,1
gift-giving,1
wide-selection,1
"wants/needs,",1
boy.,1
"etc.,",1
favorites,1
"anyone,",1
"""destination""",1
"wedding,",1
hates,1
bad.,1
wedding...so,1
night,1
Eve.,1
LOL!!!!,1
boyfriends,1
Bam,1
Mike,1
O'Meara,1
Show,1
pinch,1
barcode,1
"looks,",1
wait.,1
Supper,1
faster,1
three,1
grey,1
red.,1
gift.....great,1
want....that,1
returned.....,1
"student,",1
(textbooks,1
expensive!).,1
scene.,1
peaceful,1
"""printed",1
"out""",1
"wrong,",1
1,1
star,1
reviews.,1
hands.,1
ant,1
denomination!,1
pdf,1
test,1
copies,1
Ditto...,1
essentially,1
"cash,",1
wrong!!,1
"shop,",1
"amazon.com,",1
outside,1
solar,1
lights.,1
Julia,1
Johnson,1
Definately,1
prefers.,1
emails,1
"""look.""",1
receive!!!!,1
stressing,1
houseguest,1
flash,1
brilliance,1
certificates.,1
thoughtfulness!,1
"festive,",1
non,1
specific,1
remember.,1
"surprise,",1
overjoyed,1
fall,1
Setting,1
miles!!,1
Years,1
"ago,",1
"""Nice,""",1
"""but",1
"buy?""",1
scope,1
warehouse.,1
exceptional.,1
ASAP!,1
celebrations.,1
card..Sometimes,1
preferable,1
cousin,1
"Regards,",1
Nicols,1
"open,",1
themed.,1
offered.,1
driven,1
table.,1
low,1
race,1
happily,1
accepted.,1
others!,1
words.,1
Straight,1
point.,1
surveys.,1
side,1
insured,1
questions,1
unanswered,1
designs!,1
Lovin,1
"dad,",1
Ireland.,1
"hassle,",1
certificate!,1
fun!!!,1
Pick,1
delivered.,1
prize,1
soo,1
light,1
weight!!,1
"""thanks""",1
absolute,1
special.,1
often!,1
design;,1
sentiment,1
bullseye!,1
grandma,1
"easier,",1
"""right""",1
knowledge.,1
Thought,1
Giftcard.,1
requested..printed,1
computer..It,1
helping,1
Once,1
notification,1
login,1
"waiting,",1
use--no,1
carefully,1
remove,1
adhesive,1
strip,1
"Perfect,",1
reasonably,1
priced,1
FREE,1
2-day,1
shopping!!,1
Cupcake,1
Wednesday,1
Tuesday!,1
FABULOUS!,1
Ok,1
dreams.,1
objective,1
fashionable,1
appearance.,1
receipiant,1
eager,1
"scene,",1
shipping.,1
mother-in-law,1
"Again,",1
leadership,1
team.,1
all...I,1
"wife,",1
enjoyment,1
similar,1
provide,1
Delivered,1
"advertised,",1
Visa,1
$$$$$$,1
books!,1
mixup,1
account;,1
activate/use,1
sub-e-mail,1
mother's.,1
Due,1
lack,1
sub,1
"address,",1
deactivated,1
(never,1
heard,1
"before),",1
"service,",1
finally,1
(hopefully).,1
service..........it,1
stellar.,1
ill,1
active,1
library.,1
generously,1
offer.,1
problem!,1
"state,",1
costing,1
postage.,1
bill,1
generate,1
task.,1
cyber,1
weigh,1
less.,1
fastest,1
accross.,1
employee's,1
"""gag""",1
santa.,1
daily!,1
LOL,1
gowrog,1
Immediate,1
USA,1
success.,1
returns,1
this...,1
away...what,1
card???Nothing...it's,1
freinds,1
longer,1
Com,1
cheerful,1
Friends,1
easy),1
hour!!!!!,1
Totally,1
it!!!!!,1
Snowy,1
Cityscape,1
stood,1
amongst,1
scenes,1
Peace,1
Corps,1
volunteer,1
"Africa,",1
wise.,1
Emailing,1
"then,",1
talked,1
genealogy,1
prizes,1
matter.,1
Hanukkah.,1
"""re-gifted"".",1
difficulty,1
glint,1
returns.,1
perfect!!!,1
efficient!,1
Colors,1
vibrant,1
attractive!,1
in-laws,1
Quickiess,1
buddy,1
already!,1
sister.,1
SERVICE,1
PEOPLE,1
however,1
like!,1
Great.,1
go-to,1
creating,1
"tree,",1
"nicely,",1
sharp.,1
hassel,1
"mailed?),",1
efficent.,1
breeze,1
presentaion,1
recieved,1
swear,1
Amozon.,1
IDEA,1
MOTHER.,1
PRINTED,1
OFF,1
SOON,1
ORDERED,1
IT.,1
THANKS!,1
talk,1
"fine,",1
"alas,",1
good.,1
"Folks,",1
"sister,",1
sex,1
"toy,",1
everyone's,1
caught,1
"1,2,3.",1
grown,1
"ordering,",1
problem-free,1
(The,1
attractive).,1
procrastinator.,1
satisfying,1
enjoyable,1
instance,1
knowledge,1
indeed,1
"""a",1
"fit""",1
feeling,1
"perhaps,",1
different.,1
dressed,1
PRINTABLE,1
CARDS,1
ARE,1
WITH,1
ACCESS,1
INTERNET,1
PRINTER.,1
SET,1
UP,1
WAY,1
PUT,1
PERSONAL,1
NOTE,1
PHOTO,1
PAPER,1
CARD,1
EFFECT,1
FOLD.,1
RECEIVING,1
CAN,1
SELECT,1
THEIR,1
HEART,1
DESIRES!,1
NO,1
RETURNS!!!,1
Minute,1
Office,1
Bacon,1
:-).,1
expressing,1
Check,1
smoothly!,1
correspondence.,1
worked!,1
plus.,1
guess,1
(probably,1
wrong),1
"choose,",1
save.,1
iPad,1
Rio.,1
card!!,1
THEY,1
Amazin,1
well!!,1
purpose,1
Each,1
10-20,1
classroom.,1
easiest!,1
concerned,1
thanks!,1
Her,1
"music,",1
lady.,1
easy-to-print,1
Whats,1
print!!!!!,1
cool!,1
productfor,1
panic--I,1
coupon,1
becom,1
hero,1
good!,1
"beautifully...and,",1
Granddaughter,1
happy..,1
choir,1
cardas,1
church,1
"director,",1
internal,1
content,1
82,1
says,1
allot,1
savy.,1
daughter-in-law.,1
theses,1
women.,1
thru,1
water,1
IDEA.,1
HAVING,1
FINGER,1
TIPS.,1
THANKS,1
ALLOT,1
valuable,1
coffeemakers,1
gift...my,1
mom's,1
woman,1
"""who",1
"everything""?",1
"Well,",1
it...and,1
loving,1
Great...grandson,1
Italy,1
specify,1
adopted,1
"""Gotcha",1
"Day""",1
bueno,1
final,1
specifically,1
suggests,1
player.,1
interesting,1
Son,1
ipods.....please,1
X,1
review....,1
guys,1
guys.,1
staff,1
--Big,1
expectations.,1
passed.,1
"Mom,",1
venue,1
remote,1
area,1
hassle.,1
transfer,1
note.,1
Mama,1
pre-designed,1
intended!,1
me....but,1
want:).,1
Dy.,1
"free,",1
brainer.,1
Mother.,1
yourself.,1
Australia,1
"Mum,",1
unable,1
custom,1
message!,1
pretty.,1
card/certificate.,1
Convenient.,1
Attractive,1
Appreciated,1
line....minimal,1
",processed",1
happy...he,1
girlfriends,1
from!,1
immensely,1
receipients.,1
this...it,1
wished,1
cards...!,1
readers,1
become,1
addicted,1
birthday/father's,1
day/mother's,1
day/valentine's,1
day/Hallowe'en/Thanksgiving/Christmas,1
cards--we've,1
glued,1
screen,1
weekend,1
Bien,1
experienced.,1
88th,1
anyway,1
along.,1
wonderfully!,1
seeing,1
girls,1
WONDERFULLY!,1
door.,1
exchanged!!,1
getting!!),1
"""Thanks,",1
"thanks...""",1
younger,1
friendly!,1
graphics.,1
Hit,1
niece!,1
buenisimo,1
puzzled,1
$15,1
NZ,1
e.g.,1
happened?,1
90,1
seconds.,1
Completely,1
fussy!!!,1
meeting,1
Often,1
incremental,1
on's,1
easier...especially,1
printer...,1
department,1
chairperson,1
transferred,1
"""Good",1
"Luck""",1
"Naturally,",1
responsible,1
usual.,1
choice...and,1
stretched,1
'Amazon,1
dollars.',1
"clear,",1
"follow,",1
reception,1
yous,1
silly,1
review...,1
Terrific,1
six,1
fabulous.,1
layout,1
enabled,1
GOOD-,1
GOOD.,1
+++++,1
WOULD,1
AGAIN,1
grandkids...they,1
Picking,1
service...great,1
gift.....easy......,1
out!!,1
fast...and,1
draft,1
always.,1
R,1
Aren't,1
great?,1
Using,1
observe,1
years.,1
Peasy.,1
folks,1
assemble!,1
write.,1
desk,1
accessories,1
reason.,1
Doing,1
welcome.,1
rural,1
grid,1
internet),1
"arrive,",1
hoping,1
wife's,1
birthday!.,1
Redeeming,1
method.,1
people!,1
There's,1
"account,",1
;o),1
"now,",1
open--24/7.,1
:o),1
"decide,",1
children's,1
ever...very,1
wasteful,1
tighter,1
budget.,1
fail,1
MF,1
transfer.,1
bouquet,1
balloons,1
$$$,1
gender.,1
Fire.,1
"""Kids",1
"everything""",1
much!,1
Brilliant,1
SNAIL,1
MAIL!,1
American,1
Greeting,1
E-card.,1
"Wonderful,",1
contains,1
represent,1
choosing.,1
Problem,1
"Loved,",1
"Seriously,",1
nephews!,1
great--except,1
hasn't,1
"Oh,",1
value!,1
immediate!,1
immediacy,1
raves,1
child's,1
yard,1
"""play",1
"yard""",1
packages.,1
Adorable.,1
celebrate!,1
personlize,1
iI,1
disapointed.,1
cutomer,1
come!!!,1
"Terrific,",1
drug,1
sheet,1
instructions),1
"together,",1
today!!,1
happier,1
Seriously?,1
smell,1
it...,1
"obtain,",1
included.,1
Greatest,1
wishes,1
easily.....THANK,1
when/if,1
Or,1
monthly,1
update...,1
success,1
RECOMENDADO,1
Amazing!,1
wonders,1
haven't,1
"perfectly,",1
e-card,1
question:,1
lady,1
Junior,1
students,1
image.,1
60th,1
colors!,1
speedy,1
add.,1
checked,1
Amizon,1
Amizon.,1
com.,1
"saver,",1
Amizon.com,1
<a,1
result,1
"liked,it",1
"promptly,",1
too?,1
full-time,1
weekly,1
grandgirls/boys,1
"Valentines,",1
St.,1
"Patricks,",1
treats,1
terms,1
appreciating,1
"accounts,",1
delight!,1
encourage,1
print&nbsp;<a,1
grandkids!,1
relative,1
due,1
"option,",1
Review,1
Unfortunately,1
food,1
Perfect;,1
First,1
scial,1
"card,Thank",1
You.,1
points,1
hitter,1
"occations,",1
rushes,1
forgotten.,1
"Yup,",1
shopper!,1
conveniet,1
"find,",1
"literally,",1
desires,1
teenage,1
for).,1
excellent!,1
"given,",1
"wallet,",1
tout,1
arriveI,1
enable,1
others',1
advice,1
Is,1
essence.,1
arrange,1
correctly,1
Lifesaver!,1
"""bad""",1
gift....?,1
online!,1
options!,1
retirements,1
"baptisms,",1
(Octopus),1
delights,1
"joyful,",1
soiree-ready,1
cephalopod,1
mollusk,1
waving,1
paraphernalia,1
situation,1
"horns,",1
mysterious,1
slice,1
"cake,",1
"fork,",1
wearing,1
hat!,1
celebrating,1
(Octopus).,1
Suitable,1
"races,",1
skin,1
"cultures,",1
"sub-cultures,",1
"origins,",1
social,1
"classes,",1
economic,1
"standings,",1
education,1
"levels,",1
"genders,",1
forms,1
"expression,",1
"sexes,",1
"preferences,",1
hair,1
"lengths,",1
"styles,",1
"brackets,",1
marital,1
employment,1
legal,1
residency,1
military/veteran,1
literacy,1
(dis)ability,1
"weights,",1
body,1
"shapes,",1
states,1
health,1
mental,1
"physical),",1
religious,1
political,1
language,1
proficiencies,1
oral).,1
Recommended,1
size(hopefully).,1
item!,1
moment's,1
notice!,1
incredibly,1
impressive!,1
loved.,1
She's,1
Kindle!,1
surprisingly,1
appreciates,1
trees!,1
combine,1
said.,1
Product,1
former,1
student,1
bad,1
accident.,1
lover,1
CRAP!,1
so-and-so's,1
[birthday/wedding/special,1
event]!,1
(Or,1
lazy?),1
do?,1
"in,",1
*almost*,1
hundred,1
(exaggerating,1
slightly),1
optional,1
"message,",1
case,1
handwriting,1
sucks,1
(it,1
FYI).,1
two-day,1
irresistible,1
"already,",1
blow,1
Amszon,1
achievements,1
retirement.,1
however.,1
follow,1
steps.,1
great-,1
itl,1
clam.,1
"giftcard,",1
amazon!,1
retail,1
mark-up,1
"""certain""",1
box,1
stores.,1
ones!,1
Fine,1
comments,1
about.,1
"delivery,",1
100,1
%,1
budget!,1
giftee!,1
presenting,1
cards?,1
upload,1
reviews,1
.....they,1
verified,1
CC,1
out.....Quick,1
....got,1
out...,1
macular,1
degeneration,1
enlarge,1
font.,1
ways/kinds,1
rewards,1
Employees,1
lazy,1
"shopper,",1
ap.,1
Variety,1
well-received,1
grandaughter,1
Nothing!,1
sons-in-law,1
"much,",1
ways!,1
Do,1
pops,1
shut-in,1
hated,1
to....but,1
U.S.for,1
"meant,",1
n,1
shall,1
long-distance,1
Musicista,1
UK.,1
expectations,1
"give,",1
FAST,1
"car,",1
activation,1
"fee),",1
"fault,",1
sad,1
guilty,1
daily,1
purchases!,1
Hope,1
LOTS,1
8,1
V-day.,1
3000,1
candy/sugar,1
steer,1
(in,1
cash).,1
(you,1
card).,1
v-day,1
b-day,1
linked,1
happy!!,1
"time,,",1
"about,",1
childrens,1
story,1
bible,1
:0),1
ticket!,1
owners.,1
another.,1
!she,1
putting,1
basket.,1
beleated,1
son-in-law...,1
Lessons,1
learned!,1
material!,1
helpful!!!,1
select.,1
animated,1
"Excellent,",1
family....,1
"""extra""",1
redeemed,1
"recommend,",1
sick,1
V,1
"holidays,",1
feels,1
literally.,1
insecure,1
mistake.,1
reassured,1
DKC,1
Light,1
weight,1
shoulder,1
mounted,1
firearms.,1
Amplifies,1
sound,1
depresses,1
loud,1
report,1
firearm.,1
Tactical,1
"6S,",1
shoot,1
Skeet,1
Trap,1
times/week,1
wore,1
pair,1
7,1
shortcoming/improvement,1
addition,1
automatic,1
shut,1
"off,",1
spare,1
batteries,1
"handy,",1
leave'em,1
"hesitation,",1
ties,1
"company,",1
"would,",1
"past,",1
IIt,1
legible,1
reason,1
granddaughter.,1
picture....so,1
Go!,1
gifter,1
giftee.,1
inclusion,1
girlfriend,1
page.,1
suits,1
fancy.,1
ereader,1
fuss,1
Valentines,1
adding,1
NICE,1
PRESENT!,1
IF,1
DON'T,1
KNOW,1
WHAT,1
"SOMEONE,",1
PRESENT.,1
Although,1
"them,",1
Kindle-less,1
Fit,1
use!!,1
smooth,1
e-gift.,1
generous,1
versatel,1
rack,1
penny.,1
away;,1
desk.,1
card....,1
"anyway,",1
black,1
wasting,1
thrown,1
entered.,1
ok?,1
study,1
"nursing,",1
convienent,1
"work,",1
stopping,1
"stores,",1
baby's,1
web,1
fee,1
giftcard....,1
works...,1
:p,1
teenager,1
unfathomable,1
generation.,1
taste,1
DAUGHTER,1
DOWNLOAD,1
ELECTRONIC,1
"BOOKS,",1
SOMEONE,1
EVERYTHING.,1
"notice,",1
definite,1
Walmart,1
bibliophile,1
any.,1
Because,1
"man,",1
"Kindle,",1
avoids,1
"frugality,",1
near,1
"panic,",1
scoured,1
outright.,1
payed,1
"to,",1
releases,1
"authors,",1
advertise,1
"offered,",1
basket,1
hang.,1
covered,1
porch.,1
smart,1
event,1
recognition.,1
"kindle,",1
stereo,1
system.,1
Wyoming.,1
visa,1
trouble.,1
Xmas,1
probaly,1
convienence,1
Wyoming,1
Tennessee.,1
suggestions.,1
users,1
scissors,1
cut,1
bottom,1
letter,1
sized,1
should've,1
designing,1
distance.,1
explaining,1
full.,1
NEPHEW,1
state.,1
"face,",1
mommy,1
awesome!,1
heart.,1
"have,",1
MUY,1
BIEN,1
fully,1
satisfied.,1
mistake,1
.com,1
.ca,1
exchange,1
please.,1
'go-to',1
stumped,1
Please,1
serious,1
inability,1
decisions,1
imagine;,1
events;,1
savvy,1
thing!,1
item.,1
personalize!,1
DIL,1
affair,1
"fun,",1
opportunities,1
varied.,1
hard-to-figure,1
satisfying.,1
flight,1
Loves,1
girl!,1
beautifully.,1
device!!!!,1
"effective,",1
ptoblems,1
preteen.,1
Who's,1
xbox,1
games.,1
idea!!!,1
limitless....,1
paid.,1
theme.,1
messages.,1
security,1
"""missed""",1
birthday.....Amazon.com,1
rescue.,1
much...,1
"deliver,",1
opinion.,1
throwing,1
closet.,1
tablets,1
andriod,1
$100,1
Overall,1
smoothy,1
books..,1
accessible!,1
described.,1
Customer.,1
intention,1
Book,1
Club!,1
eased,1
"hands,",1
describe,1
someone...they,1
children!,1
request!,1
requests.,1
theme,1
busy.,1
Nanny,1
TV,1
series.,1
adorable,1
Should,1
sooner,1
Excelente!!!,1
US$,1
"Birthday,",1
Washington,1
DC.,1
purchasing.,1
Returns.,1
20-yr.,1
ordered.,1
hardware,1
goodies,1
21st,1
music.........,1
moment!,1
"""Happy",1
"Birthday"".",1
place.,1
greatful,1
Veronica,1
creative.,1
suitable,1
browsing,1
her;,1
reservior,1
worth.,1
sometimes,1
electronic,1
electronically,1
challenged.,1
considered,1
effortless,1
maintains,1
remaining,1
credit.,1
spontaneously,1
'gift',1
Rather,1
smoother.,1
depending,1
interests/likes.,1
"go,",1
happy...love,1
conveinent,1
"special,",1
great!!!!,1
wondering,1
Amazon!!!!,1
card...,1
choices-,1
altogether!,1
eagerly,1
quirky,1
personality.,1
smile.,1
accepted,1
applied,1
seamless,1
shelves,1
some.,1
orders,1
"continuously,",1
"Europe,",1
gift!!!!,1
nine,1
"Quick,easy",1
brother-in-law's,1
70th,1
He's,1
esoteric,1
"tastes,",1
person???,1
answer!!!!,1
And..,1
iof,1
pleases,1
"from,",1
birthday.....then,1
relative.,1
Cherry,1
top,1
.i,1
personally.,1
knew.,1
break,1
office,1
inbox.,1
day...I,1
Bday,1
"Touch,",1
checking,1
"very,",1
Convenience,1
word,1
row.,1
suggestion,1
he's,1
fire.,1
"apps,",1
Might,1
birthday!,1
Father-in-law.,1
FIL,1
"Germany,",1
supper,1
don;t,1
applications,1
internet.,1
"""buy",1
Amazonl.,1
excelente.,1
brilliant,1
international,1
remarkably,1
medically,1
eyes,1
tablet.,1
middle,1
"Amazon/Kindle,",1
reader?,1
hooked,1
Paperwhite,1
"check-outs,",1
savers,1
You've,1
back.,1
Octopus,1
(aged,1
12),1
suited,1
sense,1
humour.,1
impossible,1
guy,1
home!),1
on.,1
THey,1
users!,1
personalizable,1
recent,1
member.,1
works.,1
Emailed,1
"instantaneous,",1
"purchases,",1
acquiring,1
"add,",1
primary,1
nephews.,1
Played,1
popular.,1
"""covers""",1
camera,1
grows,1
becomes,1
communicate,1
feelings,1
unbeatable.,1
said?,1
ease.,1
opposite,1
sides,1
interests,1
rapidly.,1
have.,1
solves,1
win-win.,1
individuals,1
Mom.,1
$50.,1
superb,1
collections,1
you'll,1
return!,1
tough,1
customer.,1
birthday/gift,1
there....DONE,1
wisely.,1
convenient;,1
comfort,1
gone,1
During,1
"office,",1
wiser,1
*whew*,1
Thanks!!,1
father-in-law,1
samuri,1
sword.,1
choolse,1
friends',1
Hawaii,1
Saver,1
applies,1
sale,1
great!!!!!,1
excelente,1
desires.,1
addition!,1
give...,1
size.,1
Any,1
teenagers,1
schlep,1
ex-husband,1
baby-daddy),1
shared,1
empty-handed,1
Day?,1
Here's,1
#FirstWorldProblems,1
conundrum.,1
Bonus:,1
annually,1
reveals,1
failings,1
18,1
"years,",1
FD.,1
Pro,1
Tip:,1
ex-spouse,1
cents,1
meant,1
illegal.,1
'almost',1
se,1
"Quickest,",1
ever.,1
crowds.,1
Enclosed,1
someones,1
female,1
prior,1
"problems,",1
problemanpor,1
"Grandkids,",1
"media,",1
List.,1
Convenient!,1
"described,",1
"ship,",1
price.,1
inbox,1
Allows,1
purchaseThe,1
fromThis,1
clearly.,1
Cheaper,1
pinch.,1
anyone's,1
holiday.,1
go!!!,1
Chose,1
safe,1
octopus,1
character.,1
boy's,1
personality!,1
usable,1
purchases.,1
steal,1
one's,1
balance,1
you!!!,1
Octopus!,1
ecclectic,1
tastes,1
"professional,",1
wasperfect!,1
Hubby,1
stressful.,1
Guess,1
donors,1
estatic.,1
Cards.,1
self,1
Minecraft,1
inclusive.,1
ton,1
art!,1
she'd,1
"shops,",1
aerived,1
husbands,1
pocket.,1
afternoon,1
Philadelphia.,1
sooooooooo,1
THINK,1
BECAUSE,1
AN,1
IDEAL,1
SHOP,1
utilize.,1
Amszon.,1
"send,",1
"receive,",1
w/,1
'em.,1
great..,1
card!!!,1
XMAS,1
organise,1
card-it,1
usual,1
appearance!,1
it;,1
neither,1
"again,",1
absolutely.,1
Includes,1
dummies!,1
cards...you,1
Amazon...and,1
for...so,1
immediately!!,1
sons's,1
Plenty,1
trouble,1
receipt,1
scan,1
register.,1
egift,1
waiting!,1
customizable.,1
psychiatry,1
joke,1
stepdad,1
:<,1
while!,1
possibility!,1
LOVED,1
ENOUGH,1
PRODUCTS,1
CHOOSE,1
FIND,1
BEST,1
POSSIBLE,1
GO,1
ONLINE,1
MAKE,1
SELECTION.,1
Amazon....shop,1
group,1
wasa,1
camper!,1
birthday...and,1
"budget,",1
Besides,1
"version,",1
versions,1
bought!,1
Has,1
"occassions,",1
