I,1858
and,1554
the,1461
a,1119
it,937
this,923
to,911
is,845
my,771
for,701
of,587
have,435
on,407
color,394
with,360
in,352
but,335
that,317
love,307
It,287
you,286
was,284
This,266
Love,264
so,253
as,232
one,224
not,215
great,210
very,202
use,196
The,186
like,175
product,166
hair,160
it.,159
color.,157
Great,156
My,156
has,151
get,149
OPI,148
iron,142
just,138
had,137
all,135
used,133
at,132
polish,132
will,127
been,126
or,122
nail,120
from,118
using,114
good,113
your,113
than,111
are,111
when,108
color!,108
really,107
be,106
It's,106
can,105
only,102
I've,101
me,101
favorite,100
skin,100
about,97
more,94
years,94
long,94
it's,94
other,91
does,89
teeth,89
after,89
am,87
curling,86
out,84
would,84
flat,82
they,81
because,79
no,78
works,76
best,76
perfect,76
over,74
it!,73
always,73
time,73
an,72
up,72
if,72
what,71
buy,70
I'm,69
many,69
any,68
-,68
toothpaste,67
don't,66
bought,66
little,62
well,62
even,62
find,61
do,59
how,57
looks,57
smell,57
recommend,57
nice,57
hot,57
still,56
first,56
too,56
price,56
got,55
never,55
i,54
look,54
If,54
last,54
Beautiful,54
tried,53
new,53
two,52
go,52
worth,52
time.,52
ever,52
now,51
"color,",51
every,50
which,49
makes,49
much,49
summer,49
2,47
pretty,47
lasts,47
some,46
without,46
by,45
A,45
also,45
bottle,45
polish.,45
doesn't,44
few,44
lotion,44
wear,44
them,43
compliments,43
top,43
coat,43
years.,42
think,42
feel,42
found,42
its,42
beautiful,42
Very,41
light,41
coats,41
You,40
different,40
One,40
clean,40
well.,40
"it,",40
since,39
product.,39
definitely,39
she,39
her,39
smells,39
scent,39
CK,39
hair.,38
day,37
So,37
happy,37
quality,37
nails,37
LOVE,36
can't,36
shade,36
fast,36
goes,36
thick,36
work,35
want,35
better,35
iron.,35
white,34
came,34
there,34
take,34
another,34
brand,33
need,33
were,33
purchase,33
lot,33
back,33
colors,33
pink,33
see,32
try,32
quickly,32
expensive,32
neutral,32
bit,31
before,31
me.,31
say,31
day.,31
these,31
most,31
irons,31
keep,30
did,30
dry,30
purchased,30
then,30
looking,30
loved,29
know,29
Best,29
way,29
products,29
absolutely,29
fragrance,29
Perfect,29
wearing,29
spring,29
curls,29
sensitive,28
worked,28
red,28
almost,28
price.,28
same,28
less,28
whitening,27
Good,27
once,27
loves,27
gets,27
But,26
make,26
right,26
again,26
3,26
could,26
high,26
glad,26
Hot,26
again.,25
order,25
getting,25
several,25
actually,25
times,25
great.,25
stays,25
tools,25
polishes,25
too.,24
Not,24
She,24
didn't,24
while,24
Nice,24
exactly,24
iron!,24
marcel,24
sure,23
couple,23
ordered,23
took,23
stuff,23
fresh,23
takes,23
both,23
10,22
"years,",22
&,22
wife,22
Tools,22
Will,21
longer,21
5,21
he,21
Just,21
Amazon,21
who,21
received,21
scent.,21
gift,21
apply,21
perfume,21
lasted,21
handle,21
purple,21
nude,21
bright,20
hard,20
week,20
off,20
quite,20
around,20
Its,20
year,20
When,20
their,20
deodorant,20
Thank,19
noticed,19
something,19
In,19
made,19
people,19
"product,",19
far,19
enough,19
dries,19
professional,19
bumps,19
KP,19
polish!,19
brush,18
difference,18
smooth,18
went,18
anything,18
tooth,18
dentist,18
After,18
months,18
thing,18
No,18
And,18
size,18
daily,18
second,18
through,18
one.,18
being,18
old,18
able,18
soft,18
skin.,18
base,18
salon,18
arms,18
dark,18
Works,17
started,17
Have,17
come,17
mint,17
going,17
As,17
job,17
wonderful,17
awesome,17
daughter,17
give,17
his,17
seems,17
those,17
we,17
done,17
lotion.,17
friend,17
Smells,17
put,17
hands,17
wanted,17
heat,17
blue,17
must,16
Supersmile,16
ago,16
them.,16
days,16
great!,16
continue,16
may,16
won't,16
husband,16
regular,16
away,16
trying,16
into,16
body,16
arrived,16
For,16
straightener,16
"iron,",16
curl,16
own,16
stains,15
buying,15
full,15
looked,15
review,15
toothpaste.,15
leaves,15
gave,15
use.,15
THIS,15
totally,15
natural,15
big,15
super,15
weeks,15
this.,15
lasting,15
curly,15
sparkly,15
good.,14
teeth.,14
help,14
least,14
within,14
They,14
Excellent,14
results,14
real,14
brand.,14
strong,14
though,14
Amazon.,14
!,14
15,14
why,14
lots,14
beautiful.,14
Goes,14
:),14
down,14
expected.,14
wear.,14
summer.,14
easy,14
"hair,",14
clear,14
shade.,14
nails.,14
color!!,14
again!,13
seem,13
veneers,13
8,13
now.,13
tube,13
morning,13
twice,13
everyday,13
yet,13
until,13
prefer,13
whole,13
wasn't,13
cologne,13
touch,13
decided,13
everything,13
straighten,13
gorgeous,13
OPI.,13
pink.,13
gotten,12
under,12
hope,12
excellent,12
burn,12
between,12
amazing!,12
recommended,12
small,12
mouth,12
completely,12
delivered,12
believe,12
pleased,12
should,12
product!,12
used.,12
20,12
such,12
nothing,12
1,12
stores,12
Absolutely,12
thought,12
bottle.,12
item,12
Highly,12
easily,12
free,12
especially,12
add,12
usually,12
shipping,12
"quickly,",12
straight,12
heats,12
Pretty,12
Definitely,11
taste,11
whiten,11
where,11
already,11
wait,11
someone,11
each,11
feeling,11
"great,",11
highly,11
money,11
minutes,11
needed,11
Awesome,11
helps,11
There,11
Would,11
isn't,11
fantastic,11
I'd,11
fragrance.,11
compliments.,11
says,11
tell,11
wavy,11
model,11
ceramic,11
redness,11
finally,11
glitter,11
toes,11
coffee,10
Really,10
tastes,10
better.,10
"well,",10
it!!,10
amount,10
Arrived,10
past,10
shiny,10
coming,10
remove,10
shades,10
weeks.,10
asked,10
smooth.,10
stay,10
"use,",10
might,10
said,10
results.,10
quickly.,10
probably,10
stop,10
due,10
opaque,10
products.,10
best.,10
subtle,10
"However,",10
days.,10
cream,10
particular,10
extremely,10
"skin,",10
Item,10
wears,10
Always,10
spray,10
Calvin,10
men,10
myself,10
irons.,10
"thick,",10
case,10
spend,10
black,10
Marcel,10
hang,10
pores,10
Opi,10
sheer,10
coat.,10
"coat,",10
pale,10
Gorgeous,10
keeps,9
"Also,",9
working,9
minty,9
doing,9
"day,",9
With,9
absolute,9
amazing,9
saw,9
(and,9
brands,9
wouldn't,9
6,9
haven't,9
needs,9
rather,9
live,9
us,9
you're,9
this!,9
out.,9
quick,9
hint,9
hand,9
anyone,9
rich,9
smoothly,9
layer,9
amazing.,9
comes,9
smell.,9
"on,",9
",",9
home,9
perfect.,9
Christmas,9
nicely,9
fan,9
women,9
here,9
work.,9
end,9
gives,9
three,9
Ive,9
control,9
store,9
New,9
type,9
quality.,9
hold,9
red.,9
pretty.,9
color!!!,9
coats.,9
Such,9
periwinkle,9
deep,9
chip,9
polishes.,9
show,8
paste,8
What,8
flavor,8
darker,8
Now,8
you.,8
stain,8
having,8
.,8
extra,8
maybe,8
works.,8
mix,8
"teeth,",8
else.,8
years!,8
none,8
AND,8
whitens,8
cannot,8
tea,8
Like,8
reviews,8
seller,8
night,8
NOT,8
our,8
thanks,8
it!!!,8
replace,8
uses,8
everyone,8
refreshing,8
online,8
person,8
Bought,8
stores.,8
to.,8
Klein,8
mom,8
odor,8
antiperspirant,8
"smooth,",8
broke,8
fairly,8
tool,8
inch,8
temperature,8
forever,8
"love,",8
on.,8
next,8
Duty,8
"red,",8
face,8
tan,8
practice,8
true,8
OPI!,8
Color,8
formula,8
recommended.,7
things,7
toothpastes,7
making,7
told,7
money.,7
aren't,7
left,7
pay,7
care,7
"time,",7
more.,7
order.,7
minutes.,7
matter,7
look.,7
place,7
skeptical,7
"now,",7
matches,7
Thanks,7
im,7
began,7
feels,7
her.,7
"Well,",7
fact,7
name,7
"up,",7
given,7
away.,7
here.,7
son,7
effective,7
match,7
issues,7
--,7
service,7
bad,7
By,7
purchase.,7
recently,7
available,7
Hard,7
texture,7
likes,7
packaged,7
favorite.,7
wonderful.,7
fell,7
oily,7
ask,7
winter,7
cologne.,7
certain,7
experience,7
way.,7
de,7
hours,7
Wonderful,7
"Amazon,",7
entire,7
point,7
knew,7
"fast,",7
dropped,7
hair!,7
7,7
fall,7
straightens,7
paid,7
"me,",7
Heats,7
reduced,7
normal,7
Please,7
style,7
traditional,7
go-to,7
wore,7
cover,7
chipping.,7
coverage.,7
coverage,7
picture,7
blue.,7
summer!,7
layers,7
fair,7
"Love,",7
vibrant,7
smile,6
Product,6
IS,6
notice,6
dried,6
mine,6
whiter,6
originally,6
done.,6
all.,6
whiter.,6
whitened,6
VERY,6
described.,6
delivery.,6
shop,6
white.,6
Well,6
food,6
suggest,6
cant,6
finish,6
price!,6
while.,6
toothbrush.,6
supersmile,6
stopped,6
kept,6
Can't,6
drink,6
cleaning,6
Another,6
"stores,",6
ready,6
People,6
gel,6
yes,6
original,6
happen,6
yellow,6
easily.,6
deal,6
short,6
however,6
slight,6
plus,6
tiny,6
Got,6
across,6
pleasant,6
did.,6
truly,6
sometimes,6
choose,6
mostly,6
cheaper,6
I'll,6
Every,6
let,6
"price,",6
you'll,6
start,6
Loved,6
"pricey,",6
ordering,6
Amazing,6
"to,",6
"this,",6
described,6
during,6
Favorite,6
light.,6
wish,6
shampoo,6
"scent,",6
heavy,6
job.,6
itching,6
multiple,6
citrus,6
slightly,6
arms.,6
deodorant.,6
underarms,6
too!,6
clothes,6
difficult,6
long.,6
All,6
Came,6
ever!,6
others,6
ones,6
medium,6
straightner,6
owned.,6
problem,6
gone,6
"long,",6
somewhat,6
set,6
do.,6
2-3,6
easier,6
month,6
that.,6
Spring,6
sort,6
perfectly.,6
wedding,6
colors.,6
bottles,6
cute,6
matte,6
fave,6
black.,6
"polish,",6
painted,6
neutral.,6
expected,6
toes!,6
sparkle,6
Orleans,6
collection.,6
added,5
Be,5
GREAT,5
personally,5
stained,5
stuff.,5
week.,5
smelling,5
ever!!!,5
with.,5
backs,5
toothpastes.,5
seemed,5
abrasive,5
"and,",5
sticky,5
couldn't,5
half,5
changed,5
electric,5
flavor.,5
Then,5
"again,",5
problems,5
sensitivity,5
(I,5
Makes,5
wash,5
finding,5
4,5
mint.,5
2nd,5
We,5
THE,5
either.,5
cost,5
kind,5
everyday.,5
Was,5
cleaned,5
fast.,5
pricey,5
also.,5
read,5
become,5
spent,5
often,5
baby,5
severe,5
Buy,5
difference.,5
ever.,5
ago.,5
return,5
family,5
Super,5
Don't,5
expect,5
needed.,5
non,5
certainly,5
combination,5
To,5
overpowering,5
"months,",5
friends,5
run,5
Only,5
third,5
Fast,5
Happy,5
him,5
surprised,5
own.,5
Nothing,5
caused,5
soaks,5
On,5
lotion!,5
happy.,5
area,5
purchasing,5
IT,5
break,5
seconds,5
directly,5
right.,5
is.,5
shower,5
carrying,5
lovely,5
shipped,5
item.,5
"you,",5
hours.,5
"perfect,",5
"fresh,",5
man,5
sister,5
condition,5
off.,5
silky,5
"dry,",5
perfume.,5
worn,5
beat,5
myself.,5
nose,5
much!,5
suffered,5
!!,5
Received,5
stick,5
leave,5
He,5
ck,5
larger,5
green,5
unisex,5
ladies,5
Long,5
reason,5
Eau,5
deodorants,5
"one,",5
thank,5
satisfied,5
At,5
excellent.,5
Had,5
Right,5
That,5
personal,5
cold,5
perfectly,5
nice.,5
did!,5
Ordered,5
school,5
large,5
straightening,5
one!,5
crack,5
keeping,5
wide,5
straighteners,5
Iron,5
life,5
smaller,5
ton,5
shine,5
alot,5
barrel,5
house,5
FOR,5
thrilled,5
constant,5
sun,5
immediately,5
comfortable,5
smoother,5
soon,5
figure,5
thin,5
applying,5
"first,",5
"irons,",5
stylist,5
clamp,5
you've,5
tip,5
learn,5
holding,5
Exactly,5
sizes,5
time!,5
party,5
shows,5
"colors,",5
Put,5
chip.,5
Looks,5
Polish,5
"beautiful,",5
chips,5
opi,5
sand,5
searching,5
chipping,5
"blue,",5
everything.,5
Lovely,5
glitter.,5
Lasts,5
toe,5
gold,5
timely,5
"shade,",5
coral,5
work!,4
"works,",4
etc.,4
"So,",4
me!,4
worse.,4
toothpaste!,4
cleaner,4
Also,4
you!,4
doesnt,4
whether,4
there.,4
dental,4
side,4
tad,4
anymore.,4
toothbrush,4
much.,4
brown,4
lines,4
near,4
are.,4
"ago,",4
guess,4
accelerator,4
note,4
regret,4
Supersmile.,4
"far,",4
"toothpaste,",4
instead,4
Whitening,4
helped,4
"expensive,",4
SO,4
lot.,4
receive,4
clean.,4
recommend.,4
Does,4
comment,4
typically,4
gums,4
faster,4
Other,4
irritate,4
place.,4
package,4
change,4
appreciate,4
line,4
young,4
developed,4
"cream,",4
worry,4
special,4
liked,4
try.,4
staining,4
mild,4
amazon,4
expensive.,4
Once,4
months.,4
acne,4
overly,4
line.,4
"work,",4
starting,4
save,4
hate,4
naturally,4
"very,",4
overall,4
irritation,4
low,4
"before,",4
regularly,4
drop,4
helped.,4
Didn't,4
shipping.,4
greasy,4
"smell,",4
opinion.,4
afford,4
addition,4
"light,",4
dryness,4
issue,4
30,4
pump,4
covered,4
scented,4
scrub,4
itself,4
scents,4
turn,4
condition.,4
does.,4
treat,4
allergies,4
cool,4
Excelente,4
actual,4
adore,4
Easy,4
expectations,4
"fragrance,",4
gift.,4
aroma,4
Both,4
love.,4
spring.,4
same.,4
depending,4
except,4
"""I",4
reasonable,4
up.,4
application.,4
hints,4
present,4
Great!,4
sold,4
man's,4
product!!!,4
Been,4
Can,4
signature,4
mind,4
now!,4
complaints,4
compared,4
y,4
year.,4
together,4
best!,4
Why,4
ten,4
owned,4
length,4
straightener.,4
face.,4
straightened,4
beauty,4
damage,4
usual,4
durable,4
section,4
else,4
considering,4
staying,4
That's,4
shiny.,4
thinking,4
learning,4
use!,4
warm,4
"easily,",4
setting,4
piece,4
wonderful!,4
settings,4
covers,4
counter,4
technique,4
normally,4
close,4
course,4
hand.,4
"curls,",4
works!,4
new.,4
"down,",4
applied,4
felt,4
rough,4
areas,4
redness.,4
appearance,4
brought,4
"is,",4
lighter,4
dark.,4
website,4
KP.,4
back.,4
keratosis,4
chicken,4
fingers,4
decent,4
legs,4
"arms,",4
Two,4
Try,4
putting,4
glides,4
"off,",4
Curls,4
tricky,4
recommend!,4
learned,4
holds,4
match.,4
power.,4
before.,4
excited,4
sparkles,4
"bright,",4
Neutral,4
manicure,4
tone.,4
pic,4
"coats,",4
iridescent,4
application,4
tone,4
matched,4
feminine.,4
COLOR,4
grow,4
silver,4
shimmery,4
unique,4
"pink,",4
shimmer,4
shimmer.,4
pedicure,4
beautiful!,3
whitening.,3
drugstore,3
quit,3
burned,3
painful,3
IT!,3
front,3
later.,3
rest,3
pearly,3
fresh!,3
maintain,3
Last,3
About,3
sticking,3
smelled,3
stuck,3
constantly,3
wake,3
white!,3
system,3
month.,3
buy.,3
"bit,",3
cinnamon,3
Expensive,3
six,3
improvement,3
"And,",3
"fact,",3
stuff!,3
imagine,3
Using,3
thankful,3
realize,3
dentist.,3
improved,3
step,3
TOOTHPASTE,3
LIKE,3
WORTH,3
"clean,",3
literally,3
penny.,3
unless,3
;),3
"easy,",3
i'm,3
upset,3
horrible,3
SuperSmile,3
"coffee,",3
Since,3
gums.,3
seen,3
removing,3
16,3
burning,3
strips,3
trays,3
according,3
plan,3
promised,3
so.,3
alone,3
delighted,3
"products,",3
Even,3
around.,3
value,3
occasionally,3
remember,3
ran,3
yourself.,3
"strong,",3
burst,3
explained,3
build,3
send,3
review.,3
:-),3
discoloration,3
cleaner.,3
chemical,3
"right,",3
wonders,3
shot,3
minute,3
tried.,3
everyone.,3
help.,3
brush.,3
pearl,3
beautifully,3
"all,",3
"minutes,",3
"days,",3
Seller,3
smelling.,3
Fresh,3
"refreshing,",3
moisturizer,3
all-time,3
swelling,3
HIGHLY,3
lotions.,3
lotions,3
absorbs,3
sell,3
local,3
longer.,3
Is,3
lid,3
mention,3
nor,3
delivery,3
"quality,",3
metal,3
"summer,",3
spa,3
nicely.,3
lightly,3
Stays,3
all!,3
beautifully.,3
tired,3
"however,",3
experienced,3
part,3
finish.,3
shower.,3
instantly,3
result,3
packaging,3
greatly,3
women.,3
opened,3
describe,3
reduce,3
allows,3
birthday,3
bath,3
market.,3
perfumes,3
First,3
"expected,",3
"wanted,",3
doubt,3
Toilette,3
beats,3
taking,3
Packaging,3
damaged,3
life.,3
hubby,3
scents.,3
for.,3
early,3
sweat,3
Excellent!,3
Subtle,3
blend,3
energetic,3
notes,3
overbearing,3
colognes,3
like.,3
including,3
"crisp,",3
girlfriend,3
"cologne,",3
strong.,3
modern,3
Out,3
How,3
compliment,3
fun,3
screw,3
cap,3
odor.,3
percent,3
tend,3
setting.,3
While,3
"good,",3
"perfume,",3
boyfriend,3
customer,3
THAT,3
lady,3
throughout,3
fresh.,3
LOVED,3
"while,",3
confident,3
"Anyway,",3
body.,3
guy,3
seasons,3
hue,3
suitable,3
done!,3
either,3
pick,3
comments,3
"CK1,",3
others.,3
classic,3
share,3
---,3
simple,3
daily.,3
es,3
Wife,3
afraid,3
Has,3
favorites,3
taken,3
trips,3
12,3
"heat,",3
forever.,3
out!,3
straight.,3
it...,3
broke.,3
"many,",3
mistake,3
known,3
straightener!,3
million,3
times.,3
broken,3
impressed.,3
Sally,3
nearly,3
layers.,3
heating,3
working.,3
exact,3
tools.,3
rid,3
bigger,3
four,3
fine,3
Helen,3
had.,3
perfect!,3
plates,3
barely,3
Flat,3
girl,3
hairdresser,3
older,3
seller.,3
"ones,",3
gem.,3
beginning,3
figured,3
healthy,3
Might,3
worst,3
pop,3
waves,3
highest,3
specific,3
five,3
hairstylist,3
familiar,3
died,3
get.,3
friend's,3
TO,3
...,3
complete,3
drying,3
dryer,3
dollars,3
anywhere.,3
some.,3
reasonably,3
dresser,3
pro,3
pleased.,3
rosacea,3
above,3
nose.,3
Some,3
"creams,",3
reduces,3
hour,3
bumps.,3
dermatologist,3
soothing,3
"soft,",3
"clear,",3
that's,3
Cool,3
affected,3
noticeable.,3
tinted,3
against,3
sun.,3
worked.,3
foundation,3
oil,3
fully,3
anti-perspirant,3
Application,3
itchy,3
underarms.,3
bumpy,3
works!!,3
messy,3
lavender,3
doctor,3
happened,3
answer,3
results!,3
thats,3
washing,3
kp,3
go.,3
pilaris,3
sorry,3
FEW,3
SKIN,3
MY,3
PERFECT,3
upper,3
"nice,",3
glycolic,3
acid,3
becoming,3
seeing,3
avoid,3
stand,3
cleared,3
careful,3
honestly,3
"out,",3
"condition,",3
mixed,3
gunk,3
different.,3
styling,3
styles,3
curl.,3
have.,3
standard,3
curled,3
Worth,3
handle.,3
beach,3
youtube,3
tutorials,3
clients,3
iron!!,3
videos,3
watch,3
loaded,3
cord,3
grip,3
Get,3
curls.,3
curls!,3
....,3
wrong,3
size.,3
Shine,3
Picture,3
Porefect,3
bring,3
nail.,3
pictures,3
sheen,3
stars,3
brands.,3
shades.,3
classy,3
pinky,3
compliments!,3
manicure.,3
french,3
stayed,3
Summer,3
Samoan,3
Sand,3
nailpolish,3
consistency,3
stocking,3
"nail,",3
Red,3
pictured.,3
Im,3
photo,3
"black,",3
everything!,3
"forever,",3
generally,3
Nail,3
Dries,3
"silver,",3
applies,3
topcoat,3
Me,3
manner.,3
idea,3
fun!,3
fall.,3
love!,3
hoping,3
pastel,3
pretty!,3
packaged.,3
summertime,3
complements,3
"neutral,",3
look!,3
flecks,3
teeth!,2
(from,2
"away,",2
brushing,2
WORKS,2
stated.,2
here!,2
DID,2
"felt,",2
mouth.,2
"brush,",2
"bed,",2
bottom,2
heal.,2
loyal,2
user,2
crowns,2
bonding,2
trick!,2
placed,2
hurt,2
flavors,2
"taste,",2
stains.,2
cleanings,2
whites.,2
Yellow,2
"white,",2
Plus,2
breath,2
whiteness.,2
Prompt,2
session.,2
be.,2
nervous,2
gone.,2
realized,2
shouldn't,2
assume,2
"Additionally,",2
happening.,2
causing,2
polished,2
morning.,2
gross,2
advertised,2
"gritty,",2
essence,2
"weeks,",2
paying,2
age,2
closely,2
free!,2
"cost,",2
"strips,",2
rinse,2
cavities.,2
Mint,2
Accelerator,2
"1,",2
Doesn't,2
~,2
priced,2
wonderfully,2
checkups,2
Should,2
treatment.,2
Although,2
BUY,2
PRODUCTS,2
amazed,2
"best,",2
lol,2
:,2
),2
change.,2
promise,2
dirt,2
nice!,2
Finally,2
"office,",2
whose,2
peridex,2
wisdom,2
"others,",2
invested,2
gray,2
caution,2
types,2
required,2
Teeth,2
sore,2
colgate,2
supersmile.,2
Yes,2
spearmint,2
porcelain,2
switched,2
fake,2
"enamel,",2
berries,2
scrubbing,2
lightened,2
removed,2
"gums,",2
brighten,2
"veneers,",2
"""",2
Takes,2
yr,2
discolored,2
mins,2
3-4,2
stops,2
minimal,2
expense,2
"daily,",2
middle,2
Tetracycline,2
drug,2
banding,2
bleaching,2
been.,2
system.,2
ice,2
sweetness,2
enamel,2
Tried,2
too!!,2
An,2
diminished,2
prices,2
Remember,2
Think,2
hooked.,2
children,2
"in,",2
going.,2
"shipping,",2
maintenance.,2
explain,2
smile.,2
blanx,2
"user,",2
Clean,2
"yourself,",2
healthy.,2
Smile,2
Flavor,2
value.,2
Feels,2
ingredients,2
remedy,2
mood,2
subtle.,2
Brush,2
contain,2
Several,2
offers,2
words,2
Bad,2
Purchased,2
mother,2
Dr.,2
"""how",2
lighten,2
online.,2
automatic,2
soda,2
frequent,2
water,2
safe,2
(instead,2
plain,2
separate,2
(to,2
additional,2
"say,",2
chocolate,2
cosmetic,2
BEST.,2
"then,",2
gum,2
easy.,2
anything.,2
drawback,2
using.,2
NEVER,2
wine,2
whatsoever.,2
Because,2
"everyday,",2
Beauty,2
$36,2
strongly,2
over-the-counter,2
can.,2
Within,2
residue,2
pleasant.,2
air,2
Scent,2
itch,2
hydrating,2
"invigorating,",2
rubs,2
Wasn't,2
silky.,2
smell!,2
watered,2
down.,2
Lots,2
loads,2
overpowering.,2
"ladies,",2
Keeps,2
hydrated,2
Archipelago,2
18,2
closed,2
issue.,2
spill,2
imagined,2
appealing,2
apparently,2
soft.,2
convenient,2
essential,2
ship,2
says.,2
Three,2
<3,2
immediately.,2
product!!,2
refreshing.,2
thin.,2
myriad,2
dryness.,2
Morning,2
"that,",2
based,2
lemony,2
"cheaper,",2
woman's,2
over.,2
sugary,2
popular,2
double,2
scent!,2
crisp.,2
head,2
"hydration,",2
Leaves,2
upside,2
bubble,2
running,2
wrapped,2
introduced,2
promptly,2
sample,2
creme,2
suffers,2
moisturize,2
sized,2
"""too",2
kinda,2
her!,2
S&H,2
"same,",2
spay,2
Cant,2
colognes.,2
twists,2
"deo,",2
thing.,2
favourite,2
would.,2
"happy,",2
wearing.,2
masculine,2
"antiperspirant,",2
unfortunately,2
reactions,2
(mostly,2
aluminum,2
like).,2
"subtle,",2
want.,2
sticky.,2
"classic,",2
authentic.,2
favorite!,2
Better,2
department,2
cologne/perfume,2
!!!,2
"usual,",2
u,2
this...,2
pleasing,2
sweet,2
create,2
daytime,2
enjoying,2
confidence,2
fragance,2
mixes,2
"flowery,",2
"home,",2
perfumes.,2
son.,2
pleasantly,2
indeed,2
"way,",2
sprays.,2
(or,2
woman,2
fragrances,2
"own,",2
met,2
lasting.,2
Quality,2
appears,2
options,2
anywhere,2
"Overall,",2
casual,2
tends,2
excelente,2
GOOD,2
complaints.,2
clothes.,2
muy,2
alcohol,2
free.,2
Real,2
remain,2
delivery!,2
SHOULD,2
BE,2
father,2
him.,2
wonder,2
bold,2
there's,2
"clothes,",2
consider,2
they'd,2
legit,2
One.,2
choice.,2
occasions.,2
damn,2
delicious,2
"1996,",2
chest.,2
"life,",2
versatility,2
"winter,",2
spicy,2
therefore,2
"This,",2
unit,2
"advertised,",2
Smell,2
law,2
self,2
bf,2
bother,2
wears.,2
target.,2
medicine,2
box,2
company,2
admit,2
optimal,2
word,2
though.,2
"packaging,",2
"hours,",2
lovely.,2
proof,2
traveling.,2
major,2
woman.,2
decide,2
"used,",2
(,2
Delivery,2
packed,2
delicate,2
contact,2
supposed,2
gender,2
more!,2
Day.,2
reflects,2
Este,2
e,2
por,2
(which,2
differently,2
overwhelming.,2
locally.,2
wife's,2
fancy,2
listed,2
both.,2
hesitate,2
protection,2
lasts!,2
practically,2
version.,2
studies,2
regarding,2
job!,2
Still,2
advertised.,2
soon.,2
store.,2
oz.,2
tiempo,2
se,2
Shipping,2
form,2
flower,2
fragrances.,2
(like,2
poor,2
hotter,2
"tried,",2
thinner,2
1000,2
once.,2
"anymore,",2
flaking,2
fro,2
buy!,2
previous,2
LOVES,2
Her,2
market,2
13,2
straightners,2
supply,2
Amazon.com.,2
"straightener,",2
She's,2
trick.,2
write,2
durability,2
holidays,2
25,2
anything!,2
carry,2
"sections,",2
head.,2
CHI,2
happier!,2
chi,2
school.,2
combo,2
hairspray,2
portion,2
$20,2
"her,",2
quicker,2
require,2
14,2
chose,2
mess,2
"straight,",2
EVERY,2
"available,",2
stylist.,2
pass,2
Gets,2
discontinued,2
feature,2
wonderfully.,2
includes,2
months!,2
borrowed,2
(it,2
breaks,2
case.,2
Iron.,2
Completely,2
heated,2
evenly,2
decade,2
tool.,2
conditioning,2
years!!,2
frizzy,2
downside,2
correctly,2
protect,2
wirey,2
HOT,2
eventually,2
"will,",2
page,2
temp,2
till,2
tops,2
onto,2
wanted.,2
vidal,2
seriously,2
3/4,2
50,2
level,2
WITH,2
blow,2
48,2
sweaty,2
comfort,2
theres,2
affordable,2
house.,2
hot!,2
days!,2
minutes!,2
sooo,2
yrs,2
wondered,2
"for,",2
total,2
Products,2
recommendation,2
showed,2
trust,2
daughters,2
offered.,2
most.,2
"cheeks,",2
"nose,",2
relief,2
symptoms,2
"so,",2
desperate.,2
moisturizer.,2
associated,2
eczema,2
Helped,2
term,2
effective.,2
breakouts.,2
veins,2
rarely,2
terrible,2
extreme,2
prompt,2
"not,",2
later,2
These,2
expecting,2
prescription,2
Rosacea,2
reviewers,2
creams,2
plopped,2
bucks,2
Boy,2
improve,2
reaction,2
"moisturizer,",2
"wet,",2
speeds,2
DermaDoctor,2
suffering,2
"later,",2
underarm,2
Dermadoctor,2
convinced,2
commercial,2
allergic,2
minor,2
"shower,",2
future.,2
single,2
dollar,2
grocery,2
"anti-perspirants,",2
FANTASTIC!,2
"week,",2
itch.,2
test,2
upon,2
arm,2
begin,2
less.,2
long!,2
dermadoctor,2
sooner,2
However,2
earlier,2
sleeveless,2
(in,2
chemicals,2
parts,2
17,2
"yes,",2
per,2
Use,2
problem.,2
"back,",2
number,2
fast!,2
ON,2
MONTHS,2
"""chicken",2
"food,",2
sanitizer,2
ends,2
spending,2
"try,",2
BY,2
HAVE,2
habit,2
reduction,2
4oz,2
$50,2
growing,2
weird,2
discovered,2
applications.,2
applied.,2
agree,2
burns,2
anyway,2
"KP,",2
sunscreen,2
incredibly,2
"cracked,",2
lower,2
visible.,2
"brands,",2
ability,2
smoother.,2
Smooth,2
achieve,2
reordering,2
"bumps,",2
Never,2
"too,",2
Professional,2
bits,2
"helpful,",2
please,2
Christmas.,2
saying,2
"stylist,",2
option,2
lever,2
release,2
spin,2
cuts,2
(you,2
"setting,",2
Hope,2
"curl,",2
practice.,2
cuz,2
versatile,2
licensed,2
tool!,2
design,2
trip,2
cost.,2
promptly.,2
awesome.,2
fabulous,2
gold.,2
beginners,2
quick.,2
purchase!,2
patient,2
YouTube,2
made.,2
HOT.,2
clip,2
grab,2
changes,2
look),2
curler,2
helpful,2
master,2
lock,2
"sister,",2
enough.,2
practicing,2
Less,2
cosmetology,2
teacher,2
wind,2
cosmetologist,2
lucky,2
wrapping,2
"careful,",2
stating,2
salons,2
became,2
wand,2
turned,2
catching,2
watching,2
lack,2
curve,2
well!,2
tries,2
spinning,2
prettiest,2
provides,2
complementing,2
informed,2
rolling,2
effects,2
prone,2
"problem,",2
perhaps,2
dots,2
hardly,2
skin!,2
effect,2
clarifying,2
dab,2
smaller.,2
disappear,2
bit.,2
photos,2
makeup,2
(especially,2
mother.,2
anyway.,2
burgundy,2
outfit.,2
vibrant.,2
shine.,2
ease.,2
thinning,2
Essie's,2
Taupe,2
negative,2
"pinks,",2
shades!,2
even.,2
spring/summer,2
anymore,2
Holds,2
purple.,2
"everything,",2
flatters,2
pink!,2
sheer.,2
sufficient,2
Princesses,2
Your,2
"""go",2
Yummy,2
color!!!!,2
disappointed!,2
feminine,2
round,2
winner,2
elegant,2
stylish,2
call,2
coat!,2
"polishes,",2
Lincoln,2
Park,2
undertone,2
winter.,2
pinks.,2
Rosy,2
salon.,2
Shimmer,2
remover.,2
lets,2
lasts.,2
Gave,2
Ill,2
Revlon,2
OPI's,2
whatever,2
"natural,",2
wear!,2
(as,2
"match,",2
tan.,2
t,2
"myself,",2
"purple,",2
fav,2
find.,2
"pretty,",2
red!,2
"classy,",2
color-,2
you'd,2
Alpine,2
OPi,2
"elegant,",2
overwhelming,2
shimmer!,2
fall/winter,2
"wedding,",2
vacation,2
scalp.,2
gentle,2
leave-in,2
conditioner,2
scalp,2
discontinue,2
Used,2
wedding.,2
pics,2
"gal,",2
polish!!,2
glittery,2
"smoothly,",2
"glitter,",2
color;,2
Must,2
Take,2
Applies,2
lasting!,2
chose.,2
undertones.,2
needed!,2
runny,2
opal.,2
them!,2
stunning,2
late,2
Usual,2
translucent,2
iridescence,2
toes.,2
creamy.,2
streaky,2
Seche,2
Vite,2
update,2
smoothly.,2
first.,2
gem,2
Polish.,2
"name,",2
True,2
Wears,2
olive,2
envy,2
shade!,2
lacquer.,2
opaque.,2
eye.,2
grey,2
"glittery,",2
faint,2
Delivered,2
leans,2
bronze,2
gorgeous.,2
#1,2
periwinkle.,2
pops,2
perky,2
pinkish,2
eye,2
neon,2
Glad,2
ANYTHING,2
watery,2
lol.,2
interesting,2
nails!,2
Could,2
"sparkles,",2
painting,2
quality!,2
pleased!,2
ordered.,2
tones,2
Quick,2
Dark,2
quickly!,2
Amazon!,2
salon!,2
Awesome!,2
"design,",2
Color.,2
Candles,2
Cake,2
orange,2
Wednesday,2
"night,",2
Monday.,2
"bubble-wrap,",2
fine.,2
loveeeee,2
"shiny,",2
accent,2
Sparkle,2
diamonds,2
more!!!!,2
"toes,",2
favs!,2
season,2
glass,2
Liquid,2
giving,2
Calprox,1
tea),1
....highly,1
Patience,1
"needed,",1
overnight.,1
(gently),1
minutes...then,1
sessions.,1
tasting,1
paste!,1
previously,1
TV,1
channel,1
offer,1
alone!,1
"rinse,",1
"pretreatment,",1
"""Supersmile"",",1
veneers.,1
scrubbing.,1
"pastes,",1
tissue,1
lodged,1
bones,1
"palette,",1
hole,1
usimg,1
"whitened,",1
desperate,1
doubts,1
"order,",1
bomb!,1
fav.,1
jury,1
apple,1
boring,1
"""mint""",1
favored,1
Removes,1
launched.,1
bonded,1
tooth.,1
whitener!,1
whiten!,1
kids,1
taste.,1
shipping...great,1
pea-sized,1
effectively.,1
usual.,1
Found,1
chemist,1
NYC.,1
A+,1
born,1
smoking,1
"gumline,",1
what's,1
Sensodyne,1
"cleaning,",1
weren't,1
verge,1
polishing,1
machine,1
grit,1
ruining,1
"Suddenly,",1
popped,1
search.,1
tobacco,1
smoked,1
forty,1
hands.,1
suddenly,1
chewing,1
meal,1
flossing,1
ate.,1
Yesterday,1
stuck.,1
film,1
breath!,1
fence,1
jump.,1
"BTW,",1
tube!,1
defiantly,1
using..,1
lighter.,1
directed,1
dry..Highly,1
vaneers,1
woke,1
whiter!,1
sonic,1
"Product,",1
twenty,1
attention.,1
uniformly,1
absolutely.,1
"dazzling,",1
year).,1
"fluoride,",1
swish,1
mouthwashes).,1
hygienist,1
pee,1
WOOOHOOOS.,1
Icy,1
Tooth,1
Paste.,1
conjunction,1
Tube.,1
Place,1
toothbrush(pea,1
size),1
observe,1
crowns!,1
"wine,",1
Fixed,1
spots,1
disappoint.,1
Reasonably,1
applications,1
Gum,1
refreshing!,1
program.,1
hundreds,1
"""dead",1
"looking""",1
surrounding,1
teech.,1
u.,1
magyar,1
DON'T,1
REGULAR,1
ANYMORE,1
SINCE,1
I'VE,1
BEEN,1
USING,1
NORMALLY,1
ORIGINAL,1
BRAND,1
TRIED,1
KIND,1
"BETTER,",1
THESE,1
MONEY,1
found.,1
polished.,1
"more,",1
assisted,1
overcoming,1
serious-,1
"toothpast,",1
(honestly),1
somewhere,1
biggest,1
strips-,1
now!!!!,1
tried...,1
works....,1
"stuff,",1
Toothpaste,1
delivers,1
"shades,",1
truth.,1
basis.,1
brightens,1
smiles,1
uses.,1
washed,1
Yummy!,1
Whitens,1
cleans,1
effectively,1
gentle.,1
trouble.,1
"mouth,",1
sells,1
Much,1
easier!,1
removed.,1
"braces,",1
"extractions,",1
extraction,1
oral,1
surgeon,1
"""whiteners""",1
Alternate,1
"are,",1
credit,1
beverages.,1
great---almost,1
visit,1
problem----does,1
"Yes,",1
crest.,1
Tastes,1
he's,1
stains!,1
toms,1
toothpase,1
"toms,",1
protective,1
glaze,1
"coffeeeeeeeee.....so,",1
"layers,",1
absorbing,1
stains.....so,1
must!!,1
plaque.,1
cleanses,1
not.,1
date.,1
"Whitening""",1
list...,1
Guess,1
what?,1
works...,1
Fabulous,1
Product.,1
Recieved,1
claim,1
age.,1
"working,",1
dentist),1
soreness,1
tender,1
all),1
Brushing,1
circular,1
motion,1
forgotten,1
"trip,",1
brushings,1
"difference,",1
concerned,1
reviewer's,1
re-discolor,1
unavoidable,1
happens,1
provide,1
test...meanwhile,1
continuing,1
trouble.....I,1
wine.....,1
pricy.,1
Fantastic,1
ordef,1
waiting,1
freshen,1
combined,1
"child,",1
tonsillitis,1
widely,1
prescribed,1
antibiotic,1
Unfortunately,1
permanent,1
develop,1
ranging,1
"intensity,",1
translucent.,1
"translucency,",1
methods,1
(professional,1
over-the-counter),1
"avail,",1
brighter,1
they've,1
disliked,1
tingle.,1
Green,1
"Apple,",1
harshness,1
cloying,1
looks!,1
pea-size,1
amount.,1
"skeptic,",1
Super!!!,1
exclusively,1
benefit,1
"""morning",1
"breath!""",1
QVC,1
today's,1
higher,1
once/day,1
AM.,1
sensitivity!,1
darken,1
antibiotics,1
big-boy,1
stained.,1
improvement.,1
"upkeep,",1
smokers,1
drinkers.,1
besides,1
crest,1
sesitivity,1
Took,1
Did,1
acuator,1
(?),1
gitgo.,1
gloppy,1
toothpastes;,1
cleanest,1
"""sweaters""",1
periodontal,1
disease,1
healthier,1
browsing,1
net,1
"thanks,",1
"juice,",1
whiting,1
prefers,1
Of,1
amazingly,1
comparing,1
against?,1
"Colgate,",1
"Toms,",1
Blanx.,1
distribute,1
artic,1
moss,1
states,1
Pros:,1
Cons:,1
Price...,1
trying.,1
Go,1
indulge,1
tube.,1
gradually,1
enamel.,1
January.,1
HONESTLY,1
ans,1
'upkeep'.,1
sensitivity.,1
bleach,1
mega,1
watt,1
.whitens,1
too.my,1
aspect,1
Recommend!,1
great!!!,1
neosporin,1
(ie,1
icy,1
mint),1
Cinnamon,1
trick,1
regularyly,1
pastes,1
properties,1
smile!,1
Dentist,1
recommends,1
"started,",1
"easier,",1
plaque,1
shape.,1
usage.,1
Here,1
mandatory,1
BRIGHT.,1
Smigle,1
shelf.,1
veneer,1
researched,1
"veneers""",1
opted,1
signed,1
shipments!!,1
PRODUCT!!,1
baking,1
cloves,1
cinnamon.,1
low-foam,1
gently,1
removes,1
stubborn,1
"tea,",1
wine.,1
traveler,1
countries,1
"boiling,",1
beverages,1
water),1
norm,1
diet,1
unattractive,1
brushed,1
visits.,1
Supersmile's,1
possible.,1
accelerant,1
inbetween,1
stains),1
beyond,1
(but,1
optical,1
white).,1
2-mins.,1
treatment,1
dedicated,1
primary,1
tasty.,1
Ya,1
$15.00,1
Needless,1
addicted,1
show.,1
shocked,1
immediate,1
whitening!,1
Peridex,1
whitener,1
scheme,1
services,1
Scottsdale.,1
pros,1
trays.,1
re-whiten,1
BOY,1
None,1
bonus,1
we've,1
teeth/mouth,1
"""toothpaste""",1
Smigel,1
genius,1
inventing,1
written,1
"review,",1
Dealing,1
follow-up.,1
"Kindle,",1
"high,",1
Any,1
"sales,",1
Donna,1
Grubbs,1
offensive,1
recommending,1
"smokers,",1
Regular,1
ocassionally,1
smoke,1
semi,1
annual,1
tartar,1
buildup.,1
necessary,1
reality,1
significantly,1
drinker,1
tubes,1
daughter's,1
check,1
order!,1
Do,1
American,1
Discount,1
Supply!!!!,1
emailed,1
called,1
inquires,1
Wasted,1
"""bought""",1
Floss).,1
supplier...,1
"whitening,",1
flavored,1
brushing.,1
overt,1
"""backing",1
"soda""",1
Forget,1
"""whitening""",1
power,1
need!,1
exceptionally,1
relatively,1
chair-side,1
dentist's,1
office.,1
(along,1
gel),1
"lotions,",1
far.,1
"little,",1
behind.,1
product~,1
resfreshing,1
sending.,1
we'll,1
wrapped.,1
product;,1
satisfied!,1
Gloriously,1
scent...arrived,1
again...and,1
moisturizes,1
feeling.,1
elbow,1
grease.,1
sensational.,1
LOVEcthis,1
lotion!!!,1
exception.,1
greasy!,1
loation,1
tingly.,1
engaged,1
finder,1
reccomended,1
creame.,1
loation.,1
RECCOMEND,1
"mint,",1
hide,1
it;,1
"paid,",1
across.,1
moisture,1
telling,1
"Light,",1
heavenly.,1
Moisturize,1
greasiness.,1
scent...very,1
AWESOME,1
smells.,1
Way,1
$$,1
superb!,1
"soothing,",1
good!!,1
creamy,1
continued,1
"heavenly,",1
superior,1
retail;,1
Sharon,1
Ferris,1
mint/herbal,1
enjoy.,1
pairing,1
"wash,",1
Marshalls,1
earth,1
expensive?,1
it?,1
IS.,1
relieving,1
"have,",1
nobody,1
"tight,",1
dirt.,1
spilling,1
dust.,1
sellers,1
game,1
Next,1
manufacturer.,1
Yay,1
"God,",1
it),1
lovely!,1
"amazing,",1
MINT,1
heaven.,1
Moisturizes,1
"greasy,",1
pump.,1
oils,1
uplifting,1
business,1
hands!!,1
Experienced,1
"smelling,",1
"""phew-fumy""",1
niece,1
readily,1
softens,1
crazy,1
craved,1
6am,1
tingles,1
product..,1
"container,",1
smooth..,1
"stickiness,",1
applying!,1
features!,1
smelling/working,1
first...but,1
either!,1
sugar,1
month;,1
living,1
western,1
state;,1
dry/cracked/itchy,1
8-15%,1
humidity,1
weeks;,1
scent;,1
disappoints,1
strictly,1
delicious!,1
moisturized,1
frustrating.,1
greasy...not,1
"cheap,",1
waker,1
upper.,1
hydrating.,1
dayspa,1
hotels/motels,1
travel.,1
greasy.,1
"hydrated,",1
"which,",1
"to-date,",1
has.,1
"Tucson,",1
Arizona,1
"monsoon,",1
"age,",1
Beside,1
soy,1
absorb...it's,1
"Regardless,",1
guests,1
appreciated.,1
'soapy',1
unscented,1
extend,1
perfumed,1
oily.,1
"gifts,.",1
why.,1
"But,",1
question,1
desires.,1
Bot,1
Colorado,1
sampler,1
tingly,1
sensation,1
make-up.,1
"lotion,",1
vanilla,1
bean,1
chemically,1
"spa,",1
buttery,1
awakening,1
drove,1
"costly,",1
signs,1
depleting.,1
finished.,1
it...smells,1
clean..Will,1
again...Will,1
future...wish,1
stores...if,1
unwind,1
pampered.,1
needing,1
stress.,1
moisturized.,1
also!,1
pumper,1
sometimes.,1
sister.,1
taped,1
stash,1
"Aspen,",1
CO,1
daughter-in-law,1
since.,1
delicious.,1
replacement,1
perfumed.,1
"parabens,",1
eczema.,1
delightful,1
Generous,1
"strong""",1
Italian,1
coffee!,1
Hydrating,1
Lotion.,1
calms,1
Consider,1
rave,1
advise,1
husbands,1
wives,1
Self,1
interest,1
abounds,1
summer),1
Montana.,1
Marvelous,1
older.,1
reactions.,1
[...].,1
convenient.,1
luxurious,1
energetic.,1
"Be,",1
"Summer,",1
simply,1
=-),1
"Men,",1
"purpose,",1
"sensation,",1
mailed,1
surprise!,1
box.,1
CK1,1
spray.,1
"around,",1
mall.,1
adores.,1
main,1
punch,1
"sandalwood,",1
overbearing.,1
(broken,1
plastic),1
push,1
good!,1
"Seriously,",1
sniffs,1
underarm.,1
i've,1
Immortal,1
Boomhauer,1
tellya,1
"man,",1
dang-ol,1
catnip,1
"man""",1
Nuff,1
said.,1
running!,1
EXCELENTE,1
"fancy,",1
smell!!,1
deodorant++,1
Love......,1
balabala,1
Complain.,1
time...,1
prce,1
bar,1
"itself,",1
pores.,1
varieties,1
otherwise,1
while-so,1
lighter/,1
"irritation,",1
(most,1
surprising),1
transaction.no,1
issues.,1
meet,1
Good!!,1
GOOD!!,1
seductive!!,1
powering.,1
boyfriend.,1
guys,1
girls,1
scent.....,1
housband,1
deodrants,1
dry.,1
it:-),1
Terry/The,1
Chemist!,1
always!,1
OK.,1
fragrance...wouldn't,1
Cologne,1
choice!,1
Thx,1
"seen,",1
"real,",1
26$,1
"malls,",1
"locally,",1
cheaper.,1
excitement,1
activities.,1
Papaya,1
pineapple,1
jasmine,1
base.,1
Warm,1
amber,1
fragrance's,1
subtlety.,1
Introduced,1
"1994,",1
weekend,1
adventures.,1
Splash,1
instant,1
again!!!,1
undertones,1
musk,1
tea-scented,1
reacted,1
positively,1
reminded,1
mornings.,1
"overwhelming,",1
understated,1
obvious.,1
lingers,1
Delicious,1
"Bonus,",1
"normally,",1
Vine,1
Program,1
offered,1
billed,1
"women,",1
sophisticated,1
suit,1
Amazon's,1
"steep,",1
"frangrances,",1
goodly,1
mildness,1
classics.,1
apparently),1
arsenal.,1
Aqua,1
Di,1
Gio,1
Essenza.,1
reason.,1
divine!,1
"fragrances,",1
initially,1
ideally,1
possible?,1
Tommy,1
"wear,",1
yesterday,1
Fragrance.,1
detectable.,1
Klein.,1
accurate.,1
youthful,1
crisp,1
spice,1
backend.,1
sensuality.,1
are:,1
"Bergamot,",1
"Cardamom,",1
"Pineapple,",1
"Papaya,",1
"Jasmine,",1
"Violet,",1
"Rose,",1
"Nutmeg,",1
Musk.,1
questionably,1
legitimate.,1
spritzer,1
questioning,1
longevity,1
duration,1
strengths,1
colognes/perfumes,1
Sometimes,1
designers,1
(at,1
points).,1
Parfum.,1
"essence,",1
designed,1
shorter,1
"While,",1
Parfum,1
contains,1
collection,1
occasion.,1
parties.,1
fade,1
subsides,1
antiperspirants,1
only!,1
Remarkable.,1
NICE,1
Classic!,1
exelente,1
EXCELLENT,1
smell...i,1
period,1
"irritate,",1
"clumps,",1
without.,1
loved.,1
bueno,1
time..,1
stuff..,1
objects,1
Congratulations,1
deals,1
dede,1
Caracas,1
Venezuela,1
Item!,1
described!,1
ONE,1
ENOUGH,1
SAID,1
fulfilled,1
expectations.,1
original.,1
good.!,1
this.!I,1
"simply,",1
breathe,1
elevator,1
RIGHT,1
"NOW""",1
flowery,1
"elevator"".",1
loss,1
EVER.,1
2000.,1
mark,1
workout.,1
"A+,",1
longevity;,1
8-9,1
oldest,1
SON's,1
from.,1
Thanks!,1
wanting,1
not?,1
"did,",1
legit.,1
could've,1
"damaged,",1
row.,1
"version,",1
sporty,1
general.,1
"""eh""",1
intermediate,1
lies,1
springy,1
identical,1
newer,1
projection,1
perfume;,1
"importantly,",1
absorbed,1
nostalgia,1
era,1
people.,1
charm,1
"flame,",1
"overpowering,",1
offenisve,1
"dense,",1
overtones,1
mellow,1
aquatic,1
freshness,1
floral.,1
"imo,",1
bias,1
males.,1
pictured,1
screw-off,1
provided,1
sprayer.,1
counterfeits.,1
authentic,1
projects,1
fine!,1
Typically,1
$40.00.,1
Hightly,1
u:),1
spoiled,1
Nelly,1
CK1.,1
clash,1
you........that,1
teen.,1
bogus,1
on!,1
woman!,1
Okay...,1
MENs,1
WOMENs!!,1
Price,1
exceptional,1
prime,1
C.K.,1
Spray,1
Fragrance,1
preferences,1
"arbitrary,",1
practical,1
"matters,",1
"bottling,",1
advertisied.,1
sturdy,1
atomizer.,1
"unisex,",1
"original,",1
man.,1
Suitable,1
youngsters.,1
selected,1
rating,1
attachment,1
enclosed,1
inside,1
tightly,1
sealed,1
prevent,1
leaking.,1
appreciated,1
feature.,1
transport,1
plus.,1
ABS,1
Showed,1
before!,1
citric!,1
summer.and,1
"complain,",1
apply.,1
sale.,1
"womanly,i",1
skeptic,1
:)),1
flowery-sweet,1
sent,1
"lot,",1
"shows,",1
good!!!!,1
Old,1
Spice,1
standby!).,1
speedy,1
contents,1
protected.,1
I),1
scent...and,1
gooood,1
keen,1
long-lasting...............very,1
female,1
commented,1
positive,1
"specific,",1
male,1
girlfriend.,1
"invented,",1
equally,1
Father's,1
"Obsession,",1
company.,1
"musky,",1
pleasing.,1
out...,1
his.,1
knockoff...,1
deal.,1
complaints!,1
overpowers.,1
aesthetic,1
aesthetic.,1
perfumem,1
uma,1
loucura.tem,1
um,1
perfeito,1
cima,1
estava,1
ou,1
chegou,1
em,1
bom,1
"estado,",1
nota,1
isso,1
perfeio,1
smells!,1
day).,1
us.,1
husband's,1
"deodorant,",1
Soft,1
"bearing,",1
soooooooooooooo,1
much!!!!!!!!!,1
mind.,1
Recommend,1
peoples,1
appropriate,1
Curious,1
gender.,1
described...no,1
problems.,1
Wouldn't,1
again....and,1
will.,1
xmas,1
presesnt,1
sudden,1
network,1
events,1
BF.,1
Lady,1
follow,1
her...,1
nephew.,1
totally.,1
Branded,1
branded,1
old.,1
complaint;,1
bathe,1
"Sniff,",1
"yep,",1
teens/young,1
men.,1
bathes,1
christmas,1
C.,1
K.,1
c.k.,1
unisex.,1
breast,1
"cancer,",1
"stick,",1
packaging.,1
1990s,1
"2012,",1
Order,1
"excellent,",1
attention,1
"immediate,",1
100%,1
opportunity,1
lo,1
maximo,1
ufff,1
believer.,1
hubbie,1
CK's,1
Obsession,1
"deal,",1
caffeine...,1
"citrus,",1
"friends,",1
they'll,1
steal,1
Save,1
gal.,1
1.7,1
walmart.,1
Durante,1
varios,1
a&ntilde;os,1
usado,1
a&uacute;n,1
considero,1
que,1
una,1
gran,1
colonia.,1
Ideal,1
para,1
el,1
d&iacute;a,1
cuando,1
estoy,1
vestido,1
forma,1
casual.,1
fresca,1
vigorizante.,1
Ampliamante,1
recomendada.,1
El,1
producto,1
lleg&oacute;,1
sin,1
problemas,1
"bueno,",1
tipo,1
casual-deportivo.,1
Y,1
permanece,1
bastante,1
en,1
la,1
ropa,1
o,1
piel.,1
evapora,1
r&aacute;pidamente.,1
Lo,1
recomiendo.,1
6.8,1
ounce,1
Tester,1
co-workers.,1
say.,1
refresh,1
vanished,1
"market,",1
"surprise,",1
years..,1
Toilette.,1
work..,1
One!,1
dislike,1
One's,1
citrusy,1
Klien,1
designer,1
perfect(FREE)and,1
"always,",1
Amazon.com,1
It'z,1
Magnet!,1
Oh,1
my!,1
fragrance!!,1
"last,",1
clean!,1
me),1
men's,1
strikes,1
balance,1
womens,1
It!!!,1
enjoyed,1
Paul,1
McCartney,1
"""he's",1
"clean!""",1
calvin,1
klein,1
items,1
A+++,1
it:,1
"Long-lasting,",1
"citrus-like,",1
"Clean,",1
childish,1
-smelling.,1
"mid-teens,",1
(I'm,1
29).,1
"girly"",",1
alternative,1
floral,1
Valentine's,1
Day,1
:|,1
recommend:,1
"noses,",1
anyone!,1
intervals,1
"hot,",1
blast.,1
SUPER,1
"durable,",1
recommended!!,1
shopped,1
Outstanding!,1
Adjustable,1
"cord,",1
FIRST,1
unlike,1
"fancier,",1
craps,1
Fantastic.,1
flats,1
seconds.,1
hottest.,1
Afro,1
thickness,1
wide.,1
Replaced,1
heavily,1
bought!!!!,1
"bald,",1
"remember,",1
Seriously,1
"though,",1
decade.,1
"plates,",1
warm-up,1
survived,1
hinge,1
"error,",1
die.,1
(bought,1
times),1
too-,1
"babybliss,",1
"chi,",1
sink,1
water...,1
Ooooh!,1
shops.,1
"badly,",1
"""ceramic"".",1
inflicting,1
'other,1
unit',1
let's,1
straightner.....,1
auburn,1
straight!,1
width.,1
forward,1
pricier,1
pull,1
curly/wavy,1
trouble,1
rigged,1
appliance!!!,1
3rd,1
Supply,1
apart.,1
knock,1
strands,1
(Mid-back,1
waist,1
length),1
elements,1
2002.,1
width,1
apposed,1
2010.,1
fell.,1
warms,1
Luv,1
"told,",1
"""No,",1
"iron""",1
receiving,1
Leave,1
power!,1
frizzed,1
hours!,1
way!,1
Muy,1
buenas,1
"much,",1
current,1
upgrade!,1
"coarse,",1
frizzy.,1
paddles,1
Straightest,1
African=American,1
relaxer,1
relaxed,1
successful,1
advice,1
Troy.,1
moderinzation,1
con:,1
it...it,1
yank,1
hair..ouch!,1
FABULOUS!,1
(if,1
better),1
(the,1
worked).,1
same...awesome!,1
tired.,1
"nicely,",1
wants,1
fanciest,1
toughest,1
quicker.,1
die,1
teen,1
melt.,1
biggie.,1
"Anyhow,",1
payed,1
overs,1
then.,1
upgrade?,1
money!,1
availabe,1
Housewares,1
@Amazon.,1
(even,1
estimates),1
charge.,1
"2000,",1
lose,1
pad,1
AMAZON,1
HOUSEWARES,1
efficient,1
manner,1
handled.,1
Mine,1
"kinky,",1
"frizzy,",1
shines.,1
resort,1
TIME.,1
devastated,1
again!!,1
paddles.,1
do...Must,1
works!!!,1
luckily,1
"reliable,",1
"inexpensive,",1
serves,1
purpose,1
"low,",1
staightens,1
perfectly!,1
$25.00.,1
$150,1
work!!,1
2005,1
half.,1
already),1
one!!!,1
falls,1
handy,1
sturdier.,1
willing,1
description,1
lie,1
shining.,1
wig,1
"shine,",1
course.lol,1
Looking,1
Stores,1
Able,1
Find,1
Discontinued.,1
"Satisfied,",1
Early,1
Conditions.,1
You!,1
"straighten,",1
abuse.,1
hightest,1
droped,1
thousand,1
=D,1
wondering,1
lowest,1
setting!,1
sturdy.,1
"tool,",1
Before,1
flat!!,1
hers,1
naturally.,1
iron....,1
product/brand.,1
"college,",1
switch!,1
"Anyways,",1
manage,1
sleek,1
probly,1
break.,1
secound,1
heating.,1
reccomend,1
GREAT!,1
yrs.,1
Troy,1
rejoiced!,1
HoT,1
Tools.,1
"frizzing,",1
DC,1
humidity.,1
dies,1
"kicking!),",1
these.,1
awhile,1
"okay,",1
hurry,1
featured,1
them),1
straightner.,1
caught,1
awesome!,1
2007,1
January,1
2011,1
4x,1
honest,1
in-styler,1
bargain.,1
sister's,1
owning,1
tile,1
floor.,1
outrageous.,1
another...it,1
cheap,1
poofed,1
straighter,1
"conair,",1
"such,",1
cheaper!!!,1
"dryer,",1
triple,1
waver,1
ribbon,1
striaghtener,1
ONCE!,1
own!,1
RECOMMENDED,1
ANYONE,1
CURLY,1
HAIR,1
NEEDS,1
STRAIGHTENED!!!!,1
one...in,1
waste,1
IMO,1
years...IF,1
traveling,1
daily),1
"""check",1
"it""",1
luggage,1
airplane,1
WAY,1
plastic,1
EVENTUALLY,1
breaks...where,1
usable,1
pulls,1
(only,1
3+years,1
HEAVY,1
USE),1
happens.,1
AMAZING!!,1
(cork,1
screws),1
bra,1
hooks,1
committed,1
KMS,1
Straightening,1
Cream,1
LIFE!!!,1
"out),",1
FULLY,1
brush...then,1
iron...>>,1
"""board",1
"straight""",1
(unless,1
wet...make,1
umbrella,1
hair)!!,1
hair...it,1
(with,1
practice...but,1
users).,1
Enjoy!!,1
"owned,",1
overstock.com,1
reccommend,1
curly.,1
conair,1
compare,1
home.,1
"iron,but",1
compares.,1
shiny!,1
"Kmart,",1
"Walmart,",1
"Target,",1
else!,1
4a,1
"Plus,",1
Definately,1
3rd.,1
(Replacing,1
years),1
"other,",1
travel,1
troy,1
Straightens,1
ALOT,1
"knots,",1
re-purchase,1
"dies,",1
great!!,1
Chi's-,1
costly,1
Chi.,1
priced.,1
PERFECTLY,1
(when,1
dry....when,1
wet,1
longer).,1
"past,",1
"broke,",1
one---and,1
somehow,1
woks,1
better!!,1
switched.,1
beat.,1
60,1
panels,1
experimented,1
Remington,1
Wet,1
Straight,1
countless,1
$35,1
Chi,1
$60,1
Thanks.,1
grade,1
hottest,1
(mine,1
least),1
plates.,1
reliable,1
brand/model,1
narrower,1
90's,1
harmonious,1
household!!!!,1
"raggedy,",1
uncooperative),1
slick.,1
Hi,1
1190v2,1
interfere,1
inexpense,1
thinks,1
agree.,1
hundred,1
reputable,1
$25.00,1
"tool......D.Campbell,",1
Jersey,1
$125,1
brass,1
intensely,1
locks!,1
calm,1
moderate,1
becomes,1
severely,1
inflamed,1
vitamin,1
"supplements,",1
mineral,1
"yoga,",1
remotely,1
EVER,1
"worked,",1
(drastically,1
usually-,1
"inflammation),",1
"greasiness,",1
allergies.,1
"bought,",1
"risky,",1
"sparingly,",1
"forehead,",1
jar,1
exactly.,1
fragrance/dye,1
generic,1
"regimen,",1
velvety,1
dry),1
dimished,1
"outbreaks,",1
"rosacea,",1
DERMAdoctor,1
Wish,1
5th,1
container.,1
"weather,",1
"swimming,",1
"exposure,",1
hormones.,1
hormonal,1
breakouts,1
"occur,",1
"supple,",1
comforting.,1
"""spider",1
"veins""",1
"occasionally,",1
sneezing,1
blowing,1
soothes,1
and/or,1
"areas,",1
appearing,1
manifest.,1
"anti-aging,",1
"anti-breakout,",1
healing,1
"concentrated,",1
reviews.,1
"do,",1
write.,1
Calm,1
Corrected,1
latter.,1
Fantastic!,1
Rosacea.,1
areas.,1
CCC,1
kid,1
evening.,1
difference!,1
patch.,1
tint,1
zinc,1
oxide,1
lips,1
redhead,1
ruddiness,1
rosacea.,1
mid-forties,1
"money,",1
opinion!,1
Ok.,1
sceptic.,1
20+,1
Dermatologist,1
"appointments,",1
prescripition,1
medications,1
remedies,1
"antibiotics,",1
cleansers,1
Accutane.,1
bazillion,1
treatments.,1
increase,1
moisterizer,1
inflammation,1
improved.,1
Acne?,1
Started,1
Really.,1
kidding.,1
high.,1
"doctors,",1
prescriptions,1
throwing,1
days?,1
you....then,1
alternatives.,1
health,1
MAJOR,1
outbreak,1
adverse,1
topical,1
medication,1
"Then,",1
act,1
"desparation,",1
85,1
goodness,1
did;,1
normal;,1
radiant,1
clear!,1
suffer,1
"outbreak,",1
turn:,1
"Calm,",1
Corrected!,1
prepared,1
reading,1
"reviews,",1
move,1
toxins.,1
pits,1
"you),",1
EWG's,1
Skin,1
Deep,1
database,1
zone,1
(anything,1
under).,1
dressed,1
blast,1
along.,1
pit,1
"formulation,",1
atleast,1
crystal,1
rock,1
increasingly,1
miserable,1
nonscents,1
stopped.,1
itching.,1
back!!,1
Dermatologists,1
Botox,1
freeze,1
glands,1
take).,1
"irritated,",1
breakout.,1
incredible.,1
stings,1
shave.,1
button,1
process.,1
flake,1
dry!,1
"follicles,",1
importantly,1
years...,1
she's,1
everything-,1
Total,1
Non-Scents,1
considerably!,1
antiperspirant/deoderant,1
Antiperspirant/deoderants,1
used...No,1
wetness,1
all..,1
tropics!,1
discolouration,1
weather,1
tank,1
floored,1
noticing,1
reaction.,1
",Great",1
discolor,1
Consistently,1
protects,1
Lovit,1
causes,1
sooooooo,1
10+,1
laser,1
removal,1
shaving,1
irritated,1
"activities,",1
nurse,1
"hospital,",1
2014,1
"free,",1
rate,1
12-hour,1
shifts.,1
"Otherwise,",1
"noted,",1
components,1
Give,1
try!,1
Forth,1
spent!!!,1
anti-perspirants,1
teenage,1
allergy,1
KNEW,1
solution.,1
"course,",1
BETTER,1
"fragance,",1
Rolls,1
PENNY!,1
perfumey.,1
"favorite,",1
cruelty-free.,1
eliminate,1
event,1
extra!,1
2007!,1
"effective,",1
search,1
complete.,1
DErmadoctor,1
consents,1
What's,1
says!,1
Odor,1
what.,1
stink,1
deo,1
derma,1
smelly,1
Lavender,1
wins,1
tolerance,1
cruelty,1
liked.,1
cooler,1
"year,",1
mission,1
animals,1
antiperspirant.,1
deordorants,1
cause,1
armpits,1
deordorant,1
"pitts,",1
underarms--break,1
aluminum.,1
ultra-sensitive,1
report,1
subsided!,1
"rashes,",1
non-use.,1
underarms...I,1
antiperspirants.,1
switch.,1
Non-irritating,1
chemicals.,1
eryone,1
stars.,1
"rash,",1
burning.,1
"I,who",1
deodorants.,1
Added,1
son:,1
"""girlie""",1
desodorante,1
resolution,1
"surgery,",1
yeast,1
infections,1
Nancy,1
Hello,1
worked!,1
wished,1
although,1
"there,",1
so-called,1
esthetician,1
waxing,1
tearing,1
beneath,1
heal,1
resulted,1
trials.,1
lose.,1
"(fading),",1
claims,1
(one,1
contained,1
zirconium,1
tetrachlorohydrex,1
"gyceride,",1
active,1
ingredient--hope,1
spelled,1
right)which,1
"discoloration,",1
Dove--and,1
perspiration,1
discoloration.,1
July,1
2009,1
"alot,",1
left!,1
hated,1
shirts,1
raising,1
Shaving,1
embarassed.,1
nothing.,1
raise,1
arms!!!!,1
months),1
similar,1
great!!!!!,1
roll,1
"ons,",1
"itch,",1
pesky,1
3oz,1
flaky,1
cracked,1
poqer,1
need.,1
"says,",1
maureen,1
mesi,1
duty,1
"Redbook,",1
diminishing,1
"bonus,",1
softer.,1
"wondering,",1
initials,1
Cruel,1
"irony,",1
duty.,1
fews,1
disappeared!,1
lasted.,1
scrub.,1
toddler,1
"son,",1
24,1
bump,1
miraculous!,1
frequently,1
fastest,1
(aka,1
skin).,1
hear,1
specifically,1
4/5,1
flare,1
two.,1
OTC,1
"(Amlactin,",1
popular),1
WONDERFUL!,1
CHARM!,1
USEDON'T,1
OTHER,1
EXPENSIVE,1
BEFORE,1
ONE.,1
HAD,1
AN,1
ODD,1
ISSUE,1
ARMS,1
@,1
42,1
"AGO,THIS",1
TRICK,1
ALL,1
W/,1
TAN,1
HEALTHY,1
AGAIN!,1
diminish,1
arm/,1
exes,1
healed,1
chapped,1
overnight,1
dosage,1
"smoothness,",1
"glow,",1
elimination,1
ingrowns.,1
"aesthetician,",1
preferred,1
clients.,1
Paired,1
"scrub,",1
unbeatable!,1
"skin!""",1
clearing,1
KP!!,1
moisturizing,1
behind,1
away!,1
Girls,1
fry,1
non-greasy.,1
"bad,",1
cracking,1
peeling.,1
Eventually,1
splitting,1
"painful,",1
paper,1
cuts.,1
Sephora,1
works-,1
literally.,1
rub,1
closest,1
cure-,1
"said,",1
sake!,1
DISCLAMER:,1
AM,1
PHYSICIAN.,1
CLAIMS,1
MADE,1
ME,1
ARE,1
PURELY,1
ANECDOTAL,1
NO,1
MEDICAL,1
BASIS,1
INTENDED,1
CONSIDERATION,1
THOSE,1
WISHING,1
TRY,1
PRODUCT.,1
"splotchy,",1
"looking,",1
pimply,1
version,1
bum,1
"I,",1
retired,1
"nurse,",1
pilaris.,1
scoured,1
internet,1
2000's,1
"""KP",1
"Duty""",1
WORKED!,1
exfoliate,1
important,1
PRIOR,1
progress,1
daily;,1
"cure,",1
regularly.,1
9-12,1
shocking,1
remedies.,1
KP:),1
stupid,1
bumpies,1
sometimes-,1
normal.,1
Conditions,1
lifetimes,1
"kinda-zitty,",1
"Ahhhh,",1
year-old,1
cheeks,1
searched,1
son's,1
bay.,1
smoothes,1
alleviates,1
cheeks.,1
Duty!,1
experiencing,1
uppers,1
diligently,1
"skin""",1
potent,1
Rx,1
skipping,1
return.,1
confidently,1
80%.,1
bad!,1
apparently.,1
intended.,1
high-priced,1
"line,",1
HOWEVER...,1
murder.,1
Unless,1
afterwards.,1
Temporarily,1
sunny,1
heard,1
tanning,1
exposure,1
(for,1
farmers,1
sun),1
WONDERS,1
combine,1
noticeable,1
crazy.,1
summers,1
dresses,1
"weddings,",1
April,1
Memorial,1
Apparently,1
Keratosis,1
"Pilaris,",1
happened.,1
huge,1
:).Love,1
night.,1
"chapped,",1
"rough,",1
calloused,1
younger.,1
unsightly,1
legs.,1
outbreak!,1
patches,1
thighs,1
smoothed,1
draw,1
$40,1
Quite,1
experiences,1
hydrates,1
thick.,1
More,1
milder,1
dealt,1
awful.,1
"mail,",1
"morning,",1
bed,1
disappear.,1
"people,",1
"some,",1
"legs,",1
FEEL,1
LOOK,1
places.,1
generous,1
relief!,1
derm,1
prescribed.,1
conscious,1
sleeve,1
untill,1
camoflage,1
switch,1
Jergens,1
assuming,1
"""KP""",1
fewer,1
comfort/health,1
improved!!!,1
chicken-like,1
cheecks.,1
include,1
smoothing,1
greater,1
built,1
iron-,1
demise,1
element,1
"overtime,",1
"pressure,",1
Coated,1
burnt,1
1mm,1
hard.,1
plate,1
"safely,",1
damaging,1
crap,1
iron;,1
"shirt,",1
jeans.,1
Actually,1
nasty!,1
"worse,",1
'Hot,1
Curling,1
Iron',1
stinky.,1
quiet,1
bad.,1
annoying.,1
Yuck.,1
linger,1
hadn't,1
-forgot-,1
sprayed,1
remembered,1
wiped,1
damp,1
"rag,",1
"1/2""",1
got.,1
shizz,1
"WORKS,",1
cleaners,1
iron/flat,1
complaint,1
anal-ness.,1
label,1
ink,1
rubbed,1
handled,1
"full,",1
unopened.,1
Advertised,1
Cleans,1
efficiently.,1
"Gold,",1
"Tourmaline,",1
"Titanium,",1
Ceramic,1
(flat,1
irons).,1
"UNPLUGGED,",1
WARM,1
"them,",1
"twice,",1
"cooled,",1
plug,1
unplugged,1
"HOT,",1
tells,1
WARM.,1
AFTER,1
click,1
below.,1
miracle,1
revived,1
saved,1
rubbing,1
"trick,",1
melted,1
slow,1
shopping,1
locally,1
in-law,1
Hassen,1
stock,1
room.,1
'special,1
buy',1
left.,1
"Hhowever,",1
"left,",1
unrefundable.,1
sales,1
$40.,1
"clearance,",1
75%,1
risk,1
refund,1
policy.,1
fathom,1
selling,1
unreturnable!,1
tempted,1
tips,1
sense,1
glove,1
"gloves,",1
skill,1
denting,1
Hairstylist,1
temperamental,1
style.,1
creating,1
opposite,1
irons--this,1
AMAZING,1
reheat,1
most)and,1
"""frizzy",1
"curls.""",1
Despite,1
"""fried",1
"ends""!",1
enjoy,1
am!!!,1
tight,1
expecting.,1
it'll,1
Creates,1
temp.,1
control.,1
daughter-in-law.,1
acceptable.,1
"loaded,",1
forget,1
rubber,1
Trust,1
reg.,1
reverse,1
go!,1
meant,1
"professionals,",1
meaning,1
pointed,1
toward,1
sitting,1
flipping,1
"matter,",1
"marcel,",1
requires,1
backward,1
designed.,1
means,1
harder,1
yourself,1
complain,1
"difficulty,",1
they're,1
exaggerating.,1
forgot,1
borrow,1
friend.,1
huge.,1
"First,",1
marcel.,1
"Second,",1
coordination,1
"dexterity,",1
waves.,1
"granddaughter,",1
"evenly,",1
"swirls,",1
twirls,1
locks,1
rather.,1
flat.,1
look!!!!!,1
TOOLS!,1
seven,1
retired.,1
patience,1
tool!!!,1
way!!!,1
'Marcel',1
l,1
1-2,1
typical,1
waves!,1
twisting,1
tons,1
"ergonomic,",1
lightweight!,1
"cautions,",1
tip.,1
"Irons,",1
wrist,1
shoulder,1
shorter.,1
trial,1
error,1
(watched,1
"videos),",1
"""range""",1
(rigid),1
"different,",1
shampoo.,1
positioning,1
to!,1
sprinklers,1
clamp.,1
dozens,1
Irons,1
irons..,1
game!,1
straight),1
collar,1
bones...,1
wrap,1
wave,1
working...,1
enter,1
spinning.,1
"interested,",1
process:,1
divide,1
"bottom,",1
"middle,",1
top/crown,1
(that,1
"personal,",1
"""one",1
"hair""...",1
experiment,1
(either,1
alternating,1
away/towards,1
messier,1
loop,1
Hold,1
(since,1
volume,1
root...,1
"hair),",1
drag,1
(clicking,1
down).,1
spins,1
cool.,1
theirs!,1
FYI,1
(usually),1
sytlist,1
=,1
ultimate,1
goal!,1
"control,",1
think.,1
luck!!,1
"curl?""",1
secret!,1
Enjoy.,1
owned!,1
tight.,1
adjustment,1
glide,1
minute.,1
rotate.,1
twirl,1
unlocked.,1
invest,1
Review,1
Fil's,1
picky,1
"return,",1
handle......,1
2.5-3,1
occurs,1
pack,1
toiletry,1
tear.,1
features,1
usability,1
I.e.,1
Swiveling/locking,1
name!,1
careful!,1
(maybe,1
off),1
versatile.,1
spring-clamps.,1
Having,1
anyone.,1
"once,",1
difficult-to-curl,1
irons!,1
difficulty,1
Marcels.,1
wrong.,1
unlock,1
handle),1
ago!,1
hottest!),1
used!,1
sections,1
favorite.....,1
voluminous,1
"opinion,",1
"types,",1
playing,1
range,1
fits,1
tpye.,1
meets,1
least.,1
mainly,1
misplace,1
shorts,1
chance,1
clearly,1
sleep,1
sooner??!!,1
hairstyling,1
completely.,1
accustomed,1
ensure,1
sizzle,1
trickier,1
replaced,1
9,1
cat,1
chewed,1
Stylist,1
bought.,1
there!!!,1
aware,1
continuous,1
twirling,1
wire,1
loose,1
shortly,1
Created,1
professionals.,1
even-heated,1
KIDS!!,1
walmart,1
kmart.,1
"Recently,",1
night!,1
"1""",1
wavey/curly,1
day-to-day,1
"""joints""",1
wand.,1
habits,1
down!,1
Awesome.,1
Lov,1
fianc&eacute;,1
curled.,1
"spring,",1
"practice,",1
future!,1
perfecting,1
Advice,1
Or,1
bag,1
shut,1
!!!!,1
PRODUCT!,1
"ever,",1
"appreciate,",1
themselves,1
end.,1
loving,1
handles.,1
reaches,1
process,1
faster.,1
1.5,1
inch.,1
wand!!,1
depends,1
rad,1
directly.,1
scars,1
thigh,1
prom.,1
:/,1
past.,1
provides.,1
"barrels,",1
desired,1
lengths,1
inches.,1
hurry.,1
heat.,1
variable,1
Handle,1
material,1
holding.,1
Tools!,1
understand,1
secret!!,1
googled,1
(thinking,1
"hundreds),",1
luck,1
"girlfriend,",1
sale,1
exchange,1
response,1
Return,1
reply.,1
"handle,",1
loosing,1
hesitant,1
manual,1
"kind,",1
soooooo,1
a-ma-zing!,1
"fine,",1
day!,1
"fence,",1
mechanism,1
delivers.,1
"seconds,",1
retail,1
$55.,1
types.,1
"temp,",1
curl!,1
cord.,1
nasty,1
daughter.,1
herself,1
daughter...she,1
prior,1
instructions.,1
produces,1
"model,",1
costs.,1
"tip,",1
lacking.,1
iron?,1
curing,1
"enough,",1
ironing,1
splurged,1
full-size,1
"yet,",1
consideration,1
temporary,1
immediate.,1
IT.,1
evenings,1
particularly,1
foxy,1
spare.,1
eke,1
"sample,",1
packet.,1
Recent,1
'hormonal,1
changes',1
mediocre,1
Wrinkle,1
Revenge,1
cleanser.,1
"four),",1
stabilized,1
smaller-appearing,1
overall.,1
(mild,1
acne),1
"drying,",1
seeming,1
They're,1
cheapest,1
amounts,1
detect,1
"""made",1
"up"",",1
"pores,",1
acceptable,1
de-shines,1
Body,1
Guard,1
throw,1
concealer,1
zits,1
"results,",1
eventoned,1
non0sticky,1
"bedtime,",1
delviery,1
mam,1
jersey,1
blemishes,1
makeup!,1
Pores,1
"minimized,",1
SPF30,1
matifying,1
cleanser,1
#3,1
pumps,1
IT!!,1
"odor,",1
dries.,1
peeling,1
"sticky,",1
pricey.,1
clinical,1
trials,1
bunch,1
enlarged,1
"completely,",1
10%,1
pads,1
exfoliates,1
blackheads,1
"blackheads,",1
blackhead,1
2-step,1
approach,1
applying.,1
Especially,1
cheek,1
BUNCH,1
pore,1
reducing,1
noticable,1
soak,1
approximately,1
50%-75%.,1
amazing!!,1
inherited,1
large-ish,1
apple-of-the-cheek,1
area),1
noticeably,1
"skeptical,",1
significant,1
appeared,1
"smaller,",1
production,1
From,1
"understand,",1
"continue,",1
Bubble,1
Bath,1
deal..,1
Genuine,1
20$,1
LOT,1
"less,",1
15$,1
hits,1
orangish,1
"infection,",1
variety.,1
make.,1
FAVORITE,1
Sugar,1
Daddy--but,1
"bottle,",1
"LOral,",1
Shaking,1
fake.,1
shipping!,1
elegant.,1
reaching,1
muted,1
"mauves,",1
neutrals,1
"like,",1
complimented,1
Recommend!!,1
pink/nude,1
"strangers,",1
Classic.,1
color:)),1
(extra,1
pale),1
bottles.,1
"""You're",1
"BudaPest"",",1
expected(after,1
pinterest,1
lighting).,1
Sept.,1
2017...but,1
Quality.,1
official,1
cart,1
redirected,1
"experience,",1
party.,1
authenticity,1
MOST,1
Chicago,1
Champagne,1
Toast,1
reds,1
pinks,1
pedicures,1
longest-lasting,1
reveal,1
Ok,1
"""Desperately",1
Seeking,1
"Sequence""",1
top.,1
modest,1
Happy.,1
Little,1
pricing,1
minimally,1
Rule,1
Spear,1
Pocket.,1
layered,1
lively.,1
"to""",1
absoulutely,1
Gel,1
Chic,1
Chick,1
whim,1
~but~,1
adding,1
camouflage,1
tips.,1
paint,1
weeks),1
(see,1
pic),1
A+A+A+,1
Recipient,1
thrilled.,1
Girlfriend,1
item!,1
1st,1
schedule,1
today,1
couldve,1
blue-,1
smooth-,1
pealing-,1
-not,1
mini-,1
Xoxox,1
fan.,1
springy.,1
bet,1
polish..,1
Black,1
Cherry,1
Chutney,1
wardrobe.,1
COLOR!,1
Win,1
WIN,1
'clay.',1
toenails!,1
"delivery,",1
everything!!,1
"everyone,",1
Pricier,1
IMO.,1
Stayed,1
"Pretty,",1
"Gorgeous,",1
"vivid,",1
over-the-top,1
pedi!,1
bachelorette,1
spring!,1
"sheer,",1
blush,1
light-ish,1
samoan,1
scarf,1
DIL.,1
confess,1
Brazilian,1
celebrating,1
Sao,1
Paulo.,1
there!,1
Tickle,1
France-y,1
browned,1
Poshe,1
vs.,1
manicures!,1
future,1
obsessed,1
Hue,1
"level,",1
yes...,1
inspires,1
Awe.,1
lays,1
.5oz,1
Onyx.,1
recommendation.,1
ILNP's,1
Hush,1
Missed,1
calls.,1
"pink"".",1
pinkish.,1
repurchasing,1
(kinda),1
Neutral.,1
"longer,",1
"Sand,",1
semi-sheer.,1
"fair,",1
Pink-ing,1
named,1
bestest,1
pet...a,1
dane,1
Going,1
wearability!,1
stuffer,1
piece.,1
Holy,1
grail!,1
ok,1
popular.,1
Kyoto,1
Pearl,1
Ulta,1
Promptly,1
(of,1
course),1
two!,1
fit,1
anniversary,1
funny,1
bunny.,1
impressed,1
Mainly,1
boy,1
wider,1
flowing,1
streaks,1
sense.,1
indicate,1
pressing,1
Helpful,1
button.,1
energy,1
naught.,1
kindly!,1
"two,",1
charges,1
OPIs,1
formula.,1
Hands,1
100s,1
"go-to,",1
dress,1
Significant,1
gained,1
folks,1
worn.,1
pink-nude,1
"OMG,",1
colors...,1
manicures.,1
continues,1
15.,1
solo,1
sat,1
outside,1
affect,1
paint).,1
spot,1
K.M.I.Brazilian,1
%92,1
panties,1
bind,1
"about,",1
bottle!,1
ideal,1
nude--not,1
properly,1
mushy,1
Thought,1
Id,1
"compliments,",1
amethyst,1
Doesnt,1
11,1
close.,1
Perfect!,1
bag!,1
shift,1
warehouse,1
Love!!!,1
Waitress,1
Decided,1
Applied,1
(base,1
Hansen),1
uploaded,1
"dishes,",1
"cooked,",1
"typed,",1
"cans,",1
chipped,1
stairs,1
gap,1
cuticle,1
growth,1
(pre-dominant),1
secret,1
edge,1
nail...plus,1
"peel,",1
unpretentious,1
Gives,1
tanish,1
ride,1
die!,1
swear,1
everyone-,1
Lisa,1
**I,1
Infinite,1
line**,1
staple,1
collection!,1
(Saturday,1
Sunday,1
chip).,1
"""Viking",1
Vinter,1
"Vonderland""",1
"Snow,",1
There's,1
alike.,1
"tones,",1
Probably,1
swipes,1
Strange,1
print,1
font,1
dingy,1
yellowish,1
trend..go,1
nexgen,1
toes....the,1
color),1
fingers.,1
receives,1
reds/wines.,1
BEAUTIFUL,1
BLUE,1
deep-hued,1
reds.,1
Glam,1
"Pale,",1
spring/summer.,1
"flat,",1
unstyled,1
uncolored,1
"hair/scalp,",1
rinse-off,1
conditioned,1
"additional,",1
conditioners,1
excess,1
slightest,1
coconut,1
lathers,1
(more,1
maroon).,1
"everything"".",1
complements.,1
Almost,1
mauvey/pink,1
classy.,1
Check,1
next!,1
bored,1
Went,1
"remover,",1
"Shiny,",1
Krampus.,1
natural-nails,1
dress-up,1
"pale,",1
stash.,1
"(""It's",1
"Girl""),",1
correct,1
occasion-bubble,1
Tutti,1
Frutti,1
Tonga,1
CUTE,1
Hawaiian,1
Orchid.,1
trendy,1
opinion,1
questions,1
locate,1
unsecessful.,1
feet,1
shoes,1
#,1
toes...it's,1
reminds,1
friday,1
gal,1
rust,1
terrific,1
smidgeon,1
remover,1
'coarse',1
preserving,1
'go',1
"rust,",1
gotta',1
products!!,1
Sherrie,1
H,1
love!!,1
wrote,1
female!,1
lol!,1
nut,1
Glitter?,1
Blue?,1
wrong?,1
Simmer,1
surprisingly,1
"touch,",1
topcoat.,1
enhances,1
scintillation,1
"wearing,",1
Color-Berlin,1
Done,1
That-the,1
neutral!,1
stands,1
Extremely,1
moose,1
shown,1
options!,1
coater,1
beach.,1
texture.,1
Fave,1
mod,1
you!!,1
remove.,1
excess.,1
Giada,1
De,1
Laurentis,1
network.,1
google,1
Bubble-Bath!,1
Orly's,1
rubberized,1
right!,1
"""Take",1
"Bourbon""",1
brassy,1
Everyone,1
THANKS!!!,1
"mani/pedi,",1
POOF,1
"ordered,",1
LOVE!!!,1
"Polish,",1
"Collection,",1
"Bourbon,",1
0.5,1
fl.,1
"coverage,",1
ALWAYS,1
name?,1
peachy-pink,1
"salon,",1
disappointed,1
reliable.,1
Purrfect!,1
Meow!,1
ups,1
shellac,1
color....and,1
everyone!,1
ting,1
visits!,1
"Thanks,",1
Wore,1
wasted,1
slow-drying,1
technicians,1
should.,1
Bossa,1
Nova,1
Around,1
Purpley,1
White,1
itself.,1
peachy,1
pedi,1
Delighted,1
bridesmaids,1
perfection!,1
Resisting,1
hoarding,1
year!,1
fall!,1
have!,1
Blue,1
last.,1
"listing,",1
these:,1
"""Rosy",1
"Future""",1
lightly-pigmented,1
shimmering,1
lavender-blue,1
one-coat,1
transparent,1
"or,",1
"uploading,",1
pink-iridescent,1
"""Pompeii",1
"Purple""",1
magenta,1
purple-blue,1
flash.,1
white/cream,1
iradescence.,1
feet/hands.,1
OBSESSED.,1
"lilac-nude,",1
chic,1
"look,",1
chip-free,1
weeks!,1
blown,1
manicure!,1
"""Got",1
Into,1
"Jam-Ba-Laya""",1
star,1
picture.,1
raw,1
salmon,1
"flesh,",1
"times,",1
unable,1
hardened,1
fast-drying,1
45,1
drops,1
again...,1
slightly.,1
"best,in",1
"opinion,nail",1
"brilliant,each",1
stroke,1
"plain,dull",1
art!,1
slip,1
acccidetly,1
smear,1
"your,not",1
"me,who",1
illnesses,1
Parkinson's,1
shakes,1
odd,1
finger.,1
"that,look",1
wher,1
chosee,1
greenish,1
Pen,1
"good,I",1
be!,1
"awkward,but",1
"persevere,",1
"reward,your",1
Picasso,1
magic!,1
Iight,1
"luck,and",1
"pen,and",1
bucks!,1
"Oh,",1
"pen,have",1
cloth,1
wipe,1
pen,1
pointed!,1
crystallized,1
90%,1
Muffaletta,1
sequined,1
groom,1
gown,1
Gross,1
Glides,1
evenly.,1
frosted,1
green.,1
"""bubble",1
"gum""",1
taste...,1
Opi's,1
Future,1
pigment,1
nailpaints....,1
velvety....,1
gonna,1
more....,1
barefoot,1
Barcelona,1
fortune,1
colour!,1
color!!!:),1
Comes,1
platinum,1
tinge,1
silver.,1
wanted/,1
peels,1
tones.,1
dissapoint.,1
"(Yes,",1
works),1
"chipping,",1
Shipment,1
myself!,1
finely,1
milled,1
stunning!,1
flow.,1
Absolute,1
events.,1
phenomenal!!,1
shinny,1
Spare,1
French,1
Quarter,1
"purchased,",1
rosy,1
Bright!,1
angle.,1
desi,1
perkins,1
acrylic,1
extension,1
"""Crawfishin",1
"Compliment""",1
attached,1
flash,1
Gorgeous.,1
Stevie,1
Nicks,1
unicorns,1
nails...,1
"O.P,I.",1
Know,1
Jacques!,1
durable.,1
nude/mauve,1
"""darker""",1
"nude,",1
"""natural""",1
navy.,1
equals,1
"opi,",1
catches,1
Def,1
keeper,1
looks.,1
POLISH!!!,1
life...lol...It,1
customers,1
DMV.,1
fantastic.,1
Stars,1
conveniently,1
pretty~,1
oodles,1
for!,1
flesh,1
"tone,",1
frosty,1
"satiny,",1
opal,1
Amazingly,1
"long-lasting,",1
"also,",1
terribly,1
Polishes,1
.on,1
.but,1
tough,1
like..a,1
200,1
Apply,1
"color,loved",1
price!!!,1
:Lovely,1
anytime!,1
choice,1
Naicccce,1
towards,1
such.a,1
purple...what's,1
love?,1
jewelry.,1
Getting,1
products...this,1
winner.,1
summer...easy,1
allow,1
thoroughly,1
produce,1
sassy,1
"color,nice",1
service!!,1
"sheen,",1
"""Barbie""",1
resists,1
brilliant,1
shine--no,1
tropical,1
blue!!,1
Dumb,1
appear,1
was.,1
"Honestly,",1
provided.,1
"spread,",1
shaking,1
fuller,1
layer.,1
juicy!,1
mid,1
ombre,1
Manicure,1
Beads.,1
mauve,1
SUCH,1
Likes,1
ofnmy,1
Sand!,1
clear.,1
pictures.,1
Big,1
saloon,1
showing,1
"""new""",1
hiking,1
walking,1
state,1
parks.,1
Color!,1
youll,1
laquers,1
smack,1
"Great,",1
Needs,1
tho.,1
neutral...so,1
Sheer,1
Against,1
walnut,1
colored,1
fabulous!,1
available.,1
pink!!,1
corner,1
"drugstore,",1
fed,1
goopy,1
re-doing,1
toenails.,1
bronze.,1
shimmers,1
sun!,1
Part,1
2016,1
oranges.,1
Jambalaya,1
classiest,1
"AmazON,",1
AmazOFF,1
superb.,1
"apply,",1
pat,1
stood,1
tear,1
particular.,1
nice!!,1
Fun,1
cheerful,1
vast,1
"provides,",1
hues,1
debating,1
"wow,",1
missing,1
sport,1
ridiculously,1
obnoxious,1
ages,1
endearing,1
"strokes,",1
amateur,1
layers!,1
disappoint!,1
image,1
/summer,1
superb,1
"safe,",1
hygienic,1
pedicures.,1
hosted,1
dinner,1
prepping,1
chopping,1
veggies,1
"hoped,",1
clumped,1
(probably,1
secure,1
top).,1
BEST,1
NUDE,1
CLASSY,1
LOOKS,1
ANY,1
YOU,1
WEAR,1
spotted,1
sight,1
unseen,1
"school,",1
occasions,1
ups.,1
Spring/Summer,1
good....Fun,1
gold/bronze,1
topper.,1
builds,1
despite,1
"opacity,",1
still.,1
strokes,1
pooling,1
staring,1
pop.,1
disappointed.,1
color...love,1
lacquer,1
cheer,1
up!,1
NOLA),1
fun.,1
thinnish,1
"coats...otherwise,",1
adorable.,1
complimented.,1
"""Tickle",1
"France-y"",",1
"notable,",1
brash,1
"""in",1
"face.""",1
"HOWEVER,",1
Target,1
Wal-Mart.,1
via,1
justify,1
differential.,1
:(,1
disappoints.,1
Lilac,1
fanatic,1
Carin,1
Maxey,1
"Perfect,",1
basic,1
"solid,",1
while...,1
service.,1
Show,1
Tips,1
combo!,1
thrill,1
REAL.,1
skinned,1
blonde,1
"Excellent,",1
Long-lasting.,1
bride!,1
Color!!,1
securely,1
lquer.,1
whim.,1
surprise,1
additives,1
art,1
sparkle.,1
support,1
stomach,1
cancer.,1
soo,1
Seems,1
"""You",1
"Jacques!""",1
"fonts,",1
(Never,1
again!!).,1
priority,1
list.,1
Yes.,1
secretly,1
selfish,1
Beautiful.,1
outfits,1
asking,1
Shared,1
granddaughter,1
purple!,1
"vision,",1
"""nail",1
"tech"".",1
flows,1
toes!!,1
tanned,1
toes/feet.,1
Four,1
rubs.,1
elegant!,1
colors....,1
nature,1
timeless.,1
worried,1
dull.,1
Wow.,1
Nails,1
exit,1
"""show",1
"tips"".",1
Requires,1
Formula,1
clumpy,1
O.P.I,1
round.,1
toned.,1
lilac,1
Pigmented,1
seasons.,1
dull,1
product...,1
A++++,1
lawyer,1
"""subtle,",1
"flirtatious!""",1
Nice.,1
peachy-rose.,1
Summer.,1
pedicure!,1
birthday.,1
IMHO,1
5-10,1
old!,1
"properly,",1
"separate,",1
retain,1
(same,1
Essie)!,1
"done,",1
touch-ups,1
repairs.,1
"pedicures,",1
along,1
Door,1
"topcoat,",1
least!,1
selection,1
(I'll,1
color).,1
champagne,1
frost,1
Gray,1
Fab,1
Perfect.,1
typIcal,1
looking.,1
milky,1
"nails,",1
door.,1
"amethyst""",1
kids.,1
yoga,1
students',1
"faces,",1
"chip,",1
sisters,1
"happy,summery",1
find!,1
Goldish,1
metallic,1
achieving,1
Bourbon,1
goldish,1
ergo,1
(no,1
pun,1
intended).,1
rocks!,1
",has",1
"""red""",1
healthy!,1
tones!,1
recommended!,1
rich.,1
",absolutely",1
streaks.,1
Reminds,1
"""Thanks",1
"Windmillion""",1
drips.,1
universally,1
flattering,1
visual/picture,1
nude/Taupe.,1
Otherwise,1
"promptly,",1
Couldn't,1
Trusted,1
upcoming,1
tree,1
ridiculous,1
Amazing!,1
sweat.,1
Bravo!,1
compliments...best,1
colour.,1
outfits.,1
burgundy.,1
"consistency,",1
sure!,1
Spring/Summer.,1
"service,",1
"Service,",1
Close,1
marshmallow,1
discontinue!,1
Beautiful!,1
Shimmery,1
bright...not,1
heart...but,1
blue!,1
love!!!,1
purplish-mauve,1
pure,1
Vibrant,1
"bold,",1
tan!,1
You'd,1
polish!!!!,1
natural.,1
Shiny,1
Beautiful!!!,1
cute!!,1
favorite!!!,1
Safely,1
"packaged,",1
"""a",1
"manner.""",1
plenty,1
bubblewrap.,1
aubergine.,1
consistently,1
proper,1
"drinking,",1
"baking,",1
baptismal,1
"party,",1
reunion,1
is!,1
lees,1
grey...,1
"month,",1
shop.,1
colorful,1
sky,1
blue-ish..,1
whit,1
empty,1
spaces,1
"deep,",1
raspberry,1
(about,1
4-5,1
days).,1
this!!,1
ruby-red.,1
favorites.,1
"""Wine",1
"Everything""",1
"orange,",1
fuchia.,1
service!,1
"Beautiful,",1
green!,1
sticks,1
disappoints!,1
already!,1
holidays!,1
POLISH!,1
"truly,",1
gems,1
;,1
Servin',1
Up,1
encased,1
glass.,1
wow,1
warm.,1
"coloring,",1
"skinned,",1
layering,1
buffed.,1
everyday/anyday,1
ORDERED,1
GRANDAUGHTER,1
SHE,1
PRISSY,1
LITTLE,1
GIRL...SHE,1
OP,1
COULD,1
PURCHASED,1
ANYWHERE,1
ELSE,1
LOW,1
OF,1
PRICE,1
intense,1
"unique,",1
buys,1
(depending,1
intensity,1
vary,1
"reds,",1
"silvers,",1
"blues,",1
"turquoise,",1
golds.,1
price....I,1
buy....,1
soon!,1
halogen,1
sprinkled,1
topcoat),1
place;,1
pearlalized,1
guarantee,1
that---just,1
'cause,1
color...,1
Shade,1
fortunate,1
bling,1
holidays.,1
ship.,1
applys,1
def,1
"perfectly,",1
PURCHASE!,1
sally,1
Hanson,1
press,1
ons,1
"""Serving",1
"sparkle""",1
diamond-like,1
favs,1
buying.,1
Pinterest,1
PERFECT!,1
Quickly,1
"shipped,",1
"OPI,",1
reviewing,1
Servin'Up,1
holographic,1
(normal,1
hexagonal,1
discs).,1
picture!,1
scheduled,1
arrive.,1
(so,1
it).,1
bogota,1
blackberry,1
occasion!,1
FAVE!!!!,1
"person,",1
(LOL!),1
cooked,1
shrimp!,1
"through,",1
split,1
open,1
satisfied.,1
Beautful,1
rose,1
Bob,1
Mackie,1
San,1
Tan,1
Tonio,1
classy!,1
option!,1
"reason,",1
TON,1
theirs,1
occurred.,1
ones!,1
chinese,1
Mitzi,1
Osborn,1
Here's,1
more!!!,1
neighbor,1
polishes;,1
exception!,1
"cheerful,",1
"application,",1
followed,1
direction,1
advice.,1
chunky,1
overload,1
th,1
photo.,1
glistens,1
brand.n,1
the.,1
Eat,1
beige,1
ivory.,1
Matt,1
boys,1
Live.,1
Love.,1
Carnaval,1
summery,1
bright.,1
fairer,1
closer,1
peach.,1
Ended,1
subtly,1
bshades,1
"peach,",1
nude).,1
blended,1
uv,1
"ship,",1
andgood,1
entirely,1
Pink,1
Flamenco.,1
"fabulous,",1
"babysitting,",1
"cooking,",1
dishes.,1
lights.,1
"unsure,",1
liquid,1
slept,1
w/,1
shimmery.,1
colors:),1
sick,1
prettier,1
striking,1
Live,1
OP!,1
practicalI,1
goodI'll,1
"""Blanc"",",1
Butter,1
London,1
"""Cotton",1
"Buds"",",1
YSL,1
"""Blanc",1
"Arty""...there",1
Snow!,1
neatly.,1
pkgd,1
Gems,1
somewhere!,1
solved,1
Rule!,1
TONS,1
bl,1
world,1
manis/pedis,1
"girly,",1
Over,1
ay,1
sonce,1
"edition,",1
"learned,",1
yo,1
"remove,",1
complement.,1
Thanks..,1
opportunity.,1
cross,1
in.,1
it!!!!!,1
Tickled,1
tickled,1
everywhere,1
"vacation,",1
WOW,1
sparkly!),1
was!,1
hopped,1
beach!,1
Danke-Shiny,1
ruby,1
deepen,1
2-coat,1
deeper,1
"thin,",1
"pool,",1
strokes.,1
levels,1
"concerns,",1
con,1
catch,1
holy,1
grail,1
"anything,",1
fave!,1
