and,1521
the,1512
I,1159
to,1119
a,982
for,981
it,808
is,752
this,671
my,635
of,492
in,444
with,435
My,352
book,350
on,335
was,313
that,302
love,296
loves,294
as,262
are,259
The,255
It,251
This,242
so,240
have,233
great,223
very,222
it.,177
her,176
but,172
Peppa,171
use,170
Great,164
you,158
at,153
old,151
little,150
be,148
can,148
like,146
daughter,140
or,136
she,135
read,135
has,134
would,132
not,132
year,132
they,129
one,127
all,127
bought,116
Bible,114
loved,114
good,112
bible,109
will,109
just,105
really,101
them,97
perfect,95
we,95
nice,93
it!,93
books,92
book.,91
well,91
up,91
It's,90
We,88
kids,87
what,86
Love,86
these,86
an,85
also,85
Very,82
cover,81
She,81
from,78
letters,78
when,76
had,76
recommend,75
about,73
more,72
granddaughter,72
your,71
it's,71
cute,71
story,71
size,70
magnetic,70
enough,67
our,67
2,67
small,67
easy,66
son,65
because,63
get,63
product,63
board,63
other,61
much,60
each,60
than,59
am,59
They,59
time,59
fun,58
their,57
Pig,57
large,56
who,56
he,56
out,54
big,53
put,53
quality,53
made,53
which,52
used,52
gift,52
his,51
new,50
3,50
by,49
reading,48
got,48
school,48
Good,47
every,47
me,47
students,46
learning,46
children,46
letter,46
if,45
don't,45
set,45
well.,45
notebook,45
fit,44
cover.,44
fits,44
any,44
been,43
how,43
using,43
make,43
-,42
too,42
looking,42
many,42
study,42
way,42
alphabet,42
bedtime,42
case,41
only,41
need,41
Perfect,41
some,41
looks,40
its,39
over,39
go,39
i,39
learn,39
peppa,39
room,38
exactly,38
right,38
along,38
&,38
were,37
price,37
two,37
keep,36
carry,35
play,35
magnets,35
Nice,34
pretty,34
even,34
A,34
see,34
do,34
find,34
pages,34
take,33
Thank,33
Cute,33
book!,33
help,33
beautiful,32
different,32
stories,32
child,32
calendar,32
still,31
buy,31
purchased,31
"it,",31
back,31
before,31
pig,31
Just,30
books.,30
look,29
pictures,29
having,29
favorite,29
work,29
first,29
These,29
numbers,29
does,28
happy,28
works,28
inside,28
few,28
everything,28
place,28
where,28
home,28
sturdy,27
too.,27
purse,27
time.,27
around,27
both,27
now,27
grandson,27
table,27
ordered,26
color,26
4,26
came,26
able,26
item,26
needed,26
teaching,26
product.,26
writing,26
great.,26
board.,26
long,25
lot,25
come,25
arrived,25
absolutely,25
there,25
So,25
think,25
definitely,25
excellent,25
If,25
niece,25
As,25
class,25
size.,24
thought,24
could,24
Christmas,24
order,24
after,24
He,24
classroom.,24
dry,24
classroom,24
teach,24
chart,24
erase,24
pocket,23
wanted,23
highly,23
him,23
You,23
day,23
"book,",23
going,23
Our,23
enjoy,23
pleased,23
words,23
most,22
notes,22
something,22
without,22
wonderful,22
this.,22
things,22
Excellent,22
did,22
I'm,22
paper,22
always,22
since,22
through,22
teacher,22
want,21
no,21
comes,21
quickly,21
received,21
into,21
price.,21
doesn't,21
And,21
can't,21
down,21
weather,21
easel,21
makes,20
actually,20
bit,20
know,20
years,20
while,20
condition.,20
likes,20
dot,20
preschool,20
yr,20
Bible.,19
note,19
easily,19
being,19
same,19
5,19
Thanks,19
value,19
letters.,19
bed,19
songs,19
perfectly.,18
items,18
pockets,18
pen,18
purchase,18
holds,18
another,18
young,18
Granddaughter,18
days,18
class.,18
page,18
them.,18
write,18
story.,18
laminated,18
better,17
purchase.,17
though,17
such,17
colors,17
should,17
quick,17
extra,17
quality.,17
markers,17
Easy,17
last,17
.,17
college,17
three,17
series,17
us,17
tool,17
old.,17
Pig.,17
liked,16
especially,16
give,16
use.,16
etc.,16
wish,16
making,16
almost,16
Bought,16
For,16
part,16
worth,16
week,16
condition,16
student,16
Alphabet,16
colorful,16
toddler,16
folds,16
say,15
quite,15
seems,15
hold,15
real,15
velcro,15
those,15
didn't,15
But,15
purse.,15
white,15
taking,15
Its,15
already,15
girl,15
nicely,15
hard,15
nice.,15
I've,15
started,15
read.,15
short,15
kids.,15
pieces,15
flat,15
blank,15
Highly,14
covers,14
anyone,14
Really,14
pad,14
ones,14
awesome,14
LOVE,14
night,14
:),14
off,14
anything,14
enjoyed,14
illustrations,14
fun.,14
George,14
case.,13
bible.,13
Got,13
perfectly,13
store,13
bright,13
then,13
fact,13
friend,13
side,13
great!,13
There,13
must,13
review,13
several,13
might,13
After,13
school.,13
helps,13
fan,13
parents,13
add,13
bulletin,13
leather,12
product!,12
Well,12
whole,12
feel,12
front,12
"cute,",12
wife,12
handles,12
In,12
may,12
High,12
again,12
material,12
super,12
helpful,12
useful,12
this!,12
Not,12
found,12
glad,12
perfect.,12
you!,12
grand,12
her.,12
Awesome,12
needs,12
Ever,12
gets,12
end,12
working,12
lower,12
yet,12
home.,12
times,12
start,12
probably,12
ready,12
playing,12
Kids,12
stick,12
magnets.,12
Super,11
Christmas.,11
church,11
Study,11
daily,11
organizer,11
highlighter,11
looked,11
notebooks,11
gift.,11
expected.,11
too!,11
expected,11
Fun,11
forward,11
top,11
attention,11
sides,11
months,11
sure,11
fast,11
best,11
far,11
"story,",11
sit,11
bedtime.,11
kindergarten,11
"letters,",11
enjoys,11
characters,11
special,11
number,11
information,11
storage.,11
floor,11
butterflies,11
gives,10
print,10
What,10
lots,10
Fits,10
bag,10
bag.,10
"bible,",10
more.,10
Would,10
All,10
"notebook,",10
Arrived,10
larger,10
again.,10
sturdy.,10
said,10
fine,10
room.,10
wait,10
thank,10
gave,10
Works,10
Student,10
handy,10
written,10
Some,10
English,10
kid,10
stories.,10
teachers,10
children.,10
up.,10
books!,10
beginning,10
Such,10
four,10
wall,10
laminate,10
Velcro,10
day.,10
clear,10
Peppa!,10
Peppa.,10
husband,9
thick,9
Also,9
kind,9
good.,9
durable,9
seem,9
Exactly,9
needed.,9
getting,9
excited,9
during,9
plenty,9
One,9
one.,9
won't,9
enjoying,9
!,9
notebook.,9
open,9
space,9
description,9
problem,9
together,9
says,9
picture,9
"size,",9
grade,9
Received,9
count,9
finding,9
Amazon,9
10,9
buying,9
huge,9
teachers.,9
child.,9
educational,9
practice,9
CD,9
addition,9
homeschool,9
grandchildren,9
described.,9
month,9
high,9
fold,9
table.,9
magnet,9
smaller,8
"Bible,",8
him.,8
for.,8
Will,8
x,8
strap,8
Holds,8
worked,8
saw,8
carrying,8
made.,8
important,8
left,8
cards,8
stuff,8
baby,8
deal,8
cost,8
AND,8
life,8
"books,",8
goes,8
away.,8
mom,8
recommend.,8
shipping.,8
rather,8
cute!,8
girls,8
outside,8
full,8
thing,8
given,8
knew,8
trying,8
service,8
second,8
also.,8
least,8
soon,8
wasn't,8
wants,8
seller,8
"read,",8
understand,8
course,8
own.,8
resource,8
Audrey,8
Wood,8
art,8
plan,8
daughters,8
letter.,8
LOVES,8
older,8
"colorful,",8
stand,8
show,8
interesting,8
stands,8
with.,8
went,8
visual,8
often,8
watch,8
fan.,8
episode,8
Pig!,8
motor,8
hic,8
easel.,8
chapter,8
jot,8
butterfly,8
*,8
"great,",7
seen,7
handle,7
inch,7
much.,7
bibles,7
zipper,7
"paper,",7
instead,7
shipping,7
else,7
mine,7
"purse,",7
inside.,7
out.,7
for!,7
easily.,7
space.,7
morning,7
holding,7
NIV,7
Wonderful,7
pens,7
actual,7
Zondervan,7
notes.,7
Big,7
phone,7
in.,7
perfect!,7
you.,7
described,7
money,7
hit,7
sized,7
6,7
it!!,7
No,7
FOR,7
piece,7
GREAT,7
coming,7
birthday,7
stay,7
away,7
decided,7
free,7
took,7
amazing,7
delivery,7
job,7
learned,7
doing,7
Book,7
brand,7
Kindergarten,7
introduction,7
Each,7
next,7
page.,7
i's,7
pages.,7
paperback,7
colors.,7
upper,7
uses,7
isn't,7
they're,7
plays,7
learning.,7
set.,7
circle,7
entire,7
simple,7
Like,7
story!,7
obsessed,7
stocking,7
Daughter,7
grandkids,7
toddlers,7
idea,7
"Overall,",7
flip,7
tree,7
recommend!,6
others,6
"perfectly,",6
material.,6
Life,6
roomy,6
"cover,",6
either,6
church.,6
Plenty,6
pay,6
within,6
completely,6
anywhere,6
amazon,6
me.,6
fast.,6
date,6
sister,6
years.,6
leave,6
go.,6
keeping,6
binding,6
itself,6
Lots,6
),6
additional,6
hand,6
impressed,6
added,6
daughter's,6
wipe,6
Her,6
holders,6
nicely.,6
red,6
present,6
Beautiful,6
believe,6
Can,6
reference,6
Mom,6
family,6
similar,6
placed,6
"sturdy,",6
from.,6
name,6
money.,6
hands,6
loving,6
wrong,6
complete,6
here,6
world,6
Worth,6
simply,6
couldn't,6
author,6
bad,6
ordering,6
Adventure,6
higher,6
dot.,6
numbers.,6
illustrations.,6
age,6
"them,",6
takes,6
alphabet.,6
identify,6
familiar,6
opened,6
words.,6
(I,6
missing,6
That,6
begin,6
various,6
fall,6
shapes,6
helped,6
math,6
never,6
introduce,6
them!,6
granddaughter.,6
pictures.,6
funny,6
laminating,6
delivery.,6
cut,6
calendar.,6
education,6
idea.,6
try,6
homeschooling,6
Grandson,6
friends,6
Grand,6
When,6
glossy,6
brush,6
show.,6
finish,6
down.,6
--,6
"Pig,",6
Both,6
fun!,6
hang,6
draw,6
word,6
house,6
tool.,6
song,6
animals,6
flat.,6
light,6
worried,5
picture.,5
journal,5
pens.,5
recently,5
"price,",5
expect,5
Application,5
son.,5
holder,5
allows,5
"large,",5
again!,5
section,5
keeps,5
cover!,5
water,5
plus,5
item.,5
",",5
it!!!,5
future,5
purchase!,5
someone,5
Everything,5
bigger,5
sits,5
attached,5
Definitely,5
case!,5
things.,5
lessons,5
please,5
sell,5
need.,5
:,5
Looks,5
price!,5
excellent.,5
protect,5
"durable,",5
8,5
clean,5
leaves,5
design,5
cannot,5
"However,",5
standard,5
fine.,5
wouldn't,5
IS,5
mother,5
markers.,5
own,5
hope,5
Amazon.,5
I'd,5
THE,5
haven't,5
held,5
"gift,",5
contain,5
birthday.,5
point,5
travel,5
"product,",5
t,5
five,5
variety,5
choose,5
useful.,5
weeks,5
surprise,5
together.,5
provides,5
fraction,5
reader,5
thanks,5
Quick,5
new.,5
required,5
students.,5
difficult,5
reading.,5
Fast,5
Being,5
activities,5
week.,5
Another,5
adores,5
"""i""",5
hiding,5
ages,5
saying,5
pointing,5
library,5
1st,5
younger,5
"reading,",5
Chicka,5
tell,5
turn,5
knows,5
o,5
thinks,5
ideas,5
let,5
elementary,5
cd.,5
awesome!,5
songs.,5
sound,5
seeing,5
box,5
work.,5
yourself,5
children's,5
sets,5
putting,5
everyday,5
adding,5
longer,5
(we,5
Board,5
"numbers,",5
7,5
weather.,5
chart.,5
Can't,5
skills,5
"Peppa,",5
bath,5
teeth,5
episodes,5
adorable,5
Pepa,5
British,5
cute.,5
Niece,5
"too,",5
characters.,5
buy.,5
Happy,5
brother,5
old's,5
TV,5
Loved,5
words!,5
Only,5
couple,5
PEPPA,5
means,5
fairly,5
that's,5
bottom,5
remember,5
sing,5
catchy,5
"words,",5
"board,",5
Magnetic,5
coffee,5
spell,5
sided,5
magnetic.,5
spelling,5
portable,5
Melissa,5
Doug,5
affairs,5
field,5
"small,",5
grocery,5
brain,5
Plus,4
once,4
carrier,4
handsome,4
carry.,4
Came,4
Has,4
holders.,4
Even,4
"leather,",4
side.,4
9,4
information.,4
"pad,",4
"pen,",4
"bag,",4
"notepad,",4
storage,4
VERY,4
days.,4
feature,4
"notes,",4
"pens,",4
tabs,4
pull,4
possible,4
Sunday,4
items.,4
handy.,4
separate,4
Word,4
1/2,4
overall,4
materials,4
sold,4
usual,4
neat,4
length,4
far.,4
fantastic,4
zip,4
daily.,4
expecting,4
bring,4
perfectly!,4
feels,4
bible!,4
daughter.,4
others.,4
thrilled,4
well!,4
KJV,4
reviews,4
wear,4
tear,4
right.,4
originally,4
concerned,4
satisfied,4
group,4
expensive,4
IT,4
heavy,4
is.,4
Makes,4
access,4
weight,4
giant,4
pocket.,4
nice!,4
guide,4
Have,4
Oh,4
care,4
everyone,4
timely,4
reasonable,4
THIS,4
hours,4
kept,4
beautiful.,4
"up,",4
favorite.,4
colored,4
stores,4
tablet.,4
handbag,4
close,4
worry,4
"me,",4
tiny,4
less,4
people,4
thinking,4
based,4
benefit,4
condition!,4
Amazing,4
rented,4
personally,4
sight,4
brought,4
Used,4
authors,4
low,4
priced,4
edition,4
From,4
"class,",4
walks,4
questions,4
apart,4
"quality,",4
rest,4
chose,4
"shipping,",4
areas,4
Charley's,4
until,4
process,4
vibrant,4
"teacher,",4
interest,4
Little,4
providing,4
book!!,4
"fun,",4
double,4
shows,4
"letter,",4
check,4
"alphabet,",4
online,4
become,4
boys,4
lost,4
Capital,4
Every,4
"way,",4
"that,",4
Boom,4
clever,4
times.,4
"school,",4
artwork,4
details,4
Children,4
cheer,4
way.,4
nursery,4
formation,4
series.,4
involved,4
helping,4
helpful.,4
end.,4
Item,4
hearing,4
letters!,4
reinforce,4
grandchild,4
12,4
ABC,4
watching,4
early,4
sons,4
holidays,4
year.,4
routine.,4
amount,4
change,4
squares,4
myself,4
till,4
preschooler,4
cheap,4
morning.,4
turning,4
preschool.,4
arrow,4
poster,4
points,4
posters,4
singing,4
Scholastic,4
sweet,4
olds,4
plastic,4
"pages,",4
"bedtime,",4
brushing,4
"teeth,",4
over.,4
bed.,4
on.,4
swim,4
attention.,4
"pig,",4
fans,4
graders,4
off.,4
shipped,4
interested,4
unless,4
We've,4
tucked,4
stuffed,4
toy,4
"So,",4
Prompt,4
move,4
herself,4
planning,4
30,4
counting,4
"ones,",4
turned,4
grader,4
Roman,4
quickly.,4
Worked,4
board!,4
calender,4
expo,4
marker,4
around.,4
unique,4
center,4
surface.,4
floor.,4
kitchen,4
1,4
groups.,4
surface,4
Magnets,4
dry-erase,4
chapters,4
$1.50,4
sketch,4
butterflies.,4
notebook!,4
masculine,3
felt,3
package.,3
rich,3
zippered,3
flimsy,3
His,3
literature.,3
attach,3
itself.,3
thoroughly,3
metal,3
bags,3
personal,3
"items,",3
Absolutely,3
studies.,3
pen.,3
"inside,",3
compartments,3
replace,3
cheaper,3
earlier,3
phone.,3
Best,3
removable,3
study.,3
essential,3
With,3
attractive,3
"loves,",3
zips,3
notepad,3
School,3
convenient.,3
"big,",3
overly,3
ALL,3
appreciate,3
pack,3
and/or,3
area,3
IT.,3
"in,",3
"organizer,",3
remove,3
NLT,3
NOT,3
multiple,3
practical,3
"highlighters,",3
toss,3
service.,3
nothing,3
color.,3
basis.,3
slide,3
Bibles,3
certainly,3
Now,3
notice,3
On,3
type,3
"bulletins,",3
hoped,3
whenever,3
Needed,3
5.,3
true,3
reviewer,3
proud,3
Pretty,3
!!!,3
amazing.,3
"colors,",3
"mom,",3
wine,3
described!,3
textbook,3
you'll,3
complaints.,3
save,3
dimensions,3
lasted,3
come.,3
ones.,3
Purchased,3
Fantastic,3
handbag.,3
looking.,3
attractive.,3
Was,3
lesson,3
Two,3
Everyone,3
terrific.,3
sent,3
!!,3
Beautifully,3
to.,3
however,3
(,3
"advertised,",3
expectations.,3
form,3
"made,",3
Fit,3
Had,3
covering,3
continue,3
across,3
2nd,3
shopping,3
highlighting,3
"birthday,",3
"long,",3
ever,3
An,3
"nice,",3
SO,3
durable.,3
mini,3
opinion,3
spent,3
etc,3
falling,3
there.,3
PERFECT,3
comfortable,3
person,3
picked,3
ink,3
purchasing,3
beat,3
Do,3
business,3
"Love,",3
history,3
"son,",3
20,3
asking,3
essays,3
diverse,3
you're,3
reference.,3
between,3
critical,3
products,3
To,3
due,3
topics,3
relate,3
lives,3
collection,3
span,3
hate,3
Brand,3
"course,",3
philosophies,3
rate,3
contains,3
address,3
concepts,3
reccomend,3
Dr.,3
interesting.,3
shape,3
bookstore.,3
read!,3
son's,3
types,3
"well,",3
money!,3
expected!,3
copy,3
choice,3
Thanks!,3
fair,3
overview,3
exact,3
company,3
"stories,",3
language,3
opportunities,3
parent,3
delighted,3
Bruce,3
filled,3
meeting,3
winner,3
eat,3
copies,3
daycare,3
adventure,3
Wood's,3
starts,3
Your,3
replacement,3
Napping,3
immediately,3
popular,3
talk,3
Kindergarten.,3
pick,3
favorite!,3
borrowed,3
taught,3
Although,3
throughout,3
challenge,3
Since,3
engaging,3
s,3
picks,3
background,3
example,3
find.,3
jack,3
"library,",3
list,3
spend,3
disappointed.,3
summer,3
text,3
busy,3
reader.,3
phonics.,3
concept,3
interactive,3
primary,3
skills.,3
Alpha,3
Tales,3
printed,3
asleep,3
listening,3
memorized,3
"first,",3
send,3
"series,",3
themselves.,3
enjoyable.,3
sound.,3
purchasing.,3
great!!,3
toddler.,3
sounds,3
vocabulary,3
talked,3
about.,3
currently,3
these!,3
Great!,3
ago,3
2yr,3
cd,3
"short,",3
rhyming,3
teaches,3
animals.,3
Weather,3
"today,",3
now.,3
"though,",3
this!!,3
intended,3
laminated.,3
current,3
complicated,3
Bulletin,3
Because,3
ended,3
window,3
(or,3
match,3
Bright,3
Chart,3
basic,3
Baby,3
rhyme,3
playroom,3
e,3
she's,3
tub,3
asked,3
granddaughter's,3
"day,",3
presents,3
fans!,3
matter,3
asleep.,3
bedtime!,3
sometimes,3
accent,3
pig.,3
Bedtime,3
per,3
"buy,",3
god,3
classes.,3
She's,3
"car,",3
daddy,3
played,3
muddy,3
Short,3
Seems,3
"however,",3
starting,3
third,3
grandson.,3
although,3
line,3
nephew,3
over!,3
Product,3
"bath,",3
adore,3
purpose.,3
her!,3
typical,3
Daddy,3
finally,3
lay,3
listen,3
"bed,",3
times!,3
showed,3
cool,3
"""Peppa",3
"are,",3
fifth,3
toddlers.,3
two-year,3
slim,3
swimming,3
We'll,3
yrs,3
LOVED,3
proper,3
maybe,3
self,3
age.,3
3-year-old,3
"characters,",3
"use,",3
"you,",3
leaving,3
under,3
Wonderful!,3
That's,3
happier,3
offers,3
"skills,",3
taped,3
square,3
values.,3
parts,3
squirrels,3
go!,3
store.,3
issue,3
see.,3
middle,3
grass,3
room!,3
"months,",3
pretend,3
begun,3
18,3
reinforcing,3
used.,3
upon,3
lol.,3
fridge.,3
erases,3
building,3
tried,3
Keep,3
paired,3
"magnets,",3
Does,3
15,3
drawing,3
sides.,3
folded,3
wipes,3
2-year-old,3
Folds,3
task,3
"markers,",3
fridge,3
Smethport,3
Foam,3
Affairs,3
master's,3
affairs.,3
subject,3
processes,3
William,3
"diary,",3
pretty!,3
pretty.,3
Gave,3
Small,3
ideas.,3
jotting,3
notebooks.,3
sensory,3
perception,3
UCentive,3
look.,2
appears,2
afraid,2
versions,2
"looking,",2
"holder,",2
Parallel,2
snug,2
Material,2
faux,2
oversized,2
guy,2
substantial.,2
"storage,",2
outside.,2
normal,2
bibles.,2
inner,2
plus.,2
receive,2
Cover,2
set!,2
hadn't,2
though.,2
organizer.,2
place.,2
quicker,2
nicer,2
"glasses,",2
loose,2
slots,2
black,2
dirty,2
colors).,2
mother-in-law,2
yes,2
Nicely,2
slip,2
wrinkled,2
alot,2
million,2
stars.,2
yesterday,2
shoulder,2
handed,2
highlight,2
hook,2
release,2
leather.,2
allow,2
I'll,2
Organizer,2
including,2
Sunday.,2
included.,2
outer,2
prefer,2
was.,2
(not,2
hangs,2
carries,2
supplies,2
WONDERFUL,2
meets,2
expectations,2
more!,2
You!!,2
inspire,2
compact,2
firmly,2
fully,2
stiff,2
pink,2
NICE,2
sunday,2
"highlighter,",2
divided,2
accordion,2
separately.,2
devotional,2
Awesome!,2
flimsy.,2
greatest,2
"need,",2
Yes,2
inserts,2
sizes.,2
fell,2
straight,2
complaining.,2
sort,2
Maybe,2
utensils,2
filing,2
file,2
"guides,",2
truly,2
stuff.,2
justice.,2
cause,2
papers,2
plans,2
matches,2
girly,2
both.,2
pencil.,2
soon.,2
safe,2
pattern,2
hardcover,2
construction,2
yet.,2
forth,2
girl.,2
pencil,2
like.,2
transaction,2
Made,2
folks,2
compliments,2
made!,2
kinda,2
app,2
hardback,2
AWESOME,2
cheap.,2
fancy,2
"case,",2
accurate,2
stitching,2
done.,2
"years,",2
EXCELLENT,2
QUALITY,2
PRICE.,2
NASB,2
stylish.,2
business.,2
today.,2
products.,2
present.,2
"Great,",2
protection,2
BIBLE,2
WHAT,2
Perfect!,2
Great.,2
Zondervan.,2
King,2
"color,",2
Journal,2
measurements,2
gift!,2
strong,2
does.,2
pictured,2
easier.,2
reviews.,2
trusted,2
Met,2
ladies,2
fit.,2
Gift,2
deal!,2
deal.,2
wore,2
interior,2
"pocket,",2
purpose,2
opposite,2
Light,2
miss,2
purse!,2
True,2
largest,2
walk,2
Classic,2
pictured.,2
durability,2
wonderful.,2
packaging,2
Mine,2
manner,2
COVER,2
"order,",2
"Beautiful,",2
thought.,2
Of,2
"bought,",2
extremely,2
problems,2
anyone.,2
wide,2
mail,2
Cover.,2
MY,2
CASE,2
BUT,2
protecting,2
soft,2
blue.,2
include,2
functional,2
Package,2
sizes,2
baby.,2
merchandise.,2
friends.,2
with!,2
advertised.,2
expecting.,2
wanting,2
"is,",2
easier,2
up...,2
ask,2
Ordered,2
course.,2
incredibly,2
range,2
writers,2
Probably,2
conditions,2
supposed,2
usually,2
dollars,2
whose,2
impact,2
sections,2
scientific,2
presented,2
"philosophy,",2
english,2
literature,2
understand.,2
today,2
ideal,2
requirement.,2
instruction,2
therefore,2
voices,2
class!,2
slightly,2
amazing!,2
classes,2
semester,2
courses,2
honestly,2
enjoyable,2
return,2
experience.,2
advertised,2
pleasantly,2
"interesting,",2
else.,2
info,2
professor,2
Wow!,2
contemporary,2
Jim,2
"Though,",2
life.,2
complex,2
extreme,2
piece!,2
"ideas,",2
affordable,2
..,2
speed.,2
Wish,2
represented,2
intend,2
designed,2
author.,2
freshman,2
thorough,2
Way,2
accessible,2
back.,2
Recommend,2
stars,2
selection,2
rating,2
service!,2
humor,2
greatly,2
"children,",2
carefully,2
level,2
illustraions,2
provide,2
share,2
youngest,2
me!,2
(and,2
discovered,2
extension,2
staff,2
development,2
outstanding,2
bold,2
graphics,2
preschoolers,2
search,2
searching,2
hide,2
grandson's,2
"him,",2
storyline,2
moves,2
covered,2
"illustrations,",2
engages,2
adventure.,2
"dot,",2
objects,2
journey,2
abc's.,2
"boys,",2
lower-case,2
changed,2
repeated,2
"all,",2
House,2
While,2
blue,2
turns,2
finds,2
Charley,2
pre-k,2
opportunity,2
memorized.,2
(it,2
funny.,2
"worry,",2
recognizing,2
pre-schoolers,2
later,2
spread,2
c,2
aren't,2
half,2
shown,2
late,2
sliding,2
letter's,2
latern,2
pumpkin,2
Overall,2
endless.,2
one),2
creative.,2
"Island,",2
lines,2
emerging,2
readers,2
"amazing,",2
youngsters,2
terrific,2
delightful,2
vivid,2
asks,2
levels,2
social,2
educate,2
ABC's.,2
audience,2
entertained.,2
"daughter,",2
(for,2
bore,2
4.,2
handwriting,2
"""find""",2
w/,2
Seuss,2
process.,2
WORTH,2
IT!!,2
tools,2
sounds!,2
certain,2
suggestions,2
(both,2
lessons.,2
phonics,2
received.,2
biggest,2
tire,2
explained,2
feet,2
phonemic,2
goes.,2
tips,2
thoughts,2
poem,2
sheets,2
makes.,2
sounds.,2
audio,2
3yr.,2
I.,2
"others,",2
child's,2
be.,2
cards.,2
"room,",2
carpet,2
sticky,2
dots,2
"homeschool,",2
Day,2
colorful!,2
tools.,2
now..,2
reviewers,2
interchange,2
pieces.,2
colorful.,2
longer.,2
daycare.,2
besides,2
activity,2
"fact,",2
"home,",2
understanding,2
homeschooled,2
Calendar,2
Set.,2
descriptions.,2
"4,",2
2.,2
"far,",2
everyday!,2
patterns,2
changing,2
"weather,",2
reccommend,2
Pre-K,2
thru,2
checking,2
whether,2
"cloudy,",2
"week,",2
manipulate,2
rip.,2
Then,2
word.,2
twins,2
extend,2
boy,2
"easily,",2
"options,",2
kiddos,2
meet,2
recommended,2
music,2
focus,2
classic,2
encourages,2
Grandma,2
past,2
alternative,2
routine,2
figure,2
fans.,2
adorable!,2
stuffer.,2
time!,2
night.,2
Spanish,2
encourage,2
Paper,2
happy.,2
George.,2
main,2
sleepy,2
behaved,2
curious,2
<3,2
water.,2
Always,2
"Scholastic,",2
motivated,2
(well,2
"days,",2
twice,2
sees,2
pool.,2
terrible,2
"TV,",2
Simple,2
A+,2
"pictures,",2
seemed,2
cartoon,2
Oink,2
Oink!,2
peppa!,2
3-year,2
kindle,2
(although,2
favorites.,2
pepa,2
videos,2
"George,",2
grandma,2
toys.,2
surely,2
Sweet,2
books/stories.,2
days!,2
time-kids,2
met,2
needs.,2
"swim,",2
Peppa's,2
ease,2
cousin,2
book..,2
They're,2
everywhere,2
items!,2
ensure,2
requested,2
2.5,2
toy.,2
simplicity,2
design.,2
6th,2
live,2
hit.,2
character,2
car,2
wind,2
telling,2
tv,2
peppa.,2
nearly-3-year-old,2
gifts.,2
up!,2
However,2
reads,2
house!,2
house.,2
bed!,2
refuse,2
tuck,2
follows,2
format,2
jump,2
puddles,2
arms,2
Red,2
mind,2
mud,2
3rd,2
Birthday!,2
watched,2
TV.,2
visiting,2
lil,2
via,2
Goes,2
grow,2
niece.,2
3.,2
what's,2
"say,",2
shiny,2
Pepper,2
collection.,2
online.,2
published,2
Scholastic.,2
prices,2
original,2
lets,2
PIG,2
complaint,2
tired,2
oink,2
best!,2
50,2
lover.,2
towel.,2
"peppa,",2
paid,2
future!,2
related,2
Peppa!!,2
Crazy,2
accent.,2
tape,2
neice,2
Make,2
long.,2
sleeps,2
delivered,2
Enough,2
said.,2
works.,2
rangers.,2
(even,2
it).,2
destroying,2
replace.,2
Encourages,2
alive,2
art.,2
"times,",2
"lessons,",2
granddaughters,2
doll,2
figure!,2
thicker,2
Cool,2
Illustrations,2
packing,2
"line,",2
aid,2
Couldn't,2
2s,2
characters!,2
guess,2
counting.,2
Sometimes,2
groups,2
charts.,2
5's,2
10's.,2
grades,2
"time,",2
dolls.,2
interact,2
Royals,2
roll,2
told,2
yearbook.,2
day!,2
"Large,",2
11,2
High.,2
Chuggington,2
entertaining,2
Classroom,2
develop,2
lot.,2
Im,2
sheet,2
practice.,2
tasks,2
creative,2
Bright!,2
Big!,2
5th,2
decimals.,2
roots,2
learners!,2
decimal,2
numeral,2
charts,2
desk.,2
help.,2
broken,2
tall,2
"science,",2
activities.,2
local,2
"said,",2
border,2
knowledge,2
Sturdy,2
system,2
content,2
realize,2
durability.,2
budget.,2
common,2
line.,2
bonus,2
created,2
foot,2
taller,2
difference,2
ways,2
&&,2
break,2
hanging,2
foam,2
fill,2
mark,2
sorts,2
sun,2
refrigerator.,2
purchase!!!,2
eye,2
former,2
age!,2
speak,2
"holidays,",2
breakfast,2
features,2
often.,2
"expected,",2
behavior,2
"described,",2
"these,",2
Hannah,2
dance,2
(just,2
"songs,",2
chart!,2
Flip,2
songs!,2
Songs,2
catchy.,2
"catchy,",2
much!,2
aid.,2
seller.,2
paying,2
large.,2
accompanying,2
EASY,2
TO,2
CHILDREN,2
activites,2
centers,2
Literacy,2
organization,2
includes,2
"butterflies,",2
convenient,2
alphabets,2
giving,2
otherwise,2
easy.,2
functions,2
steel,2
"flat,",2
logo,2
reason,2
complaints,2
triangle,2
"sides,",2
tough,2
sorting,2
play.,2
stored,2
gifts,2
setting,2
wooden,2
door.,2
tip,2
idea!,2
portable.,2
"down,",2
ability,2
Loves,2
kills,2
"shapes,",2
stays,2
explain,2
boards,2
schedule,2
"weight,",2
propped,2
grandson!,2
washable,2
spelling.,2
dining,2
grandbaby,2
sturdy!,2
learn.,2
schools,2
model,2
guided,2
"spelling,",2
forms,2
several.,2
jumbo,2
prop,2
photo,2
development.,2
bent,2
car.,2
height,2
drawing.,2
we're,2
spell.,2
creating,2
small.,2
slight,2
animal,2
refrigerator,2
answer.,2
"name,",2
note:,2
magnetics,2
management.,2
l,2
selected,2
remains,2
"work,",2
accomplished,2
prevailing,2
"view,",2
professionals,2
previous,2
postmodernist,2
research,2
College,2
Success,2
"Clearly,",2
chapter.,2
particularly,2
"textbook,",2
foundational,2
examples,2
explores,2
professional,2
"""intentional""",2
Morris,2
"unlined,",2
descripton.,2
food,2
bedside,2
eligible,2
4-for-3,2
"discout,",2
steal!,2
stockings.,2
addresses,2
comments,2
"notebooks,",2
paper.,2
inexpensive,2
Smaller,2
Blank,2
"thin,",2
starter,2
poetry,2
lines.,2
journals,2
qualify,2
saver,2
scrubs,2
Thought,2
"be,",2
Whoever,2
feedback,2
8.5,2
reminders,2
surprised,2
list.,2
"much,",2
plain,2
lists,2
$25,2
senses,2
interprets,2
psychology,2
signals,2
level.,2
processing,2
brain.,2
effects,2
cases.,1
weighty,1
leather-like,1
"distinguished,",1
(Letra,1
Gigante),1
opening,1
darker,1
Rustic,1
"device,",1
/notepad,1
front.,1
"enough,",1
"Complete-Evangelical-Parallel-Bible-International,",1
job?,1
rugged,1
man,1
source.,1
Hendrickson,1
Bible-PR-KJV/NKJV/NIV/NLT,1
Hardcover,1
(reviewed,1
separately).,1
tight.,1
Zipper,1
pleather?,1
"Minimal,",1
highlighters,1
touchpad,1
device,1
padded,1
protected,1
box.,1
scripture,1
9.5,1
X,1
7.5,1
Tyndale,1
"5""",1
"7""",1
spiral,1
PROS:,1
CONS:,1
SUMMARY:,1
tore,1
ministry,1
"handles,",1
"strap,",1
highlighter.,1
Hindi,1
BSI,1
(OV).,1
"fabpriceulous,",1
alone,1
colors:,1
"Black,",1
"Green,",1
Pink.,1
endure,1
tracts,1
handbills,1
Inside,1
extending,1
cloth,1
attachments,1
examined,1
noticed,1
"""Cross""",1
pulls.,1
purchased.,1
DO,1
RCIA,1
separted,1
hymn,1
worksheets,1
sleek,1
bag/organizer.,1
"workbook,",1
notepad.,1
attends,1
anticipated.,1
understated,1
bible-holder-organizer.,1
looks.,1
over-sized,1
handy:,1
perfection!,1
"keys,",1
cell,1
"phone,",1
"wallet,",1
spare.,1
"""creditcard""",1
bookmarks.,1
hooks,1
detach,1
lime,1
green/brown,1
pink/brown,1
$35.,1
(they,1
taxes,1
transaction!!!,1
hassel,1
amazon.com,1
estimated.,1
around!,1
keys,1
removable.,1
features.,1
briefcase,1
juggling,1
"journal,",1
etc...,1
Packaged,1
Extra-Large,1
"into,",1
closes,1
"clasp,",1
squished.,1
stationery,1
bulge,1
"really,",1
"Wow,",1
features:,1
proof,1
purses,1
strap...out,1
access...huge,1
storage...a,1
slot,1
(works,1
writers)...pen,1
loops.,1
"Also,",1
loop,1
"addition,",1
lap-desk.,1
"designed,",1
manufactured,1
conveient,1
need!,1
slipped,1
"inserted,",1
stills,1
closed,1
fabric,1
optional.,1
aside,1
elephant,1
gift...,1
satisfactory.,1
Roomy,1
candy,1
aunt,1
lovees,1
"anticipated,",1
glasses.,1
"""Bible",1
Coal,1
"Leather-Look...""",1
glasses,1
assorted,1
worship.,1
look!!!,1
"handouts,",1
bag/purse.,1
note-taking,1
im,1
Friday,1
God,1
sewing,1
machine,1
ill,1
completed.,1
bag/bible,1
Key,1
Hebrew-Greek,1
purse-like,1
wallets,1
Sundays.,1
shoulder.,1
star,1
cheap),1
big..,1
arm/elbow,1
books!!!,1
AAA+++,1
extras,1
Amazon!!,1
chic.,1
"""handbag""",1
workbook,1
"""bag"".",1
unzip,1
shape.,1
fish,1
mouths,1
lumpier,1
scheduled.,1
significantly,1
efficient.,1
brown,1
Item!,1
STURDY,1
firm,1
unhook,1
wishes,1
sturdiness,1
snaps.,1
;),1
~,1
pen/pencil,1
storing,1
"space,",1
tidy.,1
strap.,1
Shoulder,1
essential!,1
Bible....,1
include.,1
Daily,1
Bread,1
Devotional,1
overall.,1
application,1
over-the-shoulder,1
"adjustable,",1
want.,1
size!!,1
neat;,1
Monday,1
materials.,1
Instead,1
compliments!,1
"unobtrusive,",1
wheelchair,1
"chair,",1
lap,1
scoop,1
workspace,1
flying!,1
organizers,1
Nook,1
pens!,1
pocket!,1
Should,1
collect,1
mangled,1
excessive,1
covers.,1
bout,1
mom.,1
notepads,1
all.,1
"does,",1
crumples,1
snug.,1
ideal.,1
Church,1
Bulletins,1
myself.,1
1.5,1
eating,1
lunch.,1
Post-It,1
"tabs,",1
ruler,1
crock,1
elbow,1
straps.,1
"very,",1
organizer!,1
blessing.,1
thing.,1
study's,1
"hymal,",1
ipad.,1
similar.,1
"""tab",1
"down""",1
position,1
"carried,",1
crush,1
tabs.,1
benefits,1
"catechism,",1
inserted,1
secured,1
"removed,",1
(cover,1
"bible),",1
carrier.,1
teen,1
OWN,1
Christmas...,1
"pictured,",1
chapstick,1
Princess,1
vinyl,1
Awana,1
6yr,1
pencils.,1
she'll,1
outgrow,1
clean.,1
puts,1
offering,1
grandaughter,1
bc,1
babyish,1
Girl's,1
medium-to-large,1
prettier,1
Girls,1
mention,1
terribly,1
"Good,thank",1
amaz&oacute;nica.,1
cute-picture,1
Easter.,1
hasn't,1
adorable...very,1
cute...,1
receive.,1
update,1
problems.,1
faith,1
God's,1
Translation,1
"design,",1
personality!,1
8yr,1
"church,",1
trick,1
"beautiful,",1
Uniquely,1
Carries,1
daisy,1
Bible!!!,1
deep,1
dark,1
craftsmanship.,1
worries!,1
hesitate,1
"seller,",1
wife.,1
Cowboy,1
functionality!!!!Highly,1
....I,1
case!!!,1
zipper!,1
Beautiful...very,1
Made!,1
smart,1
accommodates,1
perfect...seems,1
strange,1
stylish,1
Holman,1
comfortably...,1
sturdy..it's,1
burgundy/wine,1
color.....buy,1
quality!,1
gorgeous,1
wondered,1
goal.,1
arrives!,1
"exactly,",1
"material,",1
casing,1
interior.,1
some.,1
"Costco,",1
MANUFACTURED!,1
Dake,1
"NIV,",1
"KJV,",1
"Amp,",1
bulky,1
glove.,1
Doesn't,1
lady,1
profesh.,1
papers.,1
you's,1
complements.,1
beautiful!!,1
burgundy,1
rich.,1
loops,1
pencils,1
highlighters.,1
bulletins.,1
loss.,1
bill.,1
wonderful!!,1
others!,1
incredible.,1
two!,1
Room,1
booklets,1
HOLDS,1
NOTE,1
BOOK,1
WITH,1
LITTLE,1
SPACE,1
LEFT,1
OVER,1
WHICH,1
NEEDED,1
complimented,1
(Bible,1
cover),1
Mom.,1
correctly,1
oversize,1
Giant,1
roomy.,1
prns,1
PA,1
(I'm,1
FL)!!,1
Daughter-in-law,1
James,1
switch,1
Sermon,1
bilble,1
Already,1
Be,1
mindful,1
Did,1
return.,1
Pay,1
Finally,1
history.,1
Liked,1
.Could,1
returning,1
negative,1
gut,1
regrets.,1
spare,1
measure,1
).Not,1
Leather,1
non,1
less.,1
mother.,1
Says,1
Scofield,1
Elegant,1
style.,1
Saw,1
Lifeway,1
$40.,1
"extra,",1
fits.,1
"for,",1
fine!,1
elastic,1
expand,1
hi-lighters.,1
out!!,1
"""wine""",1
deeper.,1
"overall,",1
satisifed.,1
Serve,1
expensive!,1
would.,1
binder.,1
PICE,1
SIZE,1
Amazon.com.,1
cane,1
Momma,1
Amazon.com,1
easier!!!,1
be:,1
protects,1
Beautiful...,1
Gorgeous!!!,1
envy,1
classy,1
Thompson,1
Chain,1
Reference,1
Case,1
Had.,1
VSE.,1
"gosh,",1
Extra,1
Large,1
afford.,1
"9""",1
"7""wide",1
"2""",1
deep),1
bottem.,1
whatever.,1
boxed,1
wih,1
air-filled,1
thingies.,1
mine.,1
resolved,1
encase.,1
customers.,1
it....so,1
celebration.,1
price.....Thank,1
owning,1
MUCH,1
prayer,1
warrior,1
Attractive.,1
exterior,1
pocket;,1
it....,1
fitted,1
satchel,1
"booklets,",1
feel.,1
handling.,1
HOURS,1
decide,1
"photo,",1
hesitant,1
crossed,1
fingers,1
"Prime,",1
",room",1
Great...lots,1
"construction,",1
hppy,1
boss,1
wearable.,1
wished,1
"stationary,",1
it...i,1
size..bu,1
spine.,1
bookmarks,1
Wine,1
Reptile,1
"case,fits",1
print-,1
bible!!,1
reptile,1
grain,1
places,1
craftsmanship,1
exquisite,1
JUST,1
ENOUGH,1
COMPARTMENTS,1
STILL,1
ENJOY,1
worn,1
mint,1
well-used,1
"padded,",1
detail,1
accessory,1
using.,1
pin,1
Knowing,1
Christian,1
mother's,1
wisely,1
force,1
handles!,1
carrying.,1
gorgeous!,1
cover...I,1
it!!!!,1
did.,1
exact.,1
"reasonable,",1
"purchase,",1
pic.,1
fitting,1
goods,1
"tablet,",1
compliments.,1
parallel,1
5X7,1
sapphire,1
daughter-in-law.,1
serves,1
"promise,neatly",1
package.and,1
new!!!!!!!!!!!!!!.,1
recommanded,1
Before,1
negative.,1
fantastic!,1
colour,1
who's,1
"visiting,",1
ESV,1
law.,1
straps,1
Shipping,1
slow,1
"either,",1
arriving,1
it......My,1
zipping....I,1
fob,1
binder,1
edge...not,1
good.....,1
roomy....Couldn't,1
more...,1
texture,1
sofisticated,1
didn`t,1
"myself,",1
intro,1
writings,1
human,1
Lao-Tzu,1
"Marxists,",1
feminists,1
neuroscience.,1
"""sit",1
"read""",1
except,1
honesty.,1
bookstore,1
Passed,1
collected,1
represent,1
array,1
"thought,",1
deeply,1
informative,1
masterfully,1
marked,1
Western,1
society.,1
reminded,1
"subject,",1
poverty,1
gender,1
"discovery,",1
Within,1
"multiple,",1
differing,1
viewpoints,1
"topics,",1
"""conversation""",1
authors.,1
"logic,",1
"thinking,",1
general.,1
Rented,1
alright,1
ao,1
Anyways,1
challenging,1
rewarding,1
closely,1
Composition,1
calls,1
5stars,1
Incredible,1
learner.,1
You.,1
"new,",1
used!,1
waste,1
Reviewing,1
tyhat,1
forgoten.,1
Many,1
Acceptable,1
dang,1
computer,1
disgusted,1
points.,1
school!!!,1
condition/useable.,1
speed,1
fashion.,1
bios,1
wrote,1
enhances,1
"expect,",1
wound,1
handle.,1
surprised.,1
"used,",1
fascinating.,1
new!,1
$10!,1
ebay.,1
u,1
college.,1
resell,1
recover,1
texts!,1
8th,1
ancient,1
texts.,1
Plato,1
"Lao-Tzu,",1
Virginia,1
"Woolf,",1
Mason,1
Pete,1
Singer.,1
texts,1
(maybe,1
answer,1
address),1
issues,1
humanity.,1
"annotation,",1
picking,1
"unique,",1
amazon....,1
book...,1
economy,1
ASAP,1
^-^,1
fashion,1
cant,1
experience,1
"writing,",1
philosophy.,1
thinkers,1
book:,1
"Nietzsche,",1
"King,",1
Lao,1
"Tzu,",1
"Machiavelli,",1
Aside,1
needing,1
finishing,1
finished.,1
sending,1
pre-requisite.,1
adult,1
"learner,",1
seriously.,1
organized,1
"noted,",1
Machiavelli,1
Marx's,1
Communist,1
Manifesto.,1
essay,1
"challenging,",1
proposed,1
(despite,1
money!),1
1301,1
sad,1
keep.,1
basics,1
"english,",1
overpriced,1
Buisiness,1
Law,1
$365.00.,1
guys,1
highly!,1
Sorry,1
delay,1
reviewing.,1
suppose,1
Fabulous,1
aimed,1
breaking,1
comfort,1
zone.,1
textbook.,1
Enjoy,1
text.,1
readings,1
formatting,1
well-designed.,1
"condition,",1
saved,1
$40-$60,1
depending,1
aspiring,1
writers.,1
1/4,1
arrive,1
shop,1
poems,1
requirment,1
1102,1
TheBookDude,1
great-could,1
pass,1
"on,",1
bull,1
winded,1
"explanations,",1
hers!,1
",though,",1
favorite!!,1
incorporates,1
"love,(I",1
"lessons),",1
works!!,1
GET,1
BOOK!,1
approaches,1
"""help",1
"a-b-c's.""",1
mishaps,1
confusions,1
require,1
sifting,1
"sorting,",1
"searching,",1
formed,1
learned.,1
view,1
delight,1
cascade,1
invites,1
inquiry,1
thinking.,1
conversation,1
"child,",1
two.,1
"""must",1
"have""",1
Parents,1
grandparents,1
collaboration!,1
"""Little",1
"i""",1
imaginative,1
BUSY.,1
"A,B,C,D,E,F,G--",1
"""Alphabet",1
"Adventure""",1
suits,1
'T'--,1
"Funny,",1
laugh,1
glee--,1
Next,1
surprises!),1
"bookshelves,",1
rushed,1
wealth,1
b,1
c's.,1
Characterization,1
emergent,1
'i',1
tries,1
springboard,1
contribution,1
appropriate,1
Adorable!,1
"charming,",1
Bruce.,1
raised,1
Piggies,1
Bidgood.,1
flying,1
shelves.,1
pre-schooler.,1
fixated,1
refused,1
"""alphabet",1
"storybooks""",1
"engine,",1
looses,1
seek.,1
babysitters.,1
discover.,1
on!,1
"one,",1
associated,1
equally,1
request.,1
secretly,1
grabby,1
cost.,1
latched,1
onto,1
happening,1
spread.,1
"plot,",1
searched,1
object,1
respective,1
grandsons,1
one.............got,1
"""Alphabet""",1
must.,1
Adventure.,1
drawn,1
illustration.,1
Ladybug,1
i.,1
Gavin's,1
stars!,1
(along,1
Mystery,1
Rescue),1
"catalog,",1
we'd,1
hardcovers,1
lowercase,1
write.,1
receives,1
investigating,1
Audrey/Don,1
Silly,1
Sally.,1
fascinated,1
House.,1
browing,1
"bookstore,",1
ran,1
EVEN,1
BETTER,1
browsed,1
highest,1
rated,1
SCORE!!!,1
"mentioned,",1
Island,1
(named,1
Charley),1
loses,1
somewhere.,1
enough.,1
BUY,1
IT!!!,1
reasons!,1
"""i's""",1
"purple,",1
discussion,1
mixing,1
"sounds,",1
trickster,1
outsmarts,1
references,1
(three,1
consecutive,1
times),1
eventually,1
library!).,1
ABCs,1
practically,1
admit,1
burnt,1
it)!!,1
public,1
vibrant.,1
mystery.,1
concentrating,1
eachother,1
Something,1
dot!,1
"""i""'s",1
Once,1
"missing,",1
child(ren),1
sibling(s),1
alphabet!,1
pry,1
youngest.,1
"page,",1
"a,b,c",1
letters...,1
appearance,1
"""capital""",1
solve,1
(be,1
page).,1
"star,",1
h,1
"heart,",1
cherry,1
forth.,1
rhymes,1
tedious,1
intrest,1
crazy.,1
Boom.,1
sophisticated,1
Chick,1
same.,1
premise,1
embark,1
trip,1
"climbing,",1
b's,1
bridge.,1
connect,1
difficult.,1
hidden,1
nit,1
picky,1
point.,1
J,1
latern.,1
p,1
confusing,1
choosen,1
littleless,1
interpertation,1
j.,1
carved,1
abc's,1
oppurtunities,1
amazon.,1
son...who,1
(i),1
drew,1
magna,1
doodle,1
day!!,1
requests,1
(inc.,1
"fresh,",1
"innovative,",1
"lively,",1
Get,1
"T,",1
T,1
becoming,1
frantic.,1
"Fortunately,",1
plan.,1
prank,1
day.....,1
authored,1
marvelous,1
charm,1
amusing,1
mystery,1
pace.,1
Mr,1
"bold,",1
illustration,1
seek,1
"3-7,",1
Bold,1
"captivating,",1
"appealing,",1
detailed,1
themes.,1
jewel,1
ever-popular,1
trove,1
family!,1
locations,1
whimsical.,1
26,1
Buy,1
it...,1
regret!,1
Alphatales,1
Library,1
introducing,1
"teachers,",1
energy,1
enthusiasm.,1
cognitive,1
stimulate,1
all!,1
suggested,1
guides,1
styles.,1
C.,1
Hodgins,1
preschool/kindergarten,1
ALREADY,1
seperate,1
combine,1
"end,",1
"about,",1
achieved,1
failed,1
"at,",1
X),1
stretch.,1
educational.,1
critic,1
bored,1
intermediate,1
teacher...I,1
three.,1
stories...I,1
"kindergarten,",1
corresponds,1
whatever,1
"difficult,",1
"wonderful,",1
great;,1
AS,1
Expensive,1
WELL,1
"counting,",1
bummer,1
did),1
VPK,1
printable,1
curriculum,1
unit!,1
MORE,1
THAN,1
"CAS,",1
8),1
A++++.,1
struggling,1
can.,1
music/character,1
Teachers,1
Use,1
cheer!,1
"birth,",1
Aunt,1
Uncle.,1
constantly,1
young.,1
Unit!,1
newly-turned,1
licensed,1
Title,1
(reading,1
therapy),1
certificate.,1
advantages,1
advantage,1
"funny,",1
entertaining.,1
read-alouds,1
pre-schooler,1
positive,1
thing!,1
run,1
chants,1
stomps,1
claps,1
two-page,1
"says,",1
"""How",1
"__?""",1
"standpoint,",1
significant,1
awareness,1
"honest,",1
cracked,1
Flipping,1
recognition,1
"practice,",1
assessment.,1
majority,1
mini-book,1
photocopied,1
"kiddos,",1
cheer.,1
Head,1
Start,1
investing,1
Helps,1
graders.,1
enjoy.,1
chicken,1
dinner.,1
tool!,1
set....she,1
Practice,1
penny-,1
brainstorm,1
initial,1
awareness.,1
individuals,1
"reviews,",1
Full,1
tongue,1
twisters,1
studying!,1
final,1
monotonous,1
district.,1
cheers.,1
Amazing!!!,1
provides.,1
books!!,1
guide.,1
kids!,1
favor,1
too...what,1
"Old,",1
night!,1
AlphaTales,1
"Simple,",1
packed,1
specific,1
letter-sound,1
correspondence.,1
"""cheer""",1
respond,1
enthusiastically.,1
cat,1
tease,1
comprehension,1
"sequencing,",1
comparing,1
"contrasting,",1
library-,1
reading!,1
readers.,1
hilarious,1
one!,1
service!!!!,1
kindergarteners...,1
sound=letter.,1
"yellow,",1
"yesterday,",1
"tomorrow,",1
Months.,1
Looking,1
Hopefully,1
Comes,1
"Teacher,",1
fixes,1
whiiiiile,1
arrive.,1
"Cute,",1
"""tot",1
"school""",1
punch,1
"of,",1
consuming,1
horrible.,1
"carefully,",1
suggest,1
handling,1
tacky,1
classroom!,1
Flag,1
Memorial,1
Day.,1
Fathers,1
instance,1
biggie!,1
Homeschool,1
Items,1
play/,1
"Colorful,",1
engaging.,1
consideration,1
calendar!,1
complaining,1
flimsy...why,1
WITHOUT,1
it?,1
nearly,1
impossible,1
it...any,1
$30,1
Kinkos.,1
"school),",1
celebrate,1
fiend,1
needed!,1
homeschooling.,1
awhile,1
choices,1
occasions.,1
Unless,1
"industry,",1
Home,1
becomes,1
meaningful,1
fun!.,1
observant,1
accomplishments!,1
longer...,1
preschooler.,1
Schoolhouse,1
"year,",1
Walmart,1
Children's,1
Preschool,1
Academy.,1
kiddos.,1
Ages,1
"10,",1
backing.,1
we've,1
contact,1
"deal,",1
contents.,1
homeschools,1
"5,",1
readily,1
accepts,1
push,1
pins,1
flannel,1
suggestion,1
displayed,1
recitation,1
Oct.,1
"have,",1
(colors).,1
"date,",1
product-,1
flexibility,1
alredy.,1
grade.,1
"rainy,",1
"sunny,",1
students--as,1
observe,1
recognize,1
dates,1
weekends,1
weekdays,1
holidays.,1
"cardstock,",1
bend,1
wrinkle,1
dressed,1
"No,",1
(nothing,1
with).,1
Aesthetically,1
pleasing.,1
holiday/special,1
occasion,1
fillers,1
card,1
stock.,1
"flimsy,",1
"laminator,",1
consider,1
prepared,1
budding,1
"educator,",1
pre-laminated,1
enough),1
day's,1
conjunction,1
chance,1
"bright,",1
Air,1
unit.,1
4yr,1
"preschool,",1
it.....,1
bending,1
bend.,1
viewed,1
spinning,1
select,1
forget,1
brass,1
fasteners,1
spin,1
arrow.,1
K-2,1
spinner,1
decorations,1
Nursery,1
Rhymes,1
shower.,1
educators,1
know.,1
conference.,1
theme.,1
"posters,",1
adds,1
memorizing.,1
little.,1
classics.,1
Went,1
weeks.,1
3yo,1
dissapoint!,1
"products,",1
scores,1
"""up",1
"there""",1
4-year-old,1
"us,",1
truth,1
told).,1
travelling.,1
screens,1
bedtime),1
staring,1
screen.,1
yawn,1
so...it's,1
effective.,1
delighted!,1
"Pjsluwutspushskjysohsgad,cg",1
gsj,1
want?,1
mikayla,1
Carolina,1
Myy,1
Brush,1
friend's,1
Color,1
Please,1
follow,1
loud.,1
wording,1
"preschoolers,",1
wonderfully,1
Wonderfully,1
illustrated.,1
stories!,1
night.kid,1
Fantastic!,1
swim!,1
Kkigbnmk,1
"game,",1
daugther,1
Is,1
usage,1
feedback.,1
3yr,1
story!!,1
unsupervised.,1
rules.,1
readying,1
spends,1
swiming,1
good!!!,1
"languages,",1
shows.,1
hears,1
calms,1
film.,1
camp,1
T.V.,1
book...my,1
short.,1
HUGE,1
$3.99.,1
Seller.,1
Promised.,1
"character,",1
"her,",1
quiet,1
mouse,1
stayed,1
intriguing,1
heard,1
:)),1
"happy,",1
initially,1
"tear,",1
"arrived,",1
somewhat,1
complement,1
ends,1
sleeping,1
tone,1
success,1
what.,1
polite,1
(Normal,1
behavior),1
helicopter.,1
4yo,1
lovers.,1
Kid,1
say?,1
"granddaughter,",1
hundred,1
loooooves,1
thru.,1
olds!,1
tongue).,1
During,1
(in,1
evening).,1
reach,1
tooth,1
enthusiastically,1
Win!,1
hoping,1
magic,1
jumps,1
neck,1
minute,1
2.75,1
enthralled,1
snorts.,1
simplified,1
Granddaughters,1
pics,1
show!,1
alright.,1
storybook.,1
dough,1
tee,1
lover,1
gag,1
reel.,1
begginer,1
cute!!!,1
THese,1
flawless,1
Glossy-,1
"cover/back,",1
"lunch,",1
"aloud,",1
bunch.....of,1
mos,1
easter,1
basket.,1
amazingly,1
smooth.,1
Out,1
best.,1
aby,1
ordinary,1
version,1
books).,1
too..,1
haha,1
fan!!!,1
ed.,1
recipient,1
Lol,1
countless,1
parents.,1
investment.,1
favorites!,1
often...,1
(too,1
much),1
"house,",1
momma,1
"pepa,",1
grandpa,1
susie,1
sheep...,1
niece's,1
FAVORITE,1
present!!!,1
since!,1
"Oh,",1
(snort),1
appreciate.,1
puddles.,1
New,1
delivered.,1
Item.,1
Lovers,1
Lol.,1
"attention,",1
lot!,1
adventures,1
pressure)!,1
Nephew,1
stuffer!!,1
According,1
favs...,1
absolute,1
pjs.,1
highlights,1
"ordered,",1
e-mail,1
receipt/satisfaction.,1
row,1
nametags.,1
refer,1
nametags,1
overwhelming,1
"information,",1
basics.,1
"""baby-ish""",1
co-teachers,1
tags!,1
Clean,1
plates.,1
matte,1
well-the,1
adhered,1
peel,1
Sized,1
round,1
tables.,1
bed!!,1
town.,1
Birthday,1
Anything,1
"awesome,",1
"""reading""",1
fanatic,1
Watches,1
cartoons,1
He's,1
visited.,1
Delightful,1
accept,1
steps,1
"(dinner,",1
"play,",1
BEDTIME,1
;))!,1
toddler/pre-schooler's,1
span.,1
six-year-old,1
complain.,1
ok.,1
Could,1
hey,1
immediately.,1
thumbs,1
exceeded,1
assume,1
tree.,1
unknown,1
adhesive,1
defiantly,1
heirloom,1
dangerous,1
cuts,1
occur,1
BE,1
CAREFUL!,1
style!,1
3.5,1
"hardcover,",1
peppa's,1
"delight,",1
ou,1
Props,1
rocks,1
"""good",1
"night""",1
"finished,",1
skip,1
serious,1
books...,1
classics,1
"hey,",1
(it's,1
course),1
it'll,1
Cute!,1
Whenever,1
"something,",1
became,1
piggies,1
sleepy.,1
(of,1
course!),1
splishing,1
splashing.,1
"longer,",1
"over,",1
pajamas,1
snuggling,1
teddy,1
Peppas,1
Mr.,1
Dinosaur,1
Georges,1
Monkey,1
monkey,1
"tell,",1
"night,",1
soothes,1
"parents,",1
doing.,1
allowed,1
explanation,1
rules,1
pigs,1
working.,1
future.,1
disclosure,1
"discount,",1
FULL,1
review!,1
summer!,1
Child,1
incomplete,1
lacking,1
detail.,1
stickers,1
'Dentist,1
Trip',1
March,1
"Netflix,",1
there)...,1
think...,1
splish,1
splooshing,1
rolling,1
puddles...,1
(double-checked...,1
season,1
4-2),1
niece/granddaughter,1
(me,1
'n,1
sis/our,1
mom),1
Skype.,1
sis,1
(also,1
Swimming),1
imagine,1
companion,1
Pig:,1
Hug,1
N',1
Plush,1
(questionable,1
sellers,1
"""I",1
wanna,1
____,1
__,1
"kid"")",1
Won't,1
dad,1
Brought,1
neighbor's,1
"Lol,",1
"Pig""!",1
ur,1
(hopefully,1
children/grandchildren,1
"you..lol,kidding)",1
"under,",1
grandboy:),1
evenings,1
(sigh!).,1
presents/rewards,1
earned,1
"""well-behavior",1
"charts"".",1
family!!!,1
funny!,1
wiped,1
proof.,1
Totes,1
adorbs!!!!,1
summer.,1
swimming.,1
arm,1
floaters.,1
upbeat,1
bang,1
buck.,1
lovers,1
"Pig"",",1
16,1
"Pig""",1
USA,1
England,1
pig...,1
"episodes,",1
library!,1
My....,1
gone,1
crazy,1
mama,1
differerent,1
PIG.,1
"dinner,",1
"puddles,",1
accompany,1
"television,",1
re-reading,1
clever.,1
sonly,1
"illustrated,",1
subtle,1
taught.,1
"Books,",1
thee....let,1
ways!,1
1.,1
reasonably,1
"priced,",1
"reasonably,",1
reinforces,1
'Twas,1
oink.,1
transaction!,1
AAAAAA+++++,1
-year-old,1
lovesmy,1
two-year-old,1
recite,1
on....,1
Adorable,1
Typical,1
sleep!,1
Skype,1
downloading,1
"kindle,",1
Mother,1
head,1
wriggly,1
bathing,1
suit,1
excited.,1
defenately,1
discounts,1
codes,1
box!,1
pig!,1
pristine,1
SERIES,1
KIDS..GET,1
NOW,1
buy!!,1
them!!,1
expected!!!,1
routines,1
evens,1
soo,1
talks,1
pigs.,1
huh????,1
Southern,1
"accent,",1
'Bedtime,1
Peppa',1
"always,",1
prompt,1
DVD,1
coz,1
"movie,",1
"toddler,",1
"accents,",1
"length,",1
MThe,1
45,1
"complaints,",1
opposed,1
"Plus,",1
accents,1
liked!,1
screamed,1
Christmas!,1
characters?,1
inspiration.,1
Try,1
uplifts,1
affirmations,1
positive.,1
Power,1
"toddlers,",1
disappoint!,1
awesome.,1
sleep!!,1
Peppa...I,1
cop,1
"do,",1
"again),",1
"setting,",1
fairy,1
"tales,",1
"retellings,",1
"Yearbook,",1
official,1
"maps,",1
insight,1
ever.,1
did!,1
"happened,",1
(the,1
series).,1
messages,1
+,1
"personal,",1
styles,1
"writing/fonts,",1
(so,1
reason).,1
"pretty,",1
non-book,1
weird,1
"High,",1
wordpuns/word,1
"stuff,",1
"balls,",1
Review,1
posted,1
http://twirlingbookprincess.com/,1
t!!!!,1
read-she,1
book!!!,1
read!!!,1
colors!!!,1
(So,1
I!),1
ought,1
mins:-),1
cuteb,1
family.,1
Gotta,1
wit,1
teenager,1
Pig...go,1
things...but,1
excitement,1
Teens...go,1
read...or,1
"often,",1
goodnight,1
fave.,1
Hellooo,1
available,1
Ours,1
well-loved.,1
Present,1
Excellent!,1
Pip,1
Fan!,1
episode.,1
re-read,1
$4!,1
everyday.,1
Lets,1
BIG,1
HIT.,1
CUTE,1
Lovely,1
trips,1
distracted.,1
alley,1
reminds,1
pool,1
habits.,1
"two,",1
date.,1
listened,1
intently.,1
There's,1
plot,1
hear,1
"lover,",1
anticipate,1
moms,1
charter,1
cyber,1
count.,1
easier!,1
watches,1
himself.,1
Pig....,1
"laminated,",1
highlighted,1
decorate,1
"Basic,",1
coding,1
5s,1
visualize,1
Sooo,1
"useful,",1
fingers!,1
peepa,1
quick.,1
Impressed.,1
healthiest,1
today!,1
"Fun,",1
plush,1
episodes.,1
40,1
100.,1
arranged,1
logical,1
manner.,1
helps.,1
pre,1
K,1
Sudoku,1
happily.,1
"patterns,",1
"2s,",1
"5s,",1
10s.,1
visually,1
impaired.,1
hung,1
memorize,1
laminate.,1
Abosuletly,1
usefull,1
helpfull,1
grades.,1
pointer,1
counts,1
"100,",1
Counting,1
setting.,1
lamination,1
recomment,1
1-6,1
beyond).,1
sense.,1
aired,1
19,1
"comprehend,",1
Grandad's,1
Garden,1
GD,1
thumb,1
nap,1
LOL!,1
4th,1
"level,",1
hates,1
"""book""",1
pure,1
enjoyment,1
genuinely,1
about!,1
Characters!,1
pictures!,1
climb,1
investment!,1
Monster,1
"dolls,",1
Rebles,1
honor,1
12.,1
myself!,1
daughter:,1
cool!,1
jobs.,1
signed,1
characters.nice,1
"paperback,",1
It!,1
christmas,1
confusion,1
fixed,1
moment,1
narrative,1
"glossy,",1
Yup.,1
Rebels,1
fan:),1
descriptions,1
Lil,1
xD,1
COOL!!!!!,1
Humphrey,1
Dumpty,1
monster,1
high/ever,1
yearbook,1
cool.,1
sneak,1
peeks,1
scenes,1
character.,1
softsided,1
Might,1
hardcover.,1
"But,",1
right!!,1
Chuggers,1
message.,1
"stores,",1
Easter,1
Pre-Schooler,1
Pre-School,1
power,1
snap!,1
"care,",1
"3,",1
repetition.,1
levels.,1
listed.,1
Wall,1
board-,1
shorter.,1
scored,1
wich,1
rip,1
patient,1
succeed.,1
books(ones,1
copy),1
copying,1
protectors,1
"binder,",1
label,1
divider,1
accesible,1
dust,1
handling(even,1
toddlers).,1
"lower,",1
"1""",1
price...,1
Delivery,1
"fast,",1
scissor,1
skill,1
youngster,1
actively,1
"informative,",1
build,1
integration,1
"creative,",1
stock,1
printing,1
posters.,1
Colorful!,1
Helpful!,1
triplet,1
walls,1
"schoolers,",1
fyi).,1
(hundred,1
thousandths,1
billions),1
"chart,",1
pie,1
fraction/percentage/decimal,1
equivalent.,1
7th,1
HIGHLY,1
homeschool.,1
grader.,1
advanced,1
checks,1
notation,1
compare,1
"10,000",1
equivalents,1
"Personally,",1
simple.,1
inches,1
"tall,",1
"""schoolroom""",1
"numeral,",1
"(9""",1
"24"")",1
wall.,1
mid-elementary,1
vs,1
sets.,1
squirrels.,1
Laminated,1
decorations.,1
"""Tree""",1
purchases,1
kit,1
green,1
shorten,1
trunk.,1
Unlike,1
someplace,1
teachers',1
supply,1
Better,1
:D,1
Beautifull,1
leaf.,1
snowflakes,1
winter,1
reuse,1
erasable,1
leaves!,1
size..quality,1
material..will,1
leaf,1
scattered,1
'We,1
Falling,1
Jesus'.,1
treel,1
bullentin,1
shorter,1
version.,1
growing,1
"math,",1
th,1
"attractive,",1
aesthetically,1
pleasing,1
learners,1
informational,1
support.,1
topper,1
sixth,1
behind,1
geometry.,1
trouble,1
value.,1
exponential,1
"form,",1
simplistic.,1
Place,1
Value,1
everyone.,1
expensive.,1
"budget,",1
busted,1
center.,1
RSP,1
fractions.,1
struggle,1
values,1
"1,",1
promptly,1
demonstration,1
"value,",1
4+,1
digits,1
Numerals.,1
board!:),1
Baseball,1
"theme,",1
GRASS,1
"""outfield""",1
down!,1
meaning,1
wide.,1
borders!,1
lining,1
blackboards.,1
"overpriced,",1
they've,1
pleasant,1
surprise.,1
jut,1
bright.,1
jumbo..,1
JUMBO!,1
hand!,1
SOME,1
"done,",1
good..,1
complain,1
(:,1
Sunshine,1
Pretend,1
Play,1
Deluxe,1
Set,1
Stamp,1
lively,1
options,1
appointments,1
creases,1
withstand,1
home-school,1
Too,1
ripping,1
flash,1
lightning,1
figured,1
classrooms!,1
circles.,1
updating,1
(with,1
Mommy).,1
considering,1
catches,1
Holidays,1
recommend!!,1
durable!,1
mounted.,1
indestructible,1
drawback,1
"wish,",1
"old,",1
options.,1
Partly,1
"cold,",1
warm,1
hot.,1
students',1
in-house,1
Sun,1
staples,1
holiday,1
fleece,1
access.,1
y/o,1
adorable.,1
circles,1
cheaply,1
brightly,1
"calendar,",1
calender!,1
Buy!,1
1'st,1
Grade,1
Pieces,1
pop,1
blast,1
"choice,",1
durable),1
(to,1
calendar).,1
exciting,1
(5,1
homeschool),1
(every,1
"other,",1
"weekdays/weekends),",1
"peices,",1
mentioned,1
ours,1
lined,1
(slightly,1
tell).,1
"manipulate,",1
uncluttered,1
throwing,1
animaks,1
More,1
"importantly,",1
bulit,1
expands,1
upmto,1
feet.,1
"First,",1
"""plastic",1
"paper""",1
anyway,1
lasts,1
"month,",1
strong!!,1
"rating,",1
Especially,1
everday,1
preschoolers.,1
catching,1
draws,1
surrounding,1
mind.,1
leaps,1
bounds,1
ahead,1
By,1
"ABC's,",1
"sentences,",1
"English,",1
Greek,1
(numbers,1
"1-10,",1
"animals,",1
At,1
100,1
spending,1
"dates,",1
deciding,1
hit!!,1
"""Mr.",1
"Sun""",1
"(Today,",1
is/Yesterday,1
was/Tomorrow,1
is),1
"anyone,",1
"parent,",1
utilize,1
classroom!!,1
A++++I,1
mama!,1
removed.,1
October,1
definitly,1
"quickly,",1
mIy,1
offers.,1
pain.,1
"classroom,",1
"""classroom""",1
signs.,1
collaborative,1
moving,1
hallways.,1
yu,1
"dust,",1
wet,1
foldings,1
"aunt,",1
kindergarden,1
class...,1
lovavle!,1
"delivery,",1
getters.,1
"""need""",1
play-classroom,1
schooling,1
teachers!!!!,1
Price,1
control.,1
receiving,1
'play',1
ages!,1
Renee,1
(Rivki),1
Silverberg,1
Author,1
Understanding,1
Families,1
Autism,1
Spectrum,1
Disorders,1
GOT,1
THESE,1
MOM,1
WHO,1
SCHOOL,1
TEACHER//SHE,1
THEM,1
DID,1
HER,1
CLASS,1
"""teacher""",1
tunes,1
love!,1
"tune,",1
Ex:,1
(Tune:,1
Ms,1
Lucie,1
Baby),1
hiccups,1
hicupping,1
sick,1
scare,1
"hiccups,",1
hollered,1
BOO!,1
tunes!,1
heavy-weight,1
target,1
Familiar,1
"tunes,",1
silly,1
"lyrics,",1
memorable,1
(which,1
interactive),1
comparison.,1
instructional,1
why,1
listed,1
"9-12,",1
chart).,1
too;,1
flips,1
herself.,1
rhymes.,1
resource!,1
Scholastics,1
melodies!.The,1
"""USED""",1
gently,1
ball,1
liking,1
remember!,1
Kindergarteners,1
FLIP,1
CHART,1
teacher!,1
srudents,1
alliteration,1
learners.,1
k-3.,1
Their,1
"""Hannah",1
"Hiccups.""",1
prices.,1
Discovered,1
accompanies,1
catchy...but,1
remembering,1
them...they're,1
unique.,1
focused,1
Sing-Along,1
cheesy,1
repeats,1
twice.,1
impeccably,1
centers.,1
lyrics,1
pre-school,1
Thats,1
schoolers.,1
scholastic,1
cassette,1
tape.,1
shreds.,1
quality-,1
wipeable.,1
sig,1
act,1
product!!,1
along!,1
"singing,",1
"rhyming,",1
TEACHING,1
TOOL.,1
TEACH,1
ALPHABET.,1
CATCHY,1
TUNES,1
REMEMBER,1
YOUNG,1
BOOK.,1
started.,1
unfortunately,1
flip-chart.,1
flipchart,1
possibilities,1
"areas-Comprehension,",1
"Fluency,",1
"areas,",1
breeze.,1
wasting,1
folder,1
"games,etc.",1
Along,1
center--and,1
year!,1
Differentiated,1
Centers,1
research.,1
structure,1
key,1
elements:,1
management,1
"centers,",1
"comprehension,",1
fluency,1
"activities,",1
corresponding,1
blackline,1
masters.,1
Options,1
outlined,1
frameworks.,1
answered,1
quick-glance,1
summary,1
area.,1
stood,1
(at,1
Amazon),1
boats,1
everday.,1
Totally,1
penny!,1
duty,1
us.,1
(ages,1
4).,1
full-size,1
"wall,",1
"numbers,animals",1
manipulatives,1
cleans,1
primarily,1
"sets,",1
serving,1
"area,",1
letters/numbers,1
"etc.,",1
languishing,1
stuck,1
"own,",1
"yet,",1
conveniently,1
collapsible.,1
"surface,",1
"so,",1
tracing,1
versatile,1
got.,1
whatsoever.,1
wipeboard.,1
messy.,1
standpoint.,1
durability),1
lazy,1
crafty,1
galvanized,1
improvement,1
DIY,1
"metal,",1
"heavy,",1
maneuver,1
unfolded,1
laying,1
"side,",1
SCHOLASTIC,1
Tool,1
Box.,1
Speaking,1
random,1
company.,1
matters,1
Edukid,1
surface).,1
magnetics.,1
upright,1
user,1
friendly!,1
1-1/2,1
2-1/2,1
dragged,1
job.....,1
guys!,1
Table,1
ground.,1
writing...,1
twin,1
cousins,1
refigerator,1
magnetic/dry,1
aids,1
kinds,1
manage,1
props,1
"floor,",1
sofa.,1
Allows,1
individual,1
creativity,1
Roscoe,1
Learning,1
"Letters,",1
compactly,1
double-sided,1
other's,1
engage,1
previously,1
10.,1
stepping,1
fallen,1
aged,1
Helping,1
"3,4,5",1
"idea,",1
U,1
shaped,1
promised.,1
Toddler,1
loves!!!,1
recent,1
hospitalization,1
multi-use,1
tabletop,1
letter/number,1
"toy,",1
tear.,1
kindergartener,1
table-top,1
job.,1
purposes,1
net,1
feature.,1
collapse,1
places.,1
"desktop,",1
mainly,1
sturdier,1
entertainment.,1
Defenatly,1
bugs,1
contact.,1
Haven't,1
eggs.,1
Disney,1
of.,1
cuz,1
purposes.,1
knees.,1
cleanable,1
"write,",1
stain.,1
"fine,",1
office!,1
insufficient,1
hassle,1
"returns),",1
'big,1
"deal,'",1
2-sided,1
tabletop.,1
lifesaver.,1
choice.,1
done,1
undo,1
desk,1
necessary.,1
Expo,1
(white,1
Cleaner),1
pricey.,1
rough,1
2-year,1
BOTH,1
close.,1
Perfect.,1
Flexible,1
substantial,1
Black,1
erasing,1
perfect...,1
"portable,",1
frequently.,1
(We,1
someday),1
"grandchild,",1
"outings,",1
hold.,1
"Durable,",1
3!!,1
small/big,1
heavier,1
everyone!,1
similarities,1
tests.,1
bulb,1
https://www.amazon.com/gp/product/B001ECI9EM/ref=cm_cr_ryp_prd_ttl_sol_0,1
liter,1
"moment,",1
Didn't,1
cluttering,1
neatly,1
slips,1
whiteboard/magnet,1
kindergarten.,1
months.,1
"safe,",1
witch,1
love.,1
3mo,1
toys,1
Firsties,1
Principal,1
mudpie,1
toddlers.t.,1
.we,1
two-sided.,1
play!!!!,1
Mickey,1
Mouse,1
grows,1
speech,1
therapist,1
supporting.,1
permanent,1
Elmo,1
inside...,1
Oops!,1
mouth.,1
independently,1
bot,1
Looked,1
school!,1
penny.,1
IT!!!!,1
"away,",1
Lightweight.,1
there's,1
damaging,1
family!!,1
Nothing,1
literally,1
hours.,1
Babysitter,1
recognition.,1
Cure,1
old!,1
Sits,1
y.o.,1
weekend,1
letters/numbers.,1
tool/toy!,1
Awesome!!!,1
eraser,1
towel,1
wanted.,1
"good,",1
stable,1
erase.,1
Stuff.,1
"more,",1
(4,1
6),1
sorry,1
Psychotic,1
break.,1
37and,1
delusional,1
agitated,1
sill,1
jar,1
objects.,1
boart,1
"got,",1
Coach,1
district,1
"phonics,",1
sentence,1
structure.,1
lived,1
showing,1
signs,1
damage.,1
compliment,1
support,1
preK,1
Collection,1
full-back,1
16-month,1
friendly,1
Product.,1
folding,1
idea:,1
"eat,",1
distance,1
visible.,1
"Lightweight,",1
"compact,",1
transportable,1
economical.,1
insights,1
pair,1
collapses,1
hours!,1
def,1
kitchen.,1
action.,1
Helpful,1
addition.,1
yr.,1
travels,1
"grandsons,",1
visits.,1
anytime.,1
spelling!!,1
Stays,1
versatile!!,1
ease!,1
"Very,",1
dishwasher!,1
Lays,1
tempting,1
Dane,1
eat.,1
wherever...great,1
!!!!,1
repositionable,1
stickers.,1
craft,1
fairs,1
display,1
Phonics.,1
document,1
baby's,1
growth,1
usurping,1
preschoolers...they,1
"draw,",1
etc...and,1
easy...another,1
children...,1
engaged.,1
pre-k.,1
beautifully,1
cited,1
Letters,1
Crayola,1
Washable,1
Dry,1
Erase,1
Toolkit.,1
ABC's,1
weeks!,1
magenetic,1
"plus,",1
older.,1
fortress.,1
Go,1
definately,1
happier.,1
grandson--he,1
"tabletop,",1
"magnets,so",1
Easel,1
Which,1
add...the,1
LARGE,1
mouth,1
swallow,1
Thanks...,1
stepped,1
numerous,1
warped.,1
exclusively,1
whiteboard.,1
pricing.,1
practicing,1
grear,1
one!!!,1
numbers!,1
"along,",1
"ago,",1
shapes.,1
durable--,1
playground,1
slide;,1
"She""s",1
lbs!,1
weight.,1
velcrow,1
these...,1
(only,1
"friendly,",1
beware).,1
60,1
Object,1
120,1
Letters.,1
P.S.,1
23,1
month-old,1
versatile.,1
secure,1
They've,1
vital,1
do.,1
create,1
abt,1
(twins),1
sitting,1
desks.,1
Feels,1
destroy,1
seriously,1
before!,1
reading/guided,1
whiteboard,1
(except,1
cabinet),1
metal.,1
cardboard,1
coating,1
letting,1
issue.,1
residue,1
moist,1
towelette.,1
four-year,1
board).,1
"lot,",1
introduced,1
strictly,1
daughter-in-law,1
transported,1
limited,1
imagination.,1
mobile,1
running,1
Rather,1
"sight,",1
kitchen!,1
dual,1
wood,1
kit.,1
"with,",1
creative...great,1
container,1
mastered,1
compatible,1
board...great,1
10months,1
19months,1
reciting,1
names/sounds!,1
stainless,1
games,1
(folds,1
flat),1
letters),1
height.,1
IT!,1
Leap,1
Frog,1
base,1
"letters/animals,",1
sided.,1
under/inside,1
Danica,1
TOO!,1
"works,",1
normal!,1
17-month-old,1
vertical,1
slant,1
usage.,1
despite,1
activity.,1
chair,1
basics:,1
"1-2-3,",1
"A-B-C,",1
names,1
steady,1
beginning.,1
Side,1
boxes,1
"(letters,",1
animals),1
overkill.,1
"retrospect,",1
"mixed,",1
large-sized,1
ample,1
frig,1
Without,1
"picture,",1
flimsy;,1
flap,1
inches.,1
flaps,1
sturdily,1
Management,1
Burke,1
"concise,",1
applied,1
classromm,1
results,1
graduate,1
g,1
r,1
v,1
services,1
career.,1
informed,1
practices,1
"organized,",1
concise,1
accessing,1
degree.,1
finished,1
"""the",1
Green,1
"Book""",1
preparation,1
semester.,1
Clearly,1
gold,1
central,1
textbooks,1
"classes,",1
scholarly,1
improvement.,1
editors,1
daunting,1
comprehensive,1
"affairs,",1
dynamic,1
profession.,1
gathering,1
leaders,1
(one,1
'the,1
suspects',1
part),1
convey,1
wisdom.,1
reflects,1
profession,1
upside,1
socialize,1
conventional,1
orthodoxy,1
"field,",1
namely,1
postmodernism.,1
barely,1
defines,1
indeed,1
omission,1
Robert,1
Young,1
"rationalism,",1
"empiricism,",1
"pragmatism,",1
postmoderism.,1
"come,",1
pained,1
abandoned.,1
consequence,1
intoxicated,1
fail,1
critique,1
limitations.,1
pause,1
replaced,1
Young's,1
Philosophies,1
Values,1
"was,",1
strongest,1
contain.,1
(a,1
views,1
impacting,1
affairs),1
insiders,1
emic,1
"perspective,",1
strengths,1
researched,1
"past,",1
thus,1
theoretically,1
stronger,1
matter.,1
limitation,1
suffer,1
lack,1
objectivity.,1
"example,",1
criticism,1
National,1
Survey,1
"Engagement,",1
further,1
Development,1
regarding,1
accurately,1
report,1
self-reported,1
gain.,1
undermines,1
accuracy,1
NSSE.,1
"Yet,",1
NSSE,1
focuses,1
inordinate,1
perhaps,1
offer,1
"objective,",1
"critical,",1
strong.,1
Gary,1
Pavela,1
addressing,1
legal,1
"issues,",1
Kezar,1
Organizational,1
Theory,1
(an,1
many),1
"life,",1
Komives,1
bang-up,1
"Leadership,",1
Arminio,1
refreshing,1
Professionalism.,1
Though,1
"intentioned,",1
strategy,1
intentionality,1
boat,1
strategic,1
institution,1
regardless,1
organization.,1
"whole,",1
Services,1
market,1
breadth,1
"now,",1
edition!,1
Great!!,1
Value.,1
Enjoyable,1
Essential,1
professional.,1
awesome!!,1
foundation.,1
term.,1
new!!,1
recreational,1
eds,1
understandable,1
"even,",1
"cases,",1
grad,1
smoothly.,1
easy-to-digest,1
"education,",1
"functions,",1
Several,1
competencies,1
"professionals,",1
ethical,1
"behavior,",1
(such,1
assessment).,1
asset,1
Foundations,1
Functions,1
Personnel,1
took.,1
Let's,1
face,1
beach,1
Harlequin,1
====>,1
clicked,1
link,1
something.,1
"program,",1
FUN,1
(say,1
what?);,1
mostly,1
core,1
RA,1
admissions,1
counselor,1
"college,",1
heck,1
way.---By,1
courses---,1
"cut,",1
cases,1
illuminating.,1
beyond.,1
shelf,1
challenges,1
solutions,1
unfamiliar,1
education.,1
Join,1
"networks,",1
bug,1
"mentors,",1
relish,1
projects,1
"maybe),",1
organize,1
cohort,1
"BBQ,",1
correct,1
hundreds,1
campus,1
birthdays,1
persons,1
preferences,1
clothing,1
gotten,1
are.,1
notebook!!!!,1
1.50,1
"journals,",1
stationary...all,1
nice),1
promotion.,1
Amazon!,1
"model,",1
pad.,1
honest,1
2$,1
"Nevertheless,",1
vintage,1
gives.,1
actual.,1
"hand,",1
doodling,1
remember.,1
far!,1
"Morris,",1
irresistable.,1
down.....,1
office.,1
scribbling.,1
neither,1
good!,1
pre-diary,1
"sweet,",1
use!,1
"carefull,",1
its',1
"purse-size,",1
therapy,1
clients.,1
$1.00,1
have.,1
rural,1
option.,1
prints,1
unlined.,1
"amount,",1
Free,1
"Shipping,",1
go...,1
remember...,1
nice...,1
"lovely,",1
piano,1
assignments.,1
"stuffers,",1
"Silly,",1
sample,1
blank.,1
pack.,1
traveling.,1
Add,1
orders!,1
.IT'S,1
.The,1
THANK,1
Much,1
CNA.,1
pattern.,1
later.,1
Handy,1
useful!,1
scribble,1
hurry.,1
stuffer,1
tote,1
butterflies),1
handbags.,1
Quality,1
"head,",1
lives.,1
(please,1
IMAGINE:,1
HOW,1
CREATIVITY,1
WORKS,1
Jonah,1
Lehrer,1
ARTISTS,1
WAY,1
Julia,1
"Cameron),",1
rework,1
formal,1
"proposals,",1
"cellphone,",1
inspires,1
apart.,1
journal.,1
scrap,1
(as,1
memory,1
awful!),1
recipt.,1
preferred!,1
"bonus,",1
tells,1
depicts.,1
value!,1
ultra,1
"desk,",1
messenger,1
sideboard,1
suddenly,1
remembered,1
forgotten,1
bits,1
now!,1
handwriting.,1
ruler;,1
6.,1
selling,1
11.,1
waiting,1
extensive,1
forgotten.,1
agenda,1
Must,1
ensemble.,1
convience.,1
"mother,",1
FIEND!,1
"""on",1
"go""",1
shoe,1
Operation,1
Child.,1
ok,1
girlfriend's,1
"five,",1
"Well,",1
"""tickled",1
"pink""!!!",1
"""ooed""",1
"""ahhed""",1
immediately!,1
Thanks.,1
gift!!!,1
bargain,1
identifies,1
Reasonably,1
passwords,1
websites,1
visit.,1
internet,1
mobile.,1
worthy,1
Sturdy.,1
Nice.,1
bill,1
"heavyweight,",1
cardstock.,1
bleed,1
stuffers.,1
grab,1
bag/,1
party,1
clinical.....,1
perfect....,1
prettiest,1
class....,1
"Admittedly,",1
crap.,1
Decorative,1
conveniently.,1
Give,1
hers,1
customers,1
husbands,1
daughter!,1
something..,1
..for,1
raises,1
"DOB,",1
"marings,",1
"defects,",1
tight,1
binding.,1
reg,1
Thank.,1
Know,1
butterflies?,1
Who,1
doesn't?,1
track,1
butterfly's,1
bags.,1
call,1
ruled,1
it...She,1
draw.,1
thin,1
fit's,1
levi's,1
Take,1
bird,1
watcher,1
task.,1
basket,1
decent,1
big.,1
downside,1
"lines,",1
okay,1
tablet,1
"backpack,",1
notes!,1
cart,1
"remote-control,",1
electronic,1
device.,1
Over,1
bunch,1
stray,1
floating,1
quart,1
ziploc,1
crayons,1
shopping.,1
consists,1
pages;,1
beautiul,1
catching!,1
grandma...it's,1
tuck-in,1
girl/teen.,1
termites,1
disintegrating?,1
issues.,1
pocketbook,1
$11,1
spend.,1
minimum,1
postage.,1
people's,1
inspiration,1
struck.,1
decorative,1
ol',1
USA.,1
Fair,1
buck,1
combination,1
habitat,1
ten,1
(more,1
aptly,1
called,1
notepad),1
Specifically,1
planned,1
signature,1
collage,1
project.,1
project,1
"otherwise,",1
front/back,1
noticeable,1
"""green",1
"edition""",1
(this,1
snag,1
barcode,1
blurb,1
poorly,1
obscure,1
"touch,",1
artist,1
rundown,1
depicted,1
Beyond,1
notes:,1
"glued,",1
sewn,1
coax,1
scant,1
(30,1
sheets/60,1
pages),1
postcard,1
shy,1
"5.75""",1
"4.25"")",1
"expected--smooth,",1
"white,",1
~25lb;,1
erasures,1
degrading;,1
oil,1
gel,1
relatively,1
(though,1
liquid,1
feather,1
bleed);,1
torn,1
spine,1
relative,1
missed,1
you'd,1
comment,1
approxomately,1
"4""x6"".",1
camera,1
merchandise,1
total,1
Nice!,1
bold.,1
appeared.,1
nicly,1
butterflys,1
scribbled,1
drawings,1
:)!,1
pleased!,1
fault,1
included,1
"Still,",1
"lists,",1
pad/booklet.,1
conveys,1
tons,1
areas.,1
website,1
lab,1
studying.,1
instrument,1
hour,1
Biology,1
101,1
superb,1
explaining,1
systems.,1
"real,",1
phenomenons,1
"""creates""",1
Concentrating,1
"vision,",1
interpret,1
environment.,1
complements,1
Ok,1
timing.,1
Intact.,1
Services.,1
RECOMMENDED.,1
exams!!,1
excelent,1
"explained,",1
planty,1
examples.,1
organized.,1
"phisiology,",1
biology,1
connection,1
recomend,1
in-depth,1
biological,1
facts.,1
spoil,1
occurs,1
single,1
chain,1
other.,1
object-oriented,1
program,1
"mail,",1
"dull,",1
disc,1
Sensation,1
Perception,1
solidified,1
wager.,1
theories,1
diagrams,1
assist,1
Psych,1
CD.,1
decribed,1
ad,1
packaged,1
days!!,1
responded,1
email,1
package,1
message,1
mean,1
GREAT!,1
