the,2777
I,2608
and,2590
to,2338
a,1922
for,1422
of,1167
bands,1026
with,941
are,884
my,826
is,783
in,681
have,676
these,641
that,596
it,569
you,534
this,529
resistance,518
The,518
them,481
use,468
on,464
great,456
can,445
very,441
as,415
at,398
so,389
they,387
set,375
quality,325
be,312
Great,298
product,295
work,292
band,287
was,275
but,274
or,271
easy,271
using,269
out,269
get,259
door,257
good,248
These,243
They,240
do,240
workout,232
been,224
like,222
well,222
me,222
would,210
love,208
not,207
up,204
really,204
am,204
used,199
all,196
when,196
had,194
more,193
just,186
from,185
This,181
bands.,181
recommend,179
an,177
home,175
will,173
I've,170
one,158
handles,158
product.,157
than,155
exercises,152
I'm,146
bought,140
what,139
also,133
exercise,132
different,130
weight,129
much,127
gym,124
some,124
your,123
It,122
Very,120
about,119
time,117
any,116
has,115
don't,112
bag,110
no,107
Black,106
them.,106
other,105
Mountain,104
take,100
if,99
many,98
comes,98
My,96
made,96
nice,96
only,95
high,94
looking,93
by,89
workouts,88
their,88
working,88
how,88
anchor,87
now,87
able,87
need,85
free,84
happy,84
after,83
which,83
use.,83
weights,82
purchased,82
because,81
perfect,79
were,78
while,78
works,78
"bands,",77
got,76
travel,76
great.,75
well.,75
go,75
quality.,74
gym.,74
make,73
strength,73
Love,73
way,73
lot,72
few,72
resistance.,71
without,71
who,70
little,70
price.,70
highly,70
even,70
better,69
definitely,69
far,68
feel,68
two,67
Good,66
set.,66
everything,66
buy,65
we,65
customer,65
i,65
there,64
-,64
come,63
makes,63
shoulder,63
could,63
You,63
variety,63
it's,62
each,62
it.,61
keep,61
physical,61
give,61
into,60
seem,60
workouts.,59
purchase,58
want,58
easily,58
excellent,58
over,58
price,57
home.,56
So,55
We,55
"quality,",54
came,54
first,54
last,53
Excellent,53
product!,53
sturdy,52
help,51
every,51
training,51
new,50
our,50
workout.,50
exercises.,50
It's,49
several,49
day,49
can't,49
muscle,49
anyone,49
included,49
add,49
quick,49
most,48
Resistance,48
Highly,48
he,48
weights.,48
back,48
service,47
going,47
strap,47
time.,47
needed,46
durable,46
long,46
pretty,46
best,46
still,46
2,46
recommended,46
months,46
fitness,46
attachment,45
small,45
days,45
wanted,44
both,44
ordered,44
found,44
Bands,44
years,44
body,44
comfortable,43
getting,43
increase,43
equipment,43
pleased,43
weeks,43
5,42
same,42
strong,42
&,42
exactly,42
before,42
ankle,42
where,42
week,42
super,42
since,41
husband,41
If,41
doing,41
especially,41
having,41
therapy,40
right,40
times,40
sets,40
change,40
too,39
know,39
second,39
think,39
does,38
company,38
fit,38
Easy,38
then,38
find,38
received,38
attach,38
heavy,37
range,37
durable.,37
another,37
made.,37
month,37
multiple,37
A,36
out.,36
during,36
wife,36
worked,35
around,35
enough,35
being,35
room,35
Would,35
clips,35
"product,",35
did,35
great!,35
booklet,34
products,34
As,34
put,34
Just,34
simple,34
something,34
these.,34
There,33
between,33
handle,33
own,33
see,33
traveling,33
thing,33
couple,33
Works,32
things,32
always,32
started,32
allows,32
bag.,32
together,32
space,31
didn't,31
start,31
almost,31
convenient,31
switch,31
travel.,31
amount,30
purchase.,30
black,30
High,30
seems,30
his,30
BMP,30
door.,30
full,30
through,30
impressed,30
And,30
done,29
expected.,29
off,29
say,29
rehab,29
carry,29
bands!,29
leg,29
sure,29
Everything,29
value,29
"set,",28
Amazon,28
quite,28
routine,28
extremely,28
"use,",28
those,28
additional,28
solid,28
After,27
they're,27
band.,27
guide,27
look,27
provide,27
All,27
hotel,27
muscles,27
addition,26
Bought,26
its,26
buying,26
less,26
along,26
store,26
"exercises,",26
clip,26
arrived,26
uses,26
personal,26
anywhere.,26
never,25
again,25
taking,25
He,25
bit,25
job,25
top,25
pull,24
thought,24
orange,24
In,24
"them,",24
"great,",24
far.,24
already,24
carrying,24
light,24
daily,24
stack,24
good.,24
instructions,23
Well,23
grips,23
worth,23
metal,23
various,23
big,23
too.,23
people,23
extra,23
kit,23
ever,22
lifting,22
build,22
alternative,22
levels,22
Quality,22
recommend.,22
training.,22
actually,22
ability,22
nicely,22
allow,22
won't,22
wish,21
overall,21
review,21
But,21
problem,21
easier,21
useful,21
part,21
3,21
handles.,21
recently,21
routine.,21
haven't,21
year,21
Really,21
accessories,21
combine,21
Awesome,21
"handles,",21
son,21
regular,21
straps,21
fast,21
away,21
amazing,21
Band,21
now.,21
stretch,21
versatile,20
With,20
decided,20
exercise.,20
satisfied,20
hand,20
forward,20
me.,20
should,20
trainer,20
once,20
number,20
offer,20
making,20
ones,20
case,20
Products,20
carabiner,20
snap,20
ago,20
three,20
sturdy.,20
need.,20
fits,20
built,20
order,20
day.,20
break,20
Perfect,20
quickly,20
pack,19
When,19
money,19
she,19
expensive,19
portable,19
"gym,",19
week.,19
No,19
Also,19
supplement,19
old,19
Nice,19
down,19
you're,19
go.,19
continue,19
doesn't,19
arms,18
"band,",18
"made,",18
weight.,18
anything,18
replacement,18
One,18
Have,18
anchor.,18
feels,18
item,18
person,18
Thank,18
arm,18
helpful,18
least,18
whole,18
again.,18
glad,18
hold,18
tried,18
complete,18
anywhere,18
absolutely,18
attachments,18
hard,18
traveling.,18
yet,18
provided,17
handy,17
.,17
Definitely,17
might,17
tension,17
it!,17
"it,",17
such,17
piece,17
higher,17
call,17
wear,17
someone,17
awesome,17
expect,17
hook,17
may,17
option,17
room.,17
starting,17
system,17
issues,17
years.,17
constructed,17
enjoy,17
business,17
Not,17
Use,17
rotator,17
core,16
next,16
level,16
up.,16
try,16
instruction,16
tell,16
problems,16
looks,16
stronger,16
ways,16
upper,16
house,16
materials,16
must,16
Set,16
price!,16
wide,16
gives,16
past,16
equipment.,16
They're,16
"now,",16
for.,16
surgery,16
adding,16
design,16
longer,16
loves,15
added,15
office,15
holding,15
"me,",15
exercising,15
wants,15
For,15
effective,15
takes,15
bring,15
you.,15
held,15
limited,15
due,15
side,15
end,15
carabiners,15
said,15
I'll,15
"home,",15
point,15
described.,15
access,15
products.,15
trip,15
Saber,15
place,15
therapy.,15
Product,15
work.,14
Thanks,14
"workout,",14
grip,14
purchasing,14
inside,14
do.,14
I'd,14
lower,14
fact,14
either,14
deal,14
plus,14
went,14
myself,14
these!,14
perform,14
step,14
Comes,14
storage,14
helped,14
gift,14
seen,14
move,14
Purchased,14
road,14
color,14
heavier,14
huge,14
shape.,14
compact,14
stay,14
provides,14
videos,14
6,13
reviews,13
"durable,",13
bicep,13
GREAT,13
though,13
office.,13
red,13
"strap,",13
construction,13
nylon,13
perfectly,13
surprised,13
with.,13
others,13
options,13
P90X,13
us,13
plenty,13
kit.,13
cable,13
attached,13
"far,",13
stretching,13
service.,13
this.,13
expectations.,13
liked,13
road.,13
together.,13
five,13
lifetime,13
"price,",13
helps,13
space.,13
bar,13
type,13
package,13
set!,13
stand,12
nothing,12
recommended.,12
bench,12
lighter,12
book,12
"well,",12
short,12
value.,12
actual,12
probably,12
him,12
create,12
advertised.,12
"anchor,",12
needs.,12
low,12
dumbbells,12
"yet,",12
motion,12
clients,12
"dumbbells,",12
comfortable.,12
strengthening,12
4,12
(I,12
strap.,12
beat,12
therapist,12
entire,12
types,12
resistant,12
changing,12
adjust,12
colors,12
trying,12
parts,12
life,12
secure,12
kids,12
"resistance,",12
cannot,12
cuff,12
recommend!,12
"these,",12
gotten,11
10,11
fantastic,11
aren't,11
under,11
wouldn't,11
instead,11
anyone.,11
holds,11
convenient.,11
comfort,11
safe,11
spend,11
"sturdy,",11
kind,11
Exactly,11
Super,11
curls,11
minutes,11
lost,11
shape,11
Products.,11
ease,11
let,11
manual,11
jam,11
needs,11
What,11
follow,11
gets,11
here,11
"weights,",11
bad,11
double,11
strength.,11
expected,11
options.,11
took,11
"Overall,",11
couldn't,11
"bag,",11
themselves,11
outs,11
building,11
1,11
injury,11
show,11
Since,11
brand,11
Amazing,11
duty,10
!,10
yet.,10
fear,10
hit,10
lbs,10
maybe,10
strong.,10
"time,",10
read,10
single,10
usually,10
material,10
cheap,10
Overall,10
issues.,10
tone,10
plan,10
enjoyed,10
Its,10
varying,10
group,10
Exercise,10
service!,10
you!,10
her,10
issue,10
difficult,10
quickly.,10
suggested,10
online,10
simply,10
perfect.,10
wanting,10
PT,10
website,10
them!,10
needed.,10
basic,10
prefer,10
tubes,10
used.,10
Will,10
items,10
Received,10
real,10
damage,10
friends,10
rubber,10
compared,10
outside,10
connect,10
enjoying,10
kept,10
likes,10
feeling,10
update,10
support,10
flexibility,9
pulling,9
better.,9
given,9
tool,9
wasn't,9
against,9
sitting,9
standing,9
That,9
vacation,9
lb,9
rehab.,9
Seems,9
choose,9
program.,9
in.,9
gave,9
shipping,9
impact,9
stronger.,9
"all,",9
noticed,9
means,9
possible,9
coming,9
2nd,9
setup,9
days.,9
larger,9
previous,9
cause,9
hope,9
versatile.,9
that.,9
Christmas,9
membership,9
worry,9
sets.,9
surgery.,9
shoulders,9
too!,9
strengthen,9
Even,9
Im,9
nice.,9
instructions.,9
pouch,9
attachments.,9
hardware,9
large,9
money.,9
exceeded,9
cost,9
everyone,9
finally,9
stress,9
lift,9
workout!,9
"day,",9
putting,9
system.,9
soft,9
resistances,9
primarily,9
"out,",9
...,9
lots,9
While,9
"door,",9
per,9
Fantastic,8
one.,8
replaced,8
Got,8
user,8
At,8
further,8
unless,8
isn't,8
lose,8
helpful.,8
why,8
box,8
"workouts,",8
ton,8
shoulders.,8
creative,8
onto,8
Now,8
perfectly.,8
foam,8
particular,8
tear,8
:),8
cant,8
certain,8
tricep,8
delivery,8
"However,",8
affordable,8
quality!,8
Been,8
reasonable,8
brands,8
called,8
closed,8
supposed,8
guy,8
hinge,8
rather,8
send,8
taken,8
trips,8
Work,8
hooks,8
"traveling,",8
An,8
stores,8
easily.,8
cables,8
performed,8
combinations,8
"too,",8
Fast,8
versatility,8
elastic,8
wall,8
family,8
saw,8
YouTube,8
"exercise,",8
Better,8
burn,8
achieve,8
machines,8
combination,8
warranty,8
appreciate,8
--,8
maintain,8
Door,8
shipped,8
packaged,8
Arrived,8
appear,8
size,8
Bands.,8
done.,8
"Also,",8
problems.,8
regularly,8
"week,",8
difference,8
increased,8
living,8
close,8
interchangeable,8
nearly,8
immediately,8
throw,8
reps,8
wrong,8
all.,8
(or,8
Like,8
there.,8
leave,8
handy.,8
excellent.,8
mix,7
broken,7
tension.,7
breaking,7
face,7
away.,7
blue,7
save,7
older,7
"weight,",7
"back,",7
purple,7
reason,7
near,7
vacation.,7
ready,7
seeing,7
tough,7
regularly.,7
chart,7
priced,7
considering,7
thick,7
signs,7
sent,7
multi,7
fun,7
breaking.,7
suitcase,7
appears,7
best.,7
ask,7
"products,",7
cover,7
wherever,7
construction.,7
bulky,7
promotion,7
tend,7
designed,7
LOVE,7
thanks,7
often,7
weeks.,7
pain,7
includes,7
Can't,7
awesome.,7
similar,7
attachment.,7
recommended!,7
including,7
benefits,7
travels,7
way.,7
everyday,7
injury.,7
frame,7
Solid,7
length,7
"training,",7
dumbbell,7
try.,7
minor,7
normally,7
"travel,",7
groups.,7
morning,7
swap,7
20,7
sore,7
front,7
mostly,7
loved,7
durability,7
program,7
switching,7
clasps,7
deal.,7
Other,7
weak,7
based,7
major,7
"however,",7
behind,7
throughout,7
ideal,7
plastic,7
brought,7
gift.,7
health,7
"up,",7
truly,7
busy,7
muscles.,7
band's,7
to.,7
(the,7
benefit,7
stars,7
/,7
photos,7
customize,7
machine,7
stuff,7
"shoulders,",7
loop,7
squats,7
Only,7
etc.,7
curls.,7
strengths,7
complaint,7
point.,7
shoulder.,7
require,7
seller,6
months.,6
green,6
grips.,6
satisfied.,6
30,6
company.,6
"together,",6
harder,6
rows,6
ended,6
more.,6
expect.,6
believe,6
desk,6
condition.,6
hands.,6
varied,6
"good,",6
combined,6
lot.,6
looked,6
stackable,6
"strong,",6
friend,6
loving,6
last.,6
chest,6
Came,6
particularly,6
transport,6
routines,6
cheaper,6
incredibly,6
"and,",6
shorter,6
completely,6
standard,6
secure.,6
rack,6
sporting,6
fitness.,6
within,6
results,6
realized,6
Physical,6
hands,6
trips.,6
tested,6
ago.,6
Christmas.,6
toning,6
stop,6
body.,6
bag!,6
rehabbing,6
currently,6
package.,6
Best,6
adjustable,6
solidly,6
Had,6
also.,6
again!,6
packing,6
hang,6
reasonably,6
started.,6
solution,6
groups,6
warm,6
house.,6
felt,6
storage.,6
daily.,6
bunch,6
awesome!,6
Loving,6
pleased.,6
decent,6
Used,6
areas,6
life.,6
"quickly,",6
happier,6
today,6
"work,",6
easy.,6
half,6
"that,",6
waste,6
Can,6
warranty.,6
"do,",6
"weeks,",6
twice,6
right.,6
pair,6
mind,6
Absolutely,6
owned,6
components,6
keeping,6
toned,6
total,6
Having,6
hours,6
professional,6
sometimes,6
hundreds,6
packaging,6
recommendation,6
Each,6
advertised,6
whenever,6
mount,6
"much,",6
miss,6
Using,6
walk,6
zippered,6
First,6
"ago,",6
Handles,6
fantastic.,6
general,6
present,6
knew,6
"years,",6
lock,6
traditional,6
that's,6
trainer.,6
soon,6
back.,6
slip,6
Some,6
swivel,6
Gym,6
pull-up,6
excited,6
hour,5
Item,5
face.,5
you'll,5
"curls,",5
stands,5
tons,5
have.,5
unlike,5
"Great,",5
",",5
Prime,5
delivered,5
separate,5
version,5
allowed,5
amazed,5
showing,5
greater,5
bands),5
brand.,5
dad,5
he's,5
broke,5
built.,5
allowing,5
useful.,5
"comfortable,",5
kinds,5
met,5
phone,5
replacements,5
mail,5
Strong,5
age,5
figure,5
portable.,5
questions,5
Haven't,5
experienced,5
mountain,5
reading,5
Made,5
lightweight,5
closet,5
outstanding.,5
Looking,5
else,5
goods,5
rated,5
expecting,5
consider,5
hesitant,5
new.,5
list,5
resistances.,5
Extremely,5
accessory,5
beginning,5
search,5
hip,5
incorporating,5
"included,",5
get.,5
p90x,5
handle.,5
says,5
decrease,5
More,5
timely,5
star,5
friends.,5
whatever,5
feet,5
they've,5
friendly,5
specific,5
bottom,5
pounds,5
feature,5
"Again,",5
thoroughly,5
style,5
Symmetry,5
others.,5
remove,5
combining,5
push,5
zip,5
receive,5
On,5
include,5
"warranty,",5
job.,5
"clips,",5
offers,5
average,5
neck,5
baseball,5
snapped,5
finding,5
match,5
idea,5
there's,5
sort,5
thus,5
"said,",5
lbs.,5
waiting,5
increases,5
functional,5
although,5
desired,5
TNT,5
available,5
lets,5
train,5
proper,5
routines.,5
keeps,5
watch,5
become,5
four,5
medical,5
regimen,5
detailed,5
frame.,5
mom,5
want.,5
Has,5
securely,5
"point,",5
likely,5
lunch,5
goes,5
high-quality,5
"shipping,",5
wore,5
be.,5
amazing!,5
degrees,5
solid.,5
"body,",5
injuries.,5
flat,5
tube,5
worried,5
Thanks!,5
stitching,5
rest,5
"strength,",5
well!,5
fan,5
bar.,5
constructed.,5
cardio,5
VERY,5
Set.,5
Beachbody,5
"go,",5
initial,5
Working,5
young,5
pamphlet,5
"""door",5
function,5
frequently,5
changes,5
wonderful,5
replace,5
detachable,5
Carrying,5
Products!,5
priced.,5
incorporate,5
arms.,5
showed,5
smell,5
head,5
Worth,5
across,5
though.,5
RB,5
fairly,5
open,5
P90X3,5
on.,5
..,5
bought.,4
expectations,4
portability,4
gone,4
Once,4
pop,4
tired,4
moving,4
size.,4
attached.,4
"Yes,",4
pictures,4
hesitate,4
man,4
hard.,4
weigh,4
dumbells,4
anchored,4
effective.,4
tall,4
main,4
Delivered,4
time!,4
highest,4
equipment!,4
(even,4
"handle,",4
permanently,4
price!!,4
Ive,4
needing,4
except,4
ups,4
Both,4
ball,4
"system,",4
things.,4
grade,4
asked,4
write,4
choice,4
"quick,",4
wanted.,4
intensity,4
"described,",4
wrap,4
option.,4
mobility,4
doctor,4
sheet,4
cool,4
lasted,4
3x,4
had.,4
"program,",4
"importantly,",4
fast.,4
Buy,4
array,4
daughter,4
game,4
future,4
purchases,4
well-made,4
"value,",4
padded,4
squat,4
knee,4
clipping,4
check,4
post,4
pain.,4
did.,4
places,4
gyms.,4
pleasantly,4
truck,4
promptly.,4
learning,4
Nicely,4
choices,4
Called,4
Ordered,4
essential,4
"built,",4
interested,4
"case,",4
live,4
"around,",4
home!,4
"attachment,",4
suitcase.,4
manner.,4
factor,4
Multiple,4
happier.,4
considered,4
improve,4
awhile,4
great!!!,4
triple,4
replicate,4
connections,4
weights!,4
incredible,4
attaching,4
wall.,4
She,4
frequent,4
routine!,4
"equipment,",4
machines.,4
Simple,4
70,4
amazing.,4
"used,",4
suggestions,4
snapping,4
important,4
whether,4
travelling,4
Lots,4
order.,4
reach,4
another.,4
Crossover,4
tensions,4
seconds,4
gear.,4
P90,4
alternative.,4
"service,",4
leaving,4
"company,",4
kit!,4
flexibility.,4
regain,4
value!,4
necklaces,4
necklace,4
Shipped,4
"data-hook=""product-link-linked""",4
"class=""a-link-normal""",4
thank,4
floor,4
around.,4
starter,4
apart,4
happy.,4
team,4
"reviews,",4
notice,4
suggestion,4
"months,",4
basis,4
gear,4
buy.,4
New,4
notch.,4
paid,4
mention,4
hooks.,4
2-4,4
workmanship,4
driving,4
plus.,4
packed,4
included.,4
ones.,4
rep,4
"have,",4
fine,4
seemed,4
terms,4
enough.,4
Sabre,4
Let,4
serious,4
90,4
movement,4
aware,4
easier.,4
form,4
pouch.,4
box.,4
begin,4
purchase!,4
rooms,4
place.,4
figured,4
Glad,4
above,4
difficult.,4
far!,4
pieces,4
vary,4
both.,4
breaks,4
recover,4
imagine,4
available.,4
recovery,4
A+,4
personally,4
and/or,4
traveled,4
organized,4
"compact,",4
Couldn't,4
FREE,4
often.,4
legs.,4
wedge,4
May,4
points,4
yellow,4
"Anchor,",4
Ankle,4
"Strap,",4
cheaply,4
trouble,4
tennis,4
mine,4
opened,4
power,4
normal,4
good!,4
flexible,4
"purchase,",4
wait,4
attaches,4
inexpensive,4
"tubes,",4
tubing,4
item.,4
safety,4
finished,4
mass,4
session,4
are.,4
stable,4
hassle,4
combinations.,4
"constructed,",4
items.,4
"So,",4
requires,4
"down,",4
wished,4
"to,",4
hooked,4
greatly,4
Don't,4
up!,4
into.,4
"flexibility,",4
bands!!,4
improved,4
male,4
later,4
neatly,4
excercise,4
thrilled,4
it!!,4
happens,4
jamb,4
"chest,",4
crack,4
force,4
test,4
regret,4
poor,4
exact,4
favorite,4
recovering,4
continuing,4
ahead,4
issue.,4
"arms,",4
ample,4
Truly,4
Customer,4
Day,4
yourself,4
moves,4
legs,4
original,4
tried.,4
height,4
left,4
packs,4
"this,",4
numerous,4
practical.,4
zipper,4
off.,4
sessions.,4
connection,4
link,4
hasn't,4
area,4
among,4
before.,4
baby,4
"nice,",4
assist,4
toss,4
7,4
saving,4
Their,4
height.,4
hotels,4
"portable,",4
RBs,4
"again,",4
anchors,4
luggage.,4
checking,4
Although,4
yes,4
"pleased,",4
etc,4
substitute,4
Being,4
"lightweight,",4
break.,4
grow,4
problem.,4
compare,4
chair,4
"thing,",3
meet,3
understand,3
resistance!,3
reps.,3
somewhat,3
chose,3
discovered,3
around!,3
Fully,3
turned,3
us.,3
seated,3
presses,3
mean,3
thinking,3
"hand,",3
"lot,",3
PRODUCT,3
originally,3
replacing,3
planning,3
accommodate,3
"tension,",3
itself,3
teach,3
reviews.,3
mini,3
lb.,3
snap.,3
becoming,3
posted,3
clipped,3
"say,",3
Pros:,3
Provides,3
"excellent,",3
Cons:,3
Perfect!,3
band!,3
station,3
desk.,3
picked,3
"legs,",3
appropriate,3
assistance,3
folks,3
class.,3
P90x,3
required,3
everywhere,3
breakage,3
customers,3
im,3
"muscle,",3
disabled,3
position,3
at-home,3
"anywhere,",3
"BMP,",3
upon,3
ordering,3
Kids,3
ripped,3
despite,3
superior,3
decently,3
depends,3
"brands,",3
terrific,3
B.M.P.,3
answered,3
typically,3
therapist.,3
band),3
insert,3
"review,",3
(if,3
accordingly,3
picture,3
"versatile,",3
department,3
wrist,3
surprised.,3
care,3
free.,3
ever.,3
aid,3
husband.,3
changed,3
sister,3
photos.,3
Takes,3
Durable,3
slipping,3
beginners,3
who's,3
began,3
Then,3
injuries,3
"pain,",3
outs.,3
tubes.,3
"so,",3
sturdy!,3
product!!,3
beginners.,3
produce,3
common,3
flexible.,3
past.,3
impressed.,3
Convenient,3
conjunction,3
movements,3
RV,3
products!,3
Makes,3
responsive.,3
listed,3
core.,3
non,3
me!,3
him.,3
lazy,3
enclosed,3
Wish,3
materials.,3
rating,3
complaints.,3
until,3
company!,3
else.,3
gym!,3
dead,3
limits,3
Product.,3
condition,3
protective,3
sleeve,3
prevent,3
"themselves,",3
Loop,3
ensure,3
UPDATE:,3
"recommend,",3
packaged.,3
Giants,3
safely,3
described,3
robust,3
placing,3
speed,3
"resistances,",3
polite,3
sons,3
play,3
"package,",3
harness,3
obviously,3
Otherwise,3
wearing,3
dumbbells.,3
beginner.,3
"breaks,",3
contacted,3
(very,3
"fast,",3
clients.,3
"straps,",3
odor,3
providing,3
family-owned,3
would've,3
offered,3
wrong!,3
joints,3
(which,3
local,3
fraction,3
Lifeline,3
utilize,3
rough,3
bundle,3
complement,3
mess,3
weightlifting,3
convenience,3
Probably,3
bang,3
purchased.,3
notch,3
nicer,3
"reliable,",3
Happy,3
slow,3
from.,3
coded,3
"strengths,",3
business.,3
basis.,3
younger,3
staying,3
Should,3
"there,",3
"options,",3
online.,3
anyone!,3
"designed,",3
practical,3
1.,3
2.,3
3.,3
beach,3
them!!!,3
u,3
courteous,3
complaints,3
unfortunate,3
experience,3
luggage,3
hanging,3
Looks,3
THEY,3
BLACK,3
bands',3
round,3
responsive,3
BMP!,3
for!,3
somewhere,3
speak,3
themselves.,3
following,3
garage,3
store.,3
barbells,3
positions.,3
sore.,3
3-4,3
sold,3
recovery.,3
cuff.,3
yoga,3
Over,3
name,3
1),3
"stretching,",3
rehabilitating,3
properly,3
target,3
(red),3
smooth,3
"ups,",3
accomplish,3
versatility.,3
torn,3
please,3
"therapy,",3
trick.,3
you'd,3
sharpie,3
otherwise,3
<a,3
"Chart,",3
existing,3
review.,3
ring,3
shipping!,3
expected!,3
towards,3
cracked,3
:-),3
familiar,3
searching,3
stood,3
positive,3
drop,3
configure,3
crazy,3
GOOD,3
sit,3
Switching,3
asked.,3
Terrific,3
using.,3
receiving,3
reduce,3
this!,3
accessory.,3
adjust.,3
eye,3
disappointed.,3
constant,3
(and,3
weekend,3
hurt,3
"needed,",3
doing.,3
Does,3
velcro,3
spoke,3
programs,3
learn,3
dig,3
damage.,3
gaining,3
"anchor""",3
slightly,3
challenge,3
minute,3
"off,",3
none,3
bonus.,3
"light,",3
tools,3
adapter,3
doorway,3
targeted,3
pressure,3
etc).,3
Therapist,3
Wonderful,3
Excellent!,3
Easily,3
carry-on,3
claim,3
smaller,3
fair,3
share,3
pick,3
15,3
effective!,3
chin,3
challenging,3
Total,3
totally,3
told,3
use!,3
Is,3
packaging.,3
honestly,3
loops,3
guys,3
sweat,3
breaks.,3
"purposes,",3
individual,3
nor,3
gradually,3
endurance,3
progress,3
slipped,3
secured,3
directions,3
gap,3
stayed,3
exceptional,3
"tubing,",3
anchoring,3
hoping,3
positions,3
weightlifter,3
6',3
failed,3
doors.,3
much.,3
safer,3
watching,3
unlimited,3
promised,3
cost.,3
confidence,3
surprisingly,3
install,3
"bar,",3
variation,3
figuring,3
12,3
spent,3
wear.,3
areas.,3
"fact,",3
month.,3
comprehensive,3
Gives,3
year.,3
here.,3
checked,3
excersise,3
stopper,3
times.,3
connected,3
"on,",3
"doors,",3
"with,",3
sliding,3
Purple,3
Update,3
Orange,3
productive,3
get!,3
running,3
centers,3
75,3
knowing,3
healthy,3
excuses,3
"times,",3
disappointed,3
constantly,3
"arm,",3
"shoulder,",3
"core,",3
"solid,",3
"problem,",3
bit.,3
manufacturer.,3
people.,3
"movements,",3
That's,3
hardest,3
pole,3
tiny,3
sell,3
moderate,3
stretched,3
true,3
doors,3
deal!!!,3
brief,3
"instructions,",3
latch,3
Hammer,3
"women,",3
Still,3
sizes,3
morning.,3
sending,3
"routine,",3
Sports,3
workouts!,3
concerned,3
Was,3
@,3
Husband,2
doorway.,2
developed,2
nicks,2
initially,2
down.,2
removable,2
hold.,2
Great!,2
roll,2
fluid,2
80,2
follow.,2
stretching.,2
saying,2
heaviest,2
hand.,2
"one,",2
grab,2
lean,2
hooking,2
thumbs,2
woman,2
"men,",2
downs,2
"machine,",2
gotta,2
bars,2
note,2
book.,2
reputation,2
:).,2
material.,2
matter,2
fantastically,2
downside,2
press,2
afraid,2
"Otherwise,",2
pack.,2
latex,2
users.,2
weeks).,2
results.,2
Cannot,2
yrs,2
muscle.,2
40,2
25,2
rugged,2
device,2
"fitness,",2
buying.,2
=,2
15-20,2
meaning,2
max,2
webbing,2
stretchy,2
Awesome!,2
deliver.,2
replacement.,2
honest,2
speaks,2
Here,2
address,2
extensive,2
insanity,2
asylum,2
girlfriend,2
"problems,",2
surprises.,2
reliable,2
bothers,2
Man,2
press.,2
Keep,2
park,2
thin,2
yeah,2
bill.,2
directly,2
product's,2
durability.,2
"health,",2
chair.,2
diet,2
am.,2
previously,2
sell.,2
worn,2
"condition,",2
communication,2
wife.,2
fully,2
"others,",2
smoother,2
strongest,2
"But,",2
"year,",2
choice.,2
"outstanding,",2
changer,2
fantastic!,2
preferred,2
thickness,2
human,2
automatic,2
"Thanks,",2
prescribed,2
caveat,2
"small,",2
card,2
honor,2
wrote,2
"here,",2
"order,",2
re-order,2
year's,2
current,2
heavy-duty,2
bargain!,2
"before,",2
bet,2
Dad,2
late,2
functions,2
soon.,2
from!,2
lasting.,2
motions.,2
noted,2
"addition,",2
accessible,2
balanced,2
goal,2
Surprisingly,2
intense,2
effort.,2
designed.,2
happen.,2
"bigger,",2
rope,2
edge,2
cables.,2
chiropractic,2
proven,2
stays,2
hanger,2
sports,2
afer,2
endless,2
teenage,2
"leg,",2
though!,2
whereas,2
Simply,2
Travel,2
rehabilitate,2
(as,2
viable,2
maintenance,2
opportunity,2
"purchased,",2
stick,2
caribeaners,2
boys,2
Nothing,2
Able,2
beneficial,2
thought.,2
Sure,2
compound,2
Shipping,2
"versatility,",2
now!,2
everyday.,2
enthusiast.,2
subtracting,2
fly.,2
market.,2
great!!,2
hotel.,2
capable,2
warm-up,2
lasting,2
gyms,2
hotels.,2
Plus,2
"easy,",2
Thought,2
"perfect,",2
consistent,2
immediately.,2
compact.,2
resistance).,2
apartment.,2
beyond,2
it..,2
deliver,2
promised.,2
adjustments,2
approach,2
"box,",2
apparent,2
"old,",2
collection,2
shipping.,2
talked,2
"Durable,",2
Quality!,2
economical,2
guide.,2
experience.,2
dealing,2
beginner,2
CAN,2
good...,2
ive,2
closure,2
site,2
sells,2
overseas,2
(30-35,2
lbs.),2
"note,",2
warrantied,2
CS,2
commercial,2
promptly,2
BMP.,2
"squats,",2
"raises,",2
approximate,2
Fits,2
family.,2
Therapy.,2
mobile,2
Our,2
seller.,2
Anchor,2
"P90x,",2
Pilates,2
Home,2
Includes,2
"store,",2
testing,2
August,2
speedy,2
day!,2
i'm,2
practice,2
depending,2
goals.,2
"Additionally,",2
reached,2
fraying,2
"though,",2
14,2
pulled,2
wonderful.,2
He's,2
inch,2
opinion.,2
shot.,2
opening,2
through.,2
careful,2
overhead,2
Gave,2
weekly,2
Heavy,2
home!!,2
Cheaper,2
places.,2
return,2
NECKLACES,2
ARE,2
FOR,2
MY,2
school,2
wears,2
clasp,2
avoid,2
rotate,2
pass,2
Year.,2
course,2
companies,2
afford,2
schedule,2
rock,2
solid!,2
"P90X,",2
charge,2
admit,2
glowing,2
blown,2
expensive.,2
everyone.,2
beating,2
versus,2
degrees),2
virtually,2
adds,2
variability,2
"advertised,",2
avid,2
athlete,2
playing,2
collegiate,2
(Note:,2
"motion,",2
bigger,2
"else,",2
"business,",2
resistence,2
curl,2
close.,2
infinitely,2
"cables,",2
gym-rat,2
(2),2
"more,",2
detach,2
ripping,2
HIGHLY,2
"I,",2
weren't,2
opposed,2
stores.,2
features,2
correctly,2
treatment,2
limitations,2
anchors.,2
stability,2
fit.,2
maintaining,2
rooms.,2
clutter,2
money!,2
joints.,2
proving,2
levels.,2
camping.,2
Way,2
stuck,2
Come,2
vital,2
friend.,2
progress.,2
returned,2
charge.,2
learned,2
turn,2
doctors,2
gain,2
mobility.,2
"high,",2
sport,2
"machines,",2
toned.,2
slight,2
risk,2
losing,2
friends!,2
knows,2
Loved,2
Helps,2
Daughter,2
"month,",2
accompanied,2
performance.,2
connecting,2
handles!,2
:,2
in-home,2
extras,2
tune,2
Do,2
damaging,2
100%,2
father,2
heard,2
bringing,2
(they,2
email,2
most.,2
Small,2
convinient,2
3-4x,2
painful,2
solution.,2
"uses,",2
Greatly,2
printing,2
Amazon.,2
bonus,2
brings,2
packing.,2
AWESOME.,2
screwed,2
walls,2
angles.,2
should.,2
lowest,2
functionality,2
desired.,2
cold,2
Resistant,2
strong!,2
alot.,2
really.,2
motivated,2
What's,2
"is,",2
motivation,2
fail.,2
"center,",2
9,2
bucks,2
Helped,2
arrive,2
wonderfully,2
question,2
Recommended,2
same.,2
rehabilitation,2
practice.,2
"weightlifting,",2
2),2
bodybuilding,2
lightest,2
looping,2
controlled,2
SPRI,2
Xertube,2
certainly,2
customizable,2
shoes,2
explains,2
plates,2
hate,2
YouTube.,2
perfectly!,2
expense,2
silver,2
convent,2
labeled,2
movements.,2
mother,2
offers.,2
Great.,2
Find,2
subtract,2
till,2
athletes,2
parts.,2
"clear,",2
besides,2
consistently,2
Anywhere,2
lol...,2
cuff...,2
seat,2
stars.,2
fabric,2
paint,2
row,2
However,2
alone,2
hit.,2
builds,2
"perfectly,",2
affect,2
session.,2
weeks!,2
dumb,2
bells.,2
diversify,2
bench.,2
nicely.,2
effectively,2
equiptment,2
eventually,2
shows,2
pacemaker,2
"result,",2
turning,2
research,2
pump,2
comment,2
"Amazon,",2
"ones,",2
feedback,2
4-5,2
"anyone,",2
usage,2
object,2
interchange,2
"yeah,",2
Every,2
Rotator,2
arrived.,2
sure.,2
chin-up,2
(,2
Which,2
Adding,2
simple.,2
work!,2
comforts,2
active,2
pumping,2
dressed,2
treadmill,2
thinks,2
outstanding,2
happen,2
perhaps,2
cuffs.,2
links,2
withstood,2
latches,2
securely.,2
demonstrate,2
Service.,2
"everyone,",2
also!,2
center,2
healing,2
injuring,2
computer,2
dimensions,2
"office,",2
wrists,2
gloves.,2
3rd,2
Wife,2
Seemed,2
apartment,2
exercises!,2
Pleased,2
"""fitness",2
storing,2
causing,2
coworkers,2
concern,2
"WOW,",2
"but,",2
"expected,",2
later.,2
"things,",2
since.,2
"nicely,",2
cords,2
connector,2
cord,2
selection,2
hell,2
connectors,2
teaching,2
isolate,2
develop,2
"form,",2
Less,2
accessories.,2
recovered,2
"surgery,",2
activities.,2
Big,2
creating,2
"recommended,",2
"videos,",2
"job,",2
agree,2
preference,2
spinal,2
already.,2
"well-made,",2
intuitive,2
myself.,2
hardly,2
amazingly,2
"double,",2
Free,2
4.,2
5.,2
exercising.,2
anywhere!,2
efficient,2
flys,2
steady,2
wonderful!,2
recommends,2
tossed,2
spotter,2
wondering,2
thread,2
starts,2
"started,",2
"Bands,",2
"apartment,",2
bow,2
Training,2
Sturdy.,2
(like,2
joint,2
Range,2
"schedule,",2
suggest,2
results!,2
tore,2
"cuff,",2
customer.,2
21,2
iron,2
lug,2
meets,2
notch!,2
"age,",2
abs,2
bill,2
ab,2
researching,2
increasing,2
investment,2
information,2
injured,2
front/back,2
involving,2
apartments.,2
cat,2
Beyond,2
stacks,2
flimsy,2
recreate,2
tight,2
apart.,2
rub,2
P90X.,2
ill,2
"had,",2
smacked,2
finish,2
improvement.,2
neat,2
pairing,2
weights).,2
buck.,2
"thick,",2
),2
Five,2
combined.,2
Could,2
barely,2
installed,2
"correctly,",2
plus!,2
difference!,2
compactly,2
"grommets,",2
"comparison,",2
thicker,2
today.,2
weekends,2
come.,2
"last,",2
became,2
resolution,2
correctly.,2
colored,2
herniated,2
disk,2
area.,2
seniors,2
TV,2
promotional,2
Maui,2
confident,2
inclusion,2
harm,2
sole,2
not.,2
perfect!,2
guys!,2
"in,",2
giving,2
DVD.,2
"rust,",2
sides,2
(at,2
best!,2
tone.,2
lat,2
workout...,2
loss,2
hardware.,2
spending,2
"overall,",2
cut,2
contact,2
"days,",2
otherwise.,2
jam.,2
kinda,2
functional.,2
explained,2
paying,2
carry.,2
P90x3,2
"material,",2
December,2
"build,",2
Liked,2
"muscles,",2
"setup,",2
frames.,2
lifetime.,2
Plenty,2
definition,2
scale,2
USE,2
THEM,2
weakest,2
biceps,2
Recently,2
nifty,2
gripping,2
ups.,2
helping,2
ass,2
rower.,2
Mountain!,2
Oh,2
(35-40),2
gentleman,2
atomic,2
ways.,2
slid,2
process,2
messed,2
bells,2
"""stack""",2
BEST!,2
bans,2
elasticity.,2
conditioning,2
homes,2
purpose,2
Must,2
freely,2
mobile.,2
talking,2
cumbersome,2
possible.,2
Package,2
time).,2
Most,2
tightest,2
site.,2
stationary,2
like.,2
well-made.,2
hated,2
"bench,",2
basement,2
space).,2
"height,",2
either.,2
difficulty,2
(with,2
separately.,2
"rubber,",2
"Simple,",2
rate,2
laminated,2
About,2
benefit.,2
exceptionally,2
excersice,2
somehow,2
describe,2
winter,2
dropped,2
method,2
intended,2
locks,2
label,2
drawstring,2
!!,2
We'll,2
referred,2
recovery!,2
"delivery,",2
membership.,2
required.,2
Tapout,2
-You,2
curve,2
weight),2
dumbell,2
matching,2
Athlean,2
(check,2
To,2
grip.,2
fail,2
safe.,2
sleep,2
Am,2
fat,2
dozen,2
Two,2
straps.,2
rack.,2
pulls,2
going.,2
complete.,2
lifting.,2
investment.,2
forth,2
(just,2
permanent,2
car,2
band(s),2
deserve,2
rating.,2
warehouse,2
puts,2
folding,2
MOUNTAIN,2
8,2
Straps,2
edges,2
Much,2
"room,",2
"from,",2
"shape,",2
"pouch,",2
walking,2
creativity,2
fill,2
BUY,2
end.,2
DVDs.,2
Another,2
"house,",2
worthy,2
substitute.,2
vertical,2
improved.,2
postures,2
room!,2
Beachbody's,2
Chisel,2
Bands!,2
Hopefully,2
efforts,2
purposes,2
Of,2
failure.,2
seen.,2
Went,2
hot,2
weather,2
Lucky,2
assorted,2
limited.,2
out).,2
unable,2
mine.,2
motel,2
None,2
holder,2
firm,2
web,2
diff,2
Perfect.,2
tubing.,2
Sturdy,2
poorly,2
"carabiners,",2
long.,2
thorough,2
"Now,",2
biking,2
budget,2
noticeable,2
extensions.,2
complained,2
slide,2
pictured,2
Included,2
Rich,2
"stuff,",2
Many,2
consist,2
calories,2
healthy.,2
crap,2
equip,2
inexpensive.,2
ALL,2
HAVE,2
think.,2
Awesome.,2
anticipate,2
"href=""/Black-Mountain-Products-Resistance-Band-Set-with-Door-Anchor-Ankle-Strap-Exercise-Chart-and-Resistance-Band-Carrying-Case/dp/7245456313/ref=cm_cr_arp_d_rvw_txt?ie=UTF8"">Black",2
Case</a>,2
part.,2
dusted,2
Without,2
Awesome!!,2
these!!,2
go-to,2
application,2
"raise,",2
lateral,2
alot,2
neither,2
driver,2
EA,2
utility.,2
"long,",2
difference.,2
catch,2
desire,2
"rope,",2
"pull,",2
Equipment,2
detailing,2
Tube,2
rope.,1
interchanged,1
Product!!,1
Aunt,1
mount.,1
"mind,",1
they'ed,1
longer.,1
18,1
tempting,1
fate,1
heed,1
manufacturers,1
warning,1
imagine.,1
individuals.,1
they'll,1
bogged,1
strongly,1
recomand.,1
"SPRI,",1
"class,",1
"Band,",1
exploding,1
Recommend!,1
(4-6lbs),1
newbie.,1
(10-12lbs),1
sure!,1
tough!,1
"Previously,",1
trust,1
Perfecto,1
overkill.,1
everything!,1
friendlythe,1
"motions,",1
rocks.,1
45,1
pull-downs.,1
provided.,1
"granddaughter,",1
"always,",1
"experience,",1
accounts,1
greats,1
child,1
adult,1
45-50lbs,1
25lbs,1
Or,1
90lbs,1
Military,1
middle,1
pushing,1
"No,",1
bother,1
"toning,",1
Unless,1
shouldn't,1
"shrugs,",1
rowing,1
Tough,1
brutal,1
tube!,1
"Cool,",1
excelente,1
thick.,1
reasons,1
elligible,1
rectangle,1
sellers,1
"Anyways,",1
5'6,1
female,1
120,1
"effective,",1
safe!,1
updating,1
darn,1
ever....,1
toting,1
satisfying,1
purchased;,1
product:,1
beating!,1
EXELENT,1
kneeling.,1
allergy,1
"dumbbells/weights,",1
"cushioned,",1
"internet,",1
"gripe,",1
"attached,",1
(more,1
happily,1
-In,1
Short-,1
Cushioned,1
Durable/well,1
*Please,1
click,1
"""Yes""",1
appreciated.,1
purchase...I,1
one...Its,1
easy...its,1
expected.....Its,1
still..,1
Ball,1
Chair,1
elderly,1
regaining,1
'08.,1
"""too",1
"easy"".",1
grabbed,1
Sunday.,1
shows.,1
house/apartment.,1
angles,1
def,1
"soft,",1
spongy,1
locking,1
everyone's,1
skill,1
level.,1
Along,1
"65""",1
Anti,1
Burst,1
Stability,1
"Ball,",1
(black,1
lbs).,1
foam-covered,1
foot/door,1
model,1
shopped,1
"over,",1
far...,1
rings,1
metal.,1
"wanted,",1
clamp,1
why/it,1
distress,1
doll,1
said...The,1
"challenge,",1
results...I,1
workouts...These,1
recieved,1
"part,",1
asking,1
representative,1
reminded,1
FREE.,1
continues,1
tear.,1
everlast,1
wanna,1
bee,1
bmp,1
"pace,",1
retention,1
lifesaver,1
Y,1
short.,1
5`11,1
fault.,1
medium,1
introductory,1
7.,1
kick,1
backs.,1
pamphlet.,1
There's,1
logo,1
direction,1
systems,1
tree!,1
"supplier,",1
replaced!,1
thing.,1
snaps.,1
Comparatively,1
"speaking,",1
Europe,1
countries.,1
entirely,1
convinced,1
corresponds,1
"Nevertheless,",1
pounds.,1
tempted,1
students,1
stations.,1
teachers.,1
dam,1
ladies,1
NEW!!,1
tougher,1
sure!!,1
Literally,1
delivering,1
joy,1
chance,1
inspection,1
"testing,",1
waist,1
deep,1
wil,1
shortly.,1
"stronger,",1
(this,1
"year),",1
concerned.,1
smoothness,1
amazon,1
ft,1
ship,1
did!,1
>.<,1
cartoon,1
haha,1
"""just",1
"right""",1
shut,1
nd,1
for....,1
"rubbing,",1
replacements!,1
competition.,1
5+,1
week!,1
impressive,1
quicker.,1
"desires,",1
stack.,1
workouts!!!,1
gifts,1
transporting,1
brand!,1
"simple,",1
PS.,1
phone!?,1
nightmare.,1
travelling!,1
$6,1
(one,1
(likely,1
better),1
PT's,1
"illustrated,",1
"hand-grips,",1
act,1
(heavy,1
duty),1
"PT,",1
(you,1
store).,1
"disclaimer,",1
offering,1
stronger),1
incl.,1
writes,1
(fact,1
product).,1
incentive,1
nosy,1
revisit,1
y'all,1
know.,1
years...needed,1
vesital,1
one...like,1
along...easy,1
exercises...can,1
"bands/tubes,",1
courteous.,1
purchases.,1
chronic,1
today's,1
"lifting,",1
pain-free,1
ahead!!,1
finisher,1
final,1
fatigue!,1
Theyre,1
Go,1
drive,1
semi,1
idle,1
loading,1
unloading,1
bough,1
ol',1
"(Yup,",1
rocking,1
it),1
"how,",1
"curve,",1
flavor,1
strangle,1
Tony,1
appeal,1
giver,1
Mom,1
80's.,1
booklet.,1
center.,1
bad.,1
youd,1
estimated,1
anytime,1
bought!,1
"received,",1
telephone,1
tremendously,1
overwhelmed,1
Amazons,1
Choice,1
item!,1
enable,1
travels.,1
underwent,1
stem,1
cell,1
injections,1
arthritic,1
backed,1
goodgoodgood,1
P90X2,1
mind.,1
home...,1
bout,1
concerns,1
rubbing,1
irritating,1
"sides,",1
Your,1
outrageous,1
fees!,1
yesterday,1
"properly,",1
"limited,",1
"travels,",1
specifically,1
Advertised!,1
advanced.,1
tin.,1
Tried,1
vendors.,1
name.,1
short:,1
legs!,1
7kg,1
differently,1
"which,",1
"known,",1
promotes,1
growth.,1
simultaneously,1
begun,1
prefers,1
majority,1
recommeded,1
orthopedic,1
surgion,1
changer!,1
stoped,1
popping,1
grinding,1
Old,1
sleeping,1
acking,1
symptomes,1
gone.,1
resulted.,1
exersices,1
"product,I",1
undamaged,1
unpack,1
reliable.,1
faithfully,1
"station,",1
surgical,1
knots,1
dimension.,1
utility,1
hadn't,1
considered.,1
"D.C),",1
wonder,1
daily/weekly,1
usefulness.,1
geat,1
husbanc,1
recommend!!,1
Attached,1
lacrosse,1
happy!,1
Great...exactly,1
Packaged,1
fantastic!!!,1
"product,the",1
tighter.,1
sneaking,1
sea,1
walks,1
"future,",1
net,1
50,1
wall-based,1
anchors).,1
"plus,",1
equally,1
beats,1
lugging,1
barbell,1
assisted,1
ours,1
thrilled!,1
set-up,1
athletic,1
traveler.,1
"Fast,",1
Hardly,1
simplicity,1
BMP!!!,1
"France,",1
fun.,1
made...,1
recomend,1
"Evidently,",1
resist,1
(see,1
there?).,1
withstanding,1
herculean,1
efforts.,1
supplier.,1
closely,1
advantage,1
angle.,1
instance,1
fixed,1
Walmart,1
"14""",1
steep,1
angle,1
fixing,1
"4""",1
elastic.,1
Bootcamp,1
softball.,1
pitcher,1
Weights,1
"accurate,",1
traveler,1
existent,1
bill!,1
countless,1
joints!,1
Became,1
reasonably.,1
"fantastic,",1
read.,1
"mid-50s,",1
$30.,1
competing,1
remarked,1
(i.e,1
handles).,1
length.,1
switchable,1
duplicate,1
regretted,1
They'd,1
quick!,1
(there,1
goodie,1
tucks,1
necessity,1
more...,1
transitioned,1
jumps,1
steps.,1
marked,1
descriptions,1
explain.,1
progression,1
Making,1
pair.,1
A+++++,1
Absolute,1
pleased!,1
consisting,1
"barbells,",1
light-medium-heavy,1
"loose,",1
Right,1
"snap,",1
negatively,1
affects,1
stated,1
internet.,1
58,1
"while,",1
Give,1
Worked,1
love.,1
returning,1
Cross,1
"gymnasium,",1
track,1
field.,1
(colored,1
rare,1
set...super,1
affordable!,1
sleeves,1
stock,1
person...who,1
information!,1
repurchase,1
outlines,1
traveling..,1
crossover.,1
D-link,1
ceiling.,1
excuses.,1
Rather,1
consuming,1
momentum,1
manage,1
DOES,1
WORK,1
"folks,",1
getting...,1
DO,1
"IT,",1
YOU...,1
Make,1
2018,1
Wishing,1
"best,",1
motivated!,1
"fittings,",1
bracket,1
term,1
posture,1
Pat,1
dumbell.,1
dedicated,1
shifting,1
youll,1
essentially.,1
excersize,1
PIYO.,1
tense,1
traveling/on,1
Kit,1
Japan,1
"January,",1
"need,",1
AirBnB.,1
opening.,1
comparable,1
(to,1
on),1
elsewhere.,1
Wearing,1
socks,1
Limm,1
ensured,1
NO,1
QUESTIONS,1
ASKED,1
60-day,1
states,1
FULLY,1
(shipping,1
charges,1
apply.),1
60,1
"only,",1
assured,1
"12/31/17,",1
pounds),1
calling,1
"lunches,",1
"hamstrings,",1
calf,1
adductor,1
glutes.,1
machine.,1
reccommend,1
Ron,1
Suggested,1
Improvement:,1
Label,1
base.,1
61,1
"building,",1
crafted,1
pinch.,1
Durable.,1
"location,",1
occasions,1
favorites.,1
"selection,",1
Provide,1
'one,1
day',1
dollar,1
chain,1
it.shipping,1
interaction,1
the&nbsp;<a,1
"href=""/New-Premium-Quality-Saber-Bands-Exercise-Resistance-Bands-Tubes-with-Door-Anchor-and-Exercise-Chart-Great-for-Physical-Therapy-P90x-Pilates-and-Any-other-Extreme-Home-Exercise-Workout-Includes-LIFETIME-WARRANTY/dp/7245456453/ref=cm_cr_arp_d_rvw_txt?ie=UTF8"">New",1
Premium,1
Tubes,1
Chart.,1
"Therapy,",1
Any,1
Extreme,1
Workout.,1
LIFETIME,1
WARRANTY!</a>&nbsp;and,1
faster,1
listing.,1
considerably,1
EXTREMELY,1
FAST,1
MONDAY!,1
"Monday,",1
"yesterday,",1
11th.,1
awesome!!,1
shocked,1
much!,1
quality!!!,1
Tuesday,1
Thursday.,1
some.,1
fifteen,1
brainer,1
Combined,1
Jits,1
"Grips,",1
uchi-komi,1
BJJ,1
guard,1
play.,1
"length,",1
tempo,1
building.,1
aid.,1
touch.,1
"Lastly,",1
friendly.,1
future!,1
let's,1
Coordinates,1
swiss,1
"ball,",1
apartment-appropriate,1
$20-$30.,1
thankful,1
discounted,1
6+,1
cute.,1
Estaba,1
bien,1
hecha.,1
Vale,1
la,1
pena,1
birthday,1
party,1
"choking,",1
loved.,1
Colors,1
uniform.,1
necklace.,1
"5'9""",1
140lbs,1
sized,1
Sits,1
"""sports""",1
"""healing""",1
"effects,",1
alittle,1
allof,1
definately,1
"Yeah,",1
"Immediately,",1
rigors,1
"paperwork,",1
proudly,1
arise.,1
"doubled-meaning,",1
tank,1
"top,",1
chaffing,1
overcome,1
technique.,1
Nicest,1
repeated,1
deteriorate.,1
conceived,1
Serious,1
builders,1
99%,1
THx,1
guys.,1
wife;,1
Stretchy!,1
parents,1
protocol.,1
set!!,1
way!!,1
Brings,1
San,1
Francisco,1
games.,1
Smaller,1
kids.,1
parties.,1
colors...,1
coaches!,1
THESES,1
BUY!,1
SON,1
LOVED,1
IT!,1
IM,1
PLANNING,1
ON,1
BUYING,1
THESE,1
WHOLE,1
BASEBALL,1
TEAM...,1
mall,1
$25,1
each.,1
cheap.,1
children,1
"""jealous""",1
"""Titanium""",1
necklaces.,1
undo,1
maneuver.,1
Appears,1
"easily,",1
wrists.,1
involved,1
official,1
"beginner,",1
promotions,1
"support,",1
shape!,1
saber,1
Construction,1
definitley,1
price--price,1
decision.,1
$20,1
bands--a,1
seemingly,1
officially,1
"""blown",1
"away""",1
promising!,1
submit,1
follow-up,1
OK,1
"closing,",1
Saber's,1
"young,",1
environment,1
"bowflex,",1
owners).,1
coding,1
chords,1
know!!!,1
50-62,1
certified,1
GREAT!,1
cross-training.,1
douchebags,1
pace.,1
orderly,1
"manner,",1
(70,1
(50,1
"Further,",1
"automotive-grade,",1
"free,",1
detach.,1
indeed,1
"level,",1
5lb-45lb.,1
light-weight,1
"transportable,",1
known,1
"tone,",1
"size,",1
"bulked,",1
trick,1
convenience.),1
answering,1
"response,",1
"care,",1
owner.,1
"legit,",1
comparison,1
qualitiy,1
"connectors,",1
points.,1
functioned,1
adaptability.,1
resistive,1
Theses,1
run,1
comparing,1
"admit,",1
spaced,1
sense.,1
accurate.,1
equates,1
quicker/efficient,1
workouts!).,1
bridges,1
unbiased,1
"customer,",1
owe,1
community,1
comparisons.,1
itself.,1
"durability,",1
"""available",1
prescription,1
"only""",1
"""extra",1
over-the-counter,1
"medication"".",1
meathead,1
300,1
Cables,1
100-pound,1
levels:,1
(1),1
adjusting,1
cinch,1
re-attach,1
"cables),",1
(3),1
"bulky,",1
travel/outdoor,1
(4),1
once!).,1
RECOMMEND,1
"wife,",1
awsome,1
"metal,",1
bending,1
hesistate,1
13,1
"either,",1
"resistace,",1
"prices,",1
Yes,1
period.,1
clinic.,1
lightly,1
correct,1
patterns.,1
caused,1
inspecting,1
patterns,1
"""homework""",1
treatments,1
"manuals,",1
therabands,1
materail,1
Bearing,1
pre,1
bodyweight,1
Backgrounder:,1
meetings.,1
hard-core,1
"builder,",1
loads.,1
strict,1
must.,1
accumulating,1
e.g.,1
along.,1
stuffs,1
rollers.,1
Voila!,1
missus,1
"pictured,",1
Excellente,1
deployment,1
outposts,1
hasty,1
hike,1
delivery.,1
former,1
"school,",1
abrasive,1
"reason,",1
regiments.,1
Never,1
recent,1
overseas.,1
slew,1
rapidly,1
biggest,1
deciding,1
buck,1
own.,1
Top,1
streamline,1
conveniently,1
serves,1
Feeling,1
2014.,1
vacation!!,1
"helpful,",1
sidelined,1
component,1
"tough,",1
company's,1
clearance,1
Gear,1
"failed,",1
leaflet,1
+10,1
Ergonomically,1
fitted,1
tonight.,1
"fine,",1
borrowed,1
resistent,1
covered,1
tensio,1
comfort.,1
singularly,1
somebody,1
meetings,1
begin.,1
orders.,1
reduced,1
adaptable.,1
fabulous,1
clear.,1
seller/,1
ease.,1
"""big",1
"brands""",1
"average,",1
maximum,1
andI,1
brand/manufacturer,1
pump.,1
maintain.,1
"family,",1
merely,1
caution,1
escape,1
result?,1
potential,1
"accident,",1
men,1
women,1
spent.,1
Dave,1
college,1
cheerleader,1
breeze.,1
bettery,1
resistance-type,1
"impressive,",1
setting,1
Physician,1
treat,1
"understand,",1
logical,1
photocopied,1
astonished,1
regimen.,1
hospital,1
staff.,1
intensity!,1
emediatly,1
impressed!!,1
plastic!,1
adores,1
booty,1
Follow,1
SC:,1
PrettyBoiWill92,1
IG:,1
PrettyBoiWill,1
90X,1
series,1
wedding,1
thoughtfully,1
hitting,1
attractive,1
organizing,1
this:,1
unassisted,1
Cheat,1
failure,1
emergency,1
great-,1
dial,1
Seriously-,1
product-,1
brick,1
mortar-,1
suckers,1
48,1
less!,1
Delivery.,1
mine...,1
beach.,1
cutest,1
pic,1
looovveee,1
"awesome,",1
they'd.,1
"(Yeah,",1
cheesy,1
"title,",1
know!),1
SNAPPING,1
mid-workout.,1
Ouch!,1
"snapped,",1
eye!,1
mid-workout--you,1
LONG,1
kill,1
rhythm).,1
color-coding,1
zipped,1
terribly,1
"heavy,",1
either).,1
gym--and,1
"buddies,",1
recd.,1
"trips,",1
75lbs,1
focused,1
justify,1
thousands,1
fills,1
"guarantee,",1
"splitting,",1
"charge,",1
"blue,",1
"yellow,",1
AWESOME,1
FOLKS,1
MOUNTAIN!!!,1
"wrong,",1
there!!!,1
"range,",1
brother,1
benefit!,1
long...very,1
pleasure,1
up...Use,1
well...lots,1
arthritis,1
fingers,1
knuckles.,1
expands,1
dug,1
error.,1
world,1
endured,1
Thabks,1
right!,1
sup,1
comfy!,1
cuts,1
accompanying,1
pack-along,1
desirable,1
facility,1
crowded.,1
cubicle.,1
attatchment!,1
Esy,1
man!!,1
Pleasantly,1
accustomed,1
"free-weights,",1
warm-ups,1
hardcore,1
glasses!,1
Chart,1
Band.,1
think).,1
fragile,1
"stitches,",1
pitches,1
season,1
whatsoever.,1
blame,1
"cheap,",1
texture,1
"liking,",1
matter).,1
Schwarzenegger,1
belonged,1
squeezy,1
"things),",1
balls.,1
"press,",1
dolls.,1
abuse,1
"BTW,",1
January,1
2017,1
motivate,1
grandchild.,1
Thanks.,1
thru,1
mood,1
describe.,1
poach.,1
self,1
explanatory.,1
fit/tone,1
(strongest,1
level).,1
client,1
town,1
be!!!,1
need!,1
veristile,1
importantly,1
where!,1
Mountains,1
"wonderful,",1
dangers,1
individuals,1
later:,1
Vinyasa,1
steal,1
workouts:,1
"powerlifting,",1
"crossfit,",1
"calisthenics,",1
ultimate,1
different.,1
created,1
3),1
Huge,1
selling,1
points:,1
4),1
Novices,1
experts,1
(yellow),1
(maybe,1
doubles),1
5),1
2-3x,1
static,1
give.,1
brother.,1
expand,1
saver,1
pregnancy.,1
weighted,1
pregnancy,1
"5'2""",1
consistency,1
fitted.,1
diagnosed,1
isometric,1
laying,1
products',1
sticking,1
impossible.,1
"hotels,",1
legitimately,1
simultaneously.,1
state.,1
features.,1
Allows,1
typical,1
bro.,1
5-6,1
Bench.,1
Triceps.,1
Rows.,1
Squats.,1
Biceps.,1
"Shoulders,",1
ETC.,1
"recover,",1
whatever.,1
"triceps,",1
"biceps,",1
heaviest.,1
"barbell),",1
rod,1
bolted,1
(rows).,1
A1,1
"hour,",1
x,1
quality...easy,1
bands...love,1
Hubby,1
Six,1
"packaging,",1
speared,1
components.,1
numbered,1
side/end,1
Colored,1
is.,1
"fix,",1
"href=""/Black-Mountain-Products-Resistance-Band-Set-with-Door-Anchor-Ankle-Strap-Exercise-Chart-and-Resistance-Band/dp/7245456313/ref=cm_cr_arp_d_rvw_txt?ie=UTF8"">Black",1
Band</a>,1
oddly.,1
"law,",1
ourselves.,1
effing,1
gnarliest,1
gnar!,1
paid!,1
Unbelievable!,1
stoked,1
Excellent.,1
safer.,1
bands..,1
gonna,1
swimmer,1
curious,1
unpacking,1
closes,1
foot,1
raise,1
routines).,1
clearly,1
outlined,1
page.,1
Thumbs,1
"""Resistance",1
"Anchor""",1
handbook,1
ideas.,1
top-notch,1
GBS,1
"2015,",1
"Well,",1
"2017,",1
"""brand",1
Ban,1
"Set...""",1
it!!!!,1
never!,1
inform,1
"improved,",1
belt,1
"pattern,",1
raised,1
Check,1
Mine,1
D,1
stitched,1
20lbs.,1
advise,1
dangerous,1
pressure.,1
"broke,",1
shot,1
knocking,1
dent.,1
rip.,1
Safety,1
"aside,",1
effort,1
loads,1
dumbells.,1
shake,1
flying,1
intention,1
"dumbells,",1
locations,1
"conclusion,",1
nice!,1
assembled,1
compounded,1
easy-on,1
"easy-off,",1
website.,1
answers.,1
"user,",1
Completed,1
addtional,1
youtube,1
someworkouts.,1
palm.,1
Whats,1
"done,",1
untill,1
oppose,1
game!,1
freedom,1
diversity,1
discovery,1
coupons,1
items!,1
peice,1
equipment...something,1
mid,1
face...,1
glasses.,1
Regardless,1
"brand,",1
caution.,1
Saturday,1
"handy,",1
Cardio,1
Rehab,1
Far,1
dry,1
rotted,1
broke.,1
friends.',1
Regina,1
B,1
cardiologist,1
anymore.,1
mush.,1
"gentle,",1
hamstring,1
curl.,1
studies,1
comfy,1
"intensely,",1
wear!,1
(across,1
dislocations,1
"pressing,",1
"etc.),",1
'resistances',1
well-constructed,1
user's,1
clearer,1
(better,1
contrast).,1
"clearly,",1
worked.,1
technique,1
"""lateral",1
"walk""",1
glutes!,1
to!,1
WARNING!!!,1
steer,1
branded,1
she's,1
toes.,1
deceiving,1
concentration,1
work).,1
bands...it,1
Myself,1
Mexico,1
SO,1
EASILY,1
clip-clip,1
done--no,1
all!,1
(So,1
Beachbody--yuck!),1
bands--they're,1
Friend,1
Cute,1
confused,1
stretches.,1
reflection,1
"""TWO",1
MASSIVE,1
"TEARS""",1
product.......,1
two!!,1
j,1
properly.,1
fell.),1
now...,1
scary,1
first.,1
Didn't,1
face?!),1
"yep,",1
program!,1
mental,1
"comfy,",1
competition,1
up/getting,1
stage-,1
standalone,1
mix-match,1
toddlers,1
Finding,1
out-,1
ordeal.,1
gloves,1
soft.,1
belly,1
fat.,1
does.,1
zips,1
laundry,1
stairs,1
groceries,1
breath.,1
themselves!,1
PRODUCT!!,1
manual!,1
therefore,1
them;,1
tremendous.,1
"deal,",1
"Finally,",1
"or,",1
"vacation,",1
space-friendly.,1
tucked,1
clothes,1
dresser,1
wall!,1
Keeps,1
organised.,1
(too,1
wonderfully).,1
Full,1
caribiners,1
extras.,1
(my,1
upset,1
"(hey,",1
time)..,1
emailed,1
NEXT,1
"Lightweight,",1
cues,1
classes,1
seniors.,1
withstand,1
"""snapping"",",1
senior,1
"crowd,",1
none!,1
"""optional,""",1
responsiveness,1
rotary,1
prices,1
"comparable,",1
league.,1
details,1
attended,1
"nylon,",1
rigorous,1
via,1
D-ring,1
latching,1
action,1
quick.,1
"convenient),",1
(both,1
well).,1
overpriced,1
amazon.,1
hook.,1
colorful.,1
gym!!,1
Instead,1
45lb,1
i've,1
rugged.,1
Outstanding,1
Joe,1
"adapter,",1
slip.,1
shoulder/rotator,1
"safe,",1
"board,",1
triple.,1
price!!!,1
Spectacular!,1
"occupation,",1
"mat,",1
health.,1
key,1
standards.,1
awhile.,1
excercises,1
therapists.,1
two.,1
2012,1
(sometimes,1
un-recommended,1
"activity,",1
admit),1
whom,1
"2014,",1
no-brainer.,1
add-ons,1
retaining,1
ankle-straps,1
prior,1
possibilities.,1
friction-exposure,1
remedied,1
See,1
68,1
yr,1
mt.,1
tendons.,1
mid-exercise.,1
"design,",1
User,1
tips,1
questions.,1
Saved,1
money),1
orthopedist's,1
nap-sack.,1
charts,1
covers,1
Noice.,1
tendonitis,1
slapping,1
"you,",1
worst.,1
breakfast,1
buffet,1
(true,1
story).,1
complex,1
AMAZING!,1
afterwards.,1
anymore,1
SUCH,1
package!,1
gift!!,1
quality;,1
doubt,1
Thanks!!,1
Geat,1
regime.,1
Janet.,1
beachbody,1
responds,1
emails,1
interested.,1
fanatic,1
Lot's,1
Brought,1
PerfecT,1
PERFECT,1
"luggage,",1
dependent,1
"center.""",1
superior.,1
handle/carabiner,1
"customizable,",1
household.,1
named,1
Levi,1
"allow,",1
sticky,1
"booklet,",1
Offers,1
use...,1
skips,1
"reasons,",1
oh,1
Pros.,1
1-The,1
2-The,1
explaining,1
group.,1
3-The,1
4-The,1
mess.,1
Cons.,1
1-I,1
printed,1
somewhere.,1
engineered!,1
cubical,1
busier,1
parent,1
abs.,1
hour.,1
applying,1
happened,1
gimick.,1
believer,1
slam,1
stop.,1
entangled,1
"areas,",1
threading,1
thingy,1
unraveled,1
"little,",1
stitch,1
exercised,1
sturdy/well-made/,1
fine.,1
avoiding,1
special,1
"""stackability""",1
useful!,1
soo,1
Cancelled,1
developing,1
form.,1
mind-muscle,1
coordination,1
barbells.,1
By,1
attain,1
falling,1
habit,1
recruiting,1
readily,1
cleanup,1
"cost,",1
"nicer,",1
repaired.,1
question.,1
BMC,1
living.,1
relatives.,1
sign,1
serve,1
"""heavier""",1
storage!,1
little.,1
transit,1
commuting.,1
"Next,",1
weather.,1
attachable,1
breathe,1
anyway,1
"supersede,",1
vet.,1
Due,1
"injuries,",1
wight,1
shortening,1
crabwalk,1
replaces,1
From,1
posture.,1
"FABULOUS,,AWESOME,,PERFECT,,THANKS,,",1
AAAA++++,1
product;,1
made!,1
torso,1
grainy,1
white,1
Finally,1
significantly,1
inserter,1
seconds.,1
rings.,1
weights:,1
"triple,",1
quadruple,1
challenge.,1
equal,1
Movements,1
gentle,1
"fluid,",1
(Like,1
swimming,1
running.),1
stack-able,1
"assemble,",1
(along,1
have).,1
gyms/workouts,1
bolster,1
"""off-days""",1
performance,1
tidy.,1
hampered,1
catching,1
continual,1
Steady,1
"strengthen,",1
stopping,1
count,1
"5,",1
"example,",1
elbows,1
degrees;,1
burn!,1
"slowly,",1
steadily.,1
"couplings,",1
"etc.,",1
well-designed,1
well-satisfied,1
efficiency,1
thrown,1
advance,1
(carrying,1
His,1
released,1
Bands....,1
back..,1
granted,1
week...I,1
ever...,1
ok,1
herself,1
well...these,1
again..which,1
fast..I,1
now.....I,1
darker,1
idea...,1
hubby,1
legged,1
kitties..I,1
come...so,1
wise,1
window...is,1
only...I,1
Amazing...Thank,1
gym...I,1
bag;,1
"then,",1
on!,1
inquire,1
about...,1
prevention,1
out?,1
Beverly,1
burn.,1
telling,1
wishlist,1
gold,1
Gizmodo.,1
destinations,1
prison-yard,1
touch,1
1.5,1
rebuild,1
Service,1
impeccable!,1
belong,1
onsite,1
"employer,",1
Living,1
individually.,1
prompt,1
delivery!,1
archery,1
shooting,1
draw,1
bow.,1
chronic.,1
noticeably,1
reduced.,1
strips,1
Taking,1
sports.,1
"players,",1
"paddlers,",1
"swimmers,",1
triathletes,1
golfers.,1
sweet!,1
-Spartacus,1
Racing,1
neatest,1
realm.,1
pricey,1
Bowflex,1
skipping,1
"space,",1
saver.,1
Found,1
member,1
"recently,",1
while.,1
ongoing,1
bored.,1
"(P90x,",1
"Fix,",1
Hard,1
"Corps,",1
favor,1
1st,1
swapping,1
300lbs,1
steel!,1
fence,1
Surprising,1
burst,1
vertebrae,1
inoperable.,1
tendinitis,1
exacerbate,1
result,1
forward.,1
Quality.,1
'stacking',1
understand.,1
Toning,1
totaling,1
reverse,1
Legs,1
cable/band,1
pectoral,1
"(flys),",1
abdominal,1
crunches,1
twists,1
oblique,1
Research,1
adapted,1
remarkable,1
experience!,1
"itself,",1
becomes,1
chore,1
battling,1
aches.,1
convenient!,1
Above,1
spacesaver!,1
lifestyle!,1
accident/surgeries,1
PT.,1
Swapping,1
Hardware,1
connects,1
"brace,",1
"guide,",1
Friendly,1
Perfection,1
replacements.,1
overall.,1
cage,1
butterfly,1
cage.,1
downs.,1
situation,1
insisted,1
"None-the-less,",1
restraints,1
temporary,1
chance.,1
WOW!!!,1
say.,1
shock.,1
member.,1
saves,1
commute,1
"Sincerely,",1
Peter,1
Kay,1
Great!!,1
lumbar,1
strain,1
resistance-band,1
research.,1
"bucks,",1
musles,1
descent,1
Documentation,1
Manuals,1
refined.,1
photocopy,1
documentation.,1
Observations:,1
Durability,1
"con,",1
data,1
comment.,1
chiropractor,1
attention.,1
comfortably,1
tiniest,1
Ingeniously,1
flawlessly.,1
continue.,1
squeeze,1
giant,1
house!,1
kickback,1
BONUS...,1
"""cable""",1
routines!,1
sine,1
seldom,1
compressed,1
disks,1
sciatica.,1
obsessed!,1
LOT,1
purchasing.,1
struggling,1
night.,1
lack,1
"rush,",1
nervous,1
failing,1
load.,1
"loop,",1
membership?,1
No.,1
desks,1
ripped.,1
kidding.,1
remember,1
"promised,",1
sessions,1
During,1
spread,1
upwards,1
rub.,1
changeover,1
forces,1
movement.,1
fabric.,1
"smell,",1
sensitive,1
smells.,1
dynamic,1
position.,1
dreaming,1
stubbornly,1
fighting,1
determination,1
frustrated,1
heel,1
flew,1
forehead.,1
welt,1
eyebrows,1
bruising,1
Laughing,1
courage,1
aimed,1
shock,1
surprise,1
moved,1
10-12,1
200,1
oar,1
astounded,1
16lb,1
food,1
bags,1
clothing,1
looser.,1
Three,1
16,1
"flexible,",1
"economical,",1
tidy,1
clutter.,1
5x,1
discomfort,1
CrossFit,1
protocol,1
improvements,1
(One,1
prescribed.),1
"grips,",1
otherwise),1
diversified,1
clasp.,1
(given,1
outgrow,1
unused,1
costly,1
"alternatives,",1
options!,1
portability.,1
OMG,1
terrrrrrrrifffffic.,1
Everyone,1
stage,1
70's),1
grave-diggers,1
away!!!,1
(hopefully...),1
Alan,1
R,1
transportation,1
members,1
Changing,1
clip!,1
answer,1
'solid',1
expanding,1
knees.,1
"next,",1
ingenious.,1
Useful,1
stack-ability,1
"another,",1
Hey,1
"therapist,",1
(personal),1
information/exercise,1
door-jamb,1
"*Also,",1
operated,1
"question,",1
"friendly,",1
person.,1
"item,",1
penny!,1
"""how",1
"to's""",1
beginners!,1
done!,1
ripping.,1
strenght,1
reistence,1
strenghening.,1
Price,1
competitors.,1
Professional,1
unique,1
"breaking,",1
ineffective,1
slipper,1
Quickly,1
shipped!,1
closed.,1
news,1
faulty,1
progression.,1
installation,1
transfer,1
sites,1
well...I,1
jumping,1
smacking,1
ceiling,1
~,1
client's,1
commend,1
producing,1
"Christmas,",1
transitions.,1
hassle.,1
"Note,",1
"(5'3"")",1
"useless,",1
ones!,1
=),1
fulfill,1
obvious,1
rubber/elastic,1
medical/therapy,1
predict,1
pinching,1
occur,1
booklet/pamphlet,1
"photocopies,",1
leg/arm/chest/core,1
advanced,1
(triceps/chest),1
cervical,1
nerve,1
imbalance/nerve,1
control,1
variations,1
rebuilding,1
arm/chest,1
200lbs,1
reliability,1
thoroughly.,1
"groups,",1
creativity.,1
"$20,",1
peace,1
cracks.,1
intermediate,1
user.,1
stow,1
basically,1
camper,1
van.,1
"""safer",1
"dad"".",1
lay,1
TV.,1
"husband,",1
insomuch,1
distinguish,1
tension),1
equivalence,1
purchaser,1
authenticated,1
Review,1
testing.),1
buying!,1
casual,1
reasons.,1
engaged.,1
"Second,",1
Latvia,1
country,1
introduced,1
meniscus.,1
healed,1
burnouts,1
prevention.,1
weightlifters,1
agrees,1
MS,1
"choice,",1
bargain,1
"account,",1
"machined,",1
scheduled,1
"condo,",1
pool,1
sightseeing.,1
"Fall,",1
Senior,1
"Athletics,",1
pre-competition,1
stretches,1
"warmups,",1
Hotels,1
$10-$30,1
spa/workout,1
cost-effective,1
competing.,1
"zips,",1
"flat,",1
daypack.,1
"strengthening,",1
"literally,",1
"planes,",1
"trains,",1
"automobile,",1
D-rings,1
fiber,1
wraps,1
flush,1
"rings,",1
re-assures,1
strenous,1
"daily,",1
stretches/,1
strengthening/,1
hung,1
professionally,1
"got,",1
York,1
simulate,1
drag,1
"steal,",1
shoe,1
factory,1
hugs,1
usage.,1
"wonderfully,",1
fear.,1
(For,1
flimsier,1
grommet.,1
"hers,",1
face.),1
superficial,1
skeptical,1
modify,1
well--really,1
stowing,1
neatly.,1
course).,1
future.,1
Neat,1
Package!,1
Packs,1
Youtube,1
strong),1
"diagrams,",1
operate.,1
contains,1
however,1
rent,1
installing,1
patch,1
moving.,1
ground,1
video.,1
"bands/handles,",1
"""exercise",1
"guide""",1
Excersise,1
worrying.,1
Booklet,1
excersices,1
aspects,1
excersise.,1
remain,1
skim,1
identify,1
"what,",1
pulldown,1
enhances,1
Holding,1
Autumn,1
Shaun,1
T,1
better/best,1
cute,1
T25,1
performs,1
Definite,1
upgrade,1
adding/subtracting,1
users',1
requirements.,1
minimal,1
couch,1
"sight,",1
mind!,1
Incredibly,1
door).,1
Tips/exercise,1
help.,1
Ecco,1
locations.,1
appreciated,1
denotes,1
pieces.,1
future...they,1
jold,1
more!!!,1
ton.,1
hinge-side,1
Various,1
purposes.,1
spring,1
fitting,1
weight-lifter,1
recently.,1
negatives,1
are:,1
-the,1
stapled,1
"hard-to-read,",1
photo-copied,1
pages.,1
sharp,1
Despite,1
"negatives,",1
You'll,1
product--and,1
practically,1
regardless,1
adequacy,1
"rooms.""",1
(those,1
frequently),1
fray,1
representatives,1
Within,1
Price.,1
Remarkable,1
"expensive,",1
$10-$15.,1
"""must",1
"have""",1
road!,1
decision,1
consumer,1
staff!,1
substantial,1
circular,1
helpful;,1
space/flexibility.,1
sooner.,1
off--,1
holidays.,1
enthusiastic,1
stresses,1
Don,1
Rochefort,1
Going,1
facility.,1
adjustability,1
under-door,1
wider.,1
success,1
ever!,1
kits,1
Proudct,1
Lite,1
durable!,1
Basic,1
instructions.......,1
frequently.,1
Zero,1
Roommate,1
$40/mo.,1
Ha!,1
resistants,1
isolated,1
glute,1
Lightweight.,1
kiddos,1
quality!!,1
daughters,1
20th.,1
(40-45lbs).,1
Enough,1
handles/band.,1
Considering,1
ACL/meniscus,1
"replacement,",1
complete!,1
shown,1
photo.,1
72,1
Dwayne,1
"Johnson,",1
"sports,",1
lessons,1
velocity,1
pitches...not,1
"(work,",1
travel/business,1
"trip,",1
"etc),",1
snaps,1
advertized!!,1
kit!!,1
"gyms,",1
busy.,1
clothing.,1
clear,1
eyeing,1
searched,1
equipments.,1
degree,1
10/10,1
impeccable.,1
"Moves,",1
proud,1
tuck,1
independent,1
colors/weights,1
em.,1
piece.,1
employ,1
go!,1
Lightweight,1
backpack,1
warming,1
presses.,1
Need,1
knowledge,1
TRX!,1
frayed,1
snapped.,1
elasticity,1
for).,1
weight/resistance,1
admirably,1
bands/resistance,1
"customization,",1
"N/A,",1
TBD,1
full-body,1
Usually,1
smack,1
grommets,1
REALLY,1
ALMOST,1
EVERY,1
DAY,1
versatile!,1
homework,1
"are,",1
"none,",1
"concerns,",1
reports,1
accidents,1
"injury,",1
occurrence,1
"opinion,",1
unbelievable.,1
pride,1
satisfaction.,1
strengths.,1
tendon,1
set).,1
uninjured,1
physically,1
unclipped,1
qualty,1
ditch,1
influx,1
folks.,1
cardio.,1
case!,1
mixing,1
colors.,1
de-attach.,1
chart.,1
bag!.,1
great...,1
them..,1
excuse,1
hoped.,1
Product!,1
"Quality,",1
Fit,1
Bomb,1
dot,1
com.,1
golf,1
strenghten,1
tighten,1
literally,1
improvise.,1
field,1
incorporated,1
Enjoy!,1
ends.,1
"poles,",1
confidence.,1
splurged,1
pen,1
Before,1
LOL.,1
THEM!,1
look.,1
extreme,1
Interval,1
Functional,1
T-Bar,1
Gears,1
"turning,",1
;),1
1/7/2017,1
T-bar,1
towel,1
floor.,1
(10-12,1
lbs),1
reps!,1
wholeheartedly!,1
Calling,1
Morning.,1
1/9/17,1
(45-50,1
10/09/2017,1
(70-75),1
tool.,1
"""heel",1
"hand""",1
hamstrings,1
Later,1
ten,1
1014/2017,1
RBs).,1
RBs.,1
organized.,1
alternating,1
tenderness,1
establish,1
sluggish,1
waking,1
bedroom,1
triathlete.,1
multitude,1
Box,1
moments,1
adapters.,1
comments.,1
LOVES,1
variety).,1
weeks--so,1
indication,1
(but,1
bands/handles,1
alternatives,1
whistles--but,1
whistles,1
LOVE!,1
Looked,1
Too,1
early,1
"results,",1
"""hurts",1
"good""",1
grommet,1
lucky,1
lightning,1
retain,1
fasteners,1
tare.,1
pro,1
overnight,1
interruptions.,1
improvement,1
reference,1
tied,1
prohibitive,1
load,1
plunge.,1
selected,1
about.,1
Though,1
marks,1
gimme,1
regime,1
"crunches,",1
Set!,1
N,1
cheaper.,1
damaged.,1
swiftly,1
player,1
trek,1
"road,",1
"Versatile,",1
build.,1
(explained,1
instructions).,1
opens,1
guess,1
"assembled,",1
minute.,1
claimed,1
Stacking,1
researched,1
$$!,1
"traveler,",1
"Some,",1
colleagues,1
"intensities,",1
linked,1
approximately,1
"12x6,",1
leaves,1
1/8th,1
photocopies.,1
Clearer,1
companys,1
[...].,1
Jerry-rigged.,1
lead,1
feeling.,1
natural,1
intensive,1
inspect,1
"tears,",1
case.,1
warrior.,1
"gift,",1
Says,1
(history,1
shoulder/elbow,1
sports).,1
commission,1
too;,1
office...,1
utilize).,1
remodeled,1
"basement,",1
eager,1
"bike,",1
"treadmill,",1
5-30,1
kettle,1
"bells,",1
bosu,1
ball...you,1
(his,1
Until,1
motions,1
"colors,",1
"photos,",1
flows,1
smoothly.,1
apparently,1
"fun,",1
FUN,1
tweak.,1
doorframe,1
appointments.,1
dude,1
niece,1
Carabiner,1
thanks!,1
"""weights"".",1
written,1
Thick,1
Stop,1
*****,1
"number,",1
picks,1
phone!!!,1
English,1
clearly!,1
anything.,1
heart,1
circuit,1
"tool,",1
trained,1
rigor,1
cracks,1
deformity.,1
(without,1
bungees,1
"priced,",1
warranty--what's,1
like?!,1
assume,1
wasthe,1
so.,1
smells,1
sensitivity,1
"odors,",1
experienced.,1
Durabilty,1
usefull,1
alike.,1
softball,1
swing,1
throwing,1
"carry,",1
"pack,",1
"unpack,",1
things!,1
theres,1
dress,1
moment,1
!!!!,1
Fybromalgia.,1
t6herapy!,1
inches,1
handle/band,1
connection.,1
illustrations,1
Beach,1
Body,1
own!,1
recommended!!,1
Fabulous,1
it!!!,1
discover,1
"potential,",1
mainly,1
tremendously.,1
Back,1
unlock,1
grace.,1
Bundle,1
300+lbs,1
bathroom,1
forgetting,1
meant,1
versitility,1
toning!,1
indoor,1
elbow.,1
specialist,1
Guess,1
what?,1
companions.,1
Hooked,1
folks!,1
variety.,1
They've,1
"combination,",1
engage.,1
third,1
"overseas,",1
value...,1
innovative,1
positioning,1
permutations,1
buyer,1
50+,1
drawer,1
identification.,1
"All-in-all,",1
apparatus,1
of.,1
!!!,1
gets.,1
these:,1
==Cardio==,1
-Resistance,1
punching,1
tricep/bicep,1
activation(depending,1
held).,1
XT,1
XT2,1
-Anchor,1
-Several,1
activatio,1
==Muscle,1
Building,1
Hypertrophy==,1
"right,",1
these?,1
Think,1
"rep,",1
"greatest,",1
decrease),1
(holding,1
(ex.,1
"degrees,",1
"curl,",1
end).,1
-With,1
"anchors,",1
pairs,1
X/X2,1
tricks,1
youtube),1
add/remove,1
"want,",1
closer/farther,1
(from,1
orders,1
product),1
poles,1
base,1
weighed,1
move).,1
forgiving,1
"larger,",1
"1""",1
square,1
(expensive,1
"bands),",1
"break,",1
PSA:,1
cuts/fraying.,1
"fail,",1
hurts!,1
2Am,1
ingo,1
hear,1
continued,1
email.,1
mailing,1
express,1
"disappear,",1
24/7,1
examples,1
Yoga,1
Abs.,1
joists,1
copact,1
brothers,1
rave,1
gym.especially,1
doorway;,1
describing,1
relatively,1
set?,1
Guide,1
adapt,1
mild,1
"Furthermore,",1
choice!,1
carry/storage,1
bag!!!,1
straightforward.,1
club.,1
anti-snapping,1
"amazing,",1
"anything,",1
-Andrea,1
D.,1
clients!,1
quickl.,1
Live,1
bands!!!!,1
"Clean,",1
Gift,1
excellent..as,1
set...Very,1
should've,1
100,1
percent.,1
suspicious,1
(in,1
suffer,1
degenerative,1
disc,1
disease,1
"stenosis,",1
"worsened,",1
dr,1
swinging,1
iron.,1
"as,",1
55+,1
exersizes.,1
drill,1
hole,1
"knob,",1
peasy.,1
massage,1
Good.,1
"""pushing""",1
sense,1
$1+,1
pound.,1
"sale,",1
stiff,1
loosen,1
compatible,1
helping.,1
tie,1
quietest,1
You!!!,1
"safely,",1
efficiently,1
track.,1
integrity,1
Builds,1
Mr.,1
"Olympia,",1
injured!,1
BMP'S,1
"oxidized,",1
"Portable,",1
"efficient,",1
elegant,1
arm/back/pec,1
Throw,1
hour!,1
locks.,1
interchanging,1
"July,",1
round.,1
most),1
em,1
training!,1
(while,1
limited),1
strength-training,1
rusty,1
prevented,1
closing.,1
Edit:,1
(thanks,1
Amazon!),1
regarding,1
"""Orange""",1
running.,1
polite.,1
guessing,1
sat,1
fluke.,1
clavicle.,1
imprints,1
pay,1
crossover,1
effects.,1
75lbs.,1
"""on",1
"go"".",1
"activities,",1
ankle/leg,1
easy!,1
kit...,1
Fix,1
change.,1
IN,1
WITH,1
RESISTANCE,1
BANDS!!,1
hired,1
trainer...she,1
hesitation.,1
invest,1
limm,1
too!!,1
BONUS!!!,1
:)))),1
Attaches,1
door!,1
misplaced.,1
Metal,1
Bag,1
inside.,1
"Granted,",1
toddler,1
"hands,",1
guilty.,1
add.,1
buy!,1
feet.,1
IMO,1
traditionally,1
aerobic,1
excuse.,1
enormous,1
changes.,1
achieve.,1
"forte,",1
door;,1
overload,1
"IMO,",1
enhance,1
"And,",1
reputable,1
"person,",1
bonus!,1
rating;,1
expeditious.,1
versiltile!,1
spare,1
tv.,1
th,1
citizens,1
"function,",1
spaces.,1
person!!,1
is),1
caribeener,1
"interchangable,",1
petite,1
"woman,",1
light.,1
"context,",1
DID,1
occasionally,1
upgrade.,1
"mention,",1
compactable.,1
bands....their,1
informative,1
crack;,1
again).,1
Excellent--love,1
me).,1
useage.,1
dogs,1
ropes.,1
mulling,1
"marketplace,",1
guys!!!,1
schedule.,1
Packaging,1
documentation,1
randomly,1
"frayed,",1
immediate.,1
latched,1
Obviously,1
"ankle-strap,",1
"manual,",1
full-blown,1
'gym,1
"bag',",1
"motivation,",1
gaps,1
'push,1
only',1
calisthenics,1
"first,",1
'stacked',1
"Boom,",1
solved.,1
tired!,1
So.,1
busy..kids..job..house..all,1
mounting,1
Where,1
unfinished,1
screw,1
"""pumped.""",1
"""workout.""",1
reservations,1
suggesting,1
effect,1
snap-backs,1
date,1
Handgrips,1
bowflex,1
junkie,1
THIS,1
SET!,1
excersizes,1
(especially,1
money).,1
studio,1
homemade,1
rig!,1
a.,1
Reccommended,1
theses,1
"myself,",1
"mom,",1
grandparents.,1
assisting,1
sizes.,1
grandparents,1
sick!,1
24,1
circumstances,1
device.,1
"""mounted""",1
shutting,1
suppose,1
drawback,1
fault:,1
tightly,1
"end,",1
"homes,",1
goodsized,1
NOW,1
GETTING,1
SOME,1
EXERCISE.,1
Tons,1
seams,1
"Small,",1
packable.,1
gentler,1
musculoskeletal,1
"gentler,",1
approach.,1
Completely,1
specially,1
ancle,1
sturdily,1
tho,1
resources,1
explore,1
"youtube,",1
forums,1
websites,1
completely.,1
"Bowflex,",1
"practical,",1
Knee,1
Surgery,1
Tendonitis.,1
types!,1
locked,1
advantage.,1
do!,1
Told,1
incomplete.,1
"missing,",1
gladly,1
mush,1
roughly,1
(e.g.,1
doors),1
Affordable,1
5/5,1
bike,1
"removed,",1
pictorial,1
They'll,1
RV.,1
journey.,1
by.,1
others..,1
day..,1
guide!,1
defined,1
(specifically,1
workouts),1
"(man,",1
adult),1
heathy,1
brands.,1
WOW!,1
"""weights""",1
essential.,1
"Fantastic,",1
deployment.,1
Yellow,1
(least,1
resistance),1
station.,1
U,1
CAN'T,1
AFFORD,1
these!!!...all,1
U'll,1
workout!...US,1
"MADE,",1
DESIGN!...,1
I'M,1
"77,",1
DAILY,1
"yoga,",1
etc...,1
example,1
relieve,1
aesthetic,1
friend's,1
recommendation.,1
sorenesss,1
tests,1
drawer.,1
sale,1
appearance,1
defined.,1
imagination,1
google.,1
impossible,1
(lat,1
"pull-downs,",1
deadlifts),1
enough!,1
expected!!,1
shoulder..,1
squeezing,1
nonetheless,1
"past,",1
bunched,1
engineering,1
"flaw,",1
exerted,1
"lunch,",1
"downtime,",1
rfor,1
possibilities,1
wake,1
Recovering,1
sholder,1
"bursitis,",1
"trick,",1
.Easy,1
Compact,1
Cuff,1
orthopedist,1
cuffs,1
(i.e.,1
chest).,1
Pretty,1
smartly,1
setting.,1
reasonable.,1
"""ripped""",1
buddies.,1
tensions.,1
Purchase.,1
Day!,1
anyone's,1
amenable,1
sorts,1
"places,",1
jack,1
weird,1
"""attachments""",1
clip.,1
segment,1
interfered,1
"way,",1
foot/leg.,1
instead.,1
"frame,",1
possibly,1
(think,1
directing,1
75+,1
hinges,1
bulges,1
"sticky,",1
meatheads,1
"away,",1
"cool,",1
ball/washer,1
stopper.,1
Totally,1
anybody,1
tower,1
"stack,",1
solves,1
"already,",1
"green,",1
230,1
$75.,1
Versus,1
thousands),1
tower.,1
association,1
light-resistance,1
high-rep,1
trendy,1
women's,1
"programs,",1
assure,1
inherent,1
nature.,1
Seem,1
Planning,1
excellent!,1
product!!!,1
trip.,1
stacking,1
Id,1
something!,1
"adjustable,",1
strength...,1
separately,1
necessary.,1
options...,1
woks,1
adequate,1
pictures.,1
therapists,1
busyt,1
office).,1
clever,1
"foot,",1
thigh,1
drop.,1
"install,",1
sealed.,1
fine!,1
conveniency,1
additions,1
one's,1
whatsoever!,1
Prompt,1
represented--quality,1
impulse,1
thoughts,1
splurge,1
accurate,1
measure,1
tearing.,1
expert.,1
Deal,1
attach/detach,1
page,1
allot,1
pics,1
Deff,1
min..,1
Ugh..,1
BEST,1
THING,1
EVER!!,1
processes.,1
"convenient,",1
Seriously,1
quality....,1
400%,1
flimsy.,1
thirty,1
pound,1
'oooph',1
Because,1
"companion,",1
Enjoy,1
Pablo,1
"mistake,",1
reinforced.,1
osome,1
braking,1
color),1
test.,1
novice,1
"sister,",1
herself.,1
Feel,1
thin.,1
badly.,1
Pillow,1
cases,1
"Nice,",1
nicest.,1
wonderfully.,1
compete,1
Nationally,1
Olympic,1
doorstop,1
seriousness,1
shortcuts,1
attempted,1
"inclusion,",1
condone,1
instrument.,1
High-quality,1
Sometimes,1
"triple,etc.",1
reviewing.,1
notch...,1
matters.,1
plane.,1
poundage,1
mark,1
P.T.s.,1
scanned,1
IPad.,1
tailored,1
books,1
BlackMontain,1
qorkout,1
skinny,1
Except,1
30's.,1
medium-sized,1
flabby,1
mid-40's,1
eating,1
"healthy,",1
"active,",1
"hiking,",1
forms,1
arms...,1
house),1
gigantic,1
truth,1
owning,1
"two,",1
Craigslist,1
anyway.,1
'Black,1
Products',1
'X',1
'Y',1
(standing,1
curls),1
"firmer,",1
measurable,1
discouraging.,1
"answers,",1
message,1
board,1
postings,1
'you,1
"bands',",1
'need,1
"weights',",1
video,1
Blake,1
Kassel,1
demonstrating,1
"""4",1
"muscle""",1
"since,",1
1/4-inch,1
circumference,1
(bicep/tricep),1
4-minute,1
growth,1
attitude,1
'big',1
nicest,1
"grow,",1
travel/storage.,1
?!?!,1
"complaints,",1
manual.,1
(BMP),1
"info,",1
"side,",1
text,1
description,1
(about,1
"breathing,",1
testify,1
"approach,",1
6'1,1
165,1
DVDs,1
"exercising,",1
"invariably,",1
reviewers,1
comparison.,1
"""at",1
"home""",1
differing,1
"cracking,",1
splitting.,1
discuss,1
defeintely,1
benches,1
set-up.,1
transition,1
wedge.,1
styled,1
steps,1
meantime.,1
Product!!!,1
uses.,1
HIgh,1
Dan,1
Weidner,1
(Founders,1
Mountain),1
everyday!,1
PRODUCT!!!!,1
"hooks,",1
in!,1
altogether.,1
retired,1
"veteran,",1
aches,1
weightlifting.,1
conditioning.,1
"kit,",1
balance,1
"improves,",1
"vacations,",1
"getaways,",1
"read,",1
"Pricing,",1
practicality;,1
"brainer,",1
disabilities,1
"limitations,",1
(physical,1
therapy);,1
blast,1
consult,1
physician,1
neighbor,1
bud!!!!,1
gastric,1
bypass,1
"appear,",1
pros.,1
"comprehensive,",1
creates,1
night,1
sculpted,1
"""workout",1
"rooms""",1
usable,1
want!,1
age.,1
Authority,1
"""bargain",1
closing,1
"deal"",",1
mistaken.,1
measly,1
10%,1
lovely,1
rescue!,1
camper!,1
good/responsive,1
"Excellent,",1
immediately-,1
successful,1
anchor!,1
Master's,1
"Chisel,",1
interruption,1
designated,1
ringer,1
tests.,1
"porch,",1
coll,1
A/C,1
summers.,1
grateful,1
lame,1
QVC.,1
"hips,",1
mostly.,1
entertaining,1
surprise.,1
first/last,1
me!!!!,1
diverse,1
athletes.,1
discovering,1
bungee,1
"beginners,",1
sizes/,1
loads/,1
stepping,1
breaking!,1
guarantee,1
provides.,1
rarely,1
operates,1
"assembly,",1
asset,1
stuff.,1
Built,1
Variety,1
straighten,1
gymnasium,1
OUT,1
PERFORMS,1
OTHERS.I,1
USED,1
OTHER,1
BRANDS,1
AND,1
BROKEN,1
2015,1
sporadically,1
then.,1
skiing,1
therapeutic,1
refused,1
readily.,1
highly.,1
"chaffing,",1
nut,1
fall,1
weighs,1
married,1
1966,1
sooner,1
have!,1
reliably.,1
air,1
public,1
space-but,1
aside,1
that-they,1
strength-,1
p90x3,1
Dicks,1
Same,1
Summer,1
internet,1
archery.,1
$$$,1
dollors,1
wonderfull,1
configuration,1
"needs,",1
Carry,1
Stay,1
hinge.,1
Well-made.,1
dislocation,1
downtime,1
chests,1
cubicle,1
finish.,1
achieved,1
calls,1
"rigid,",1
even.,1
hoped,1
ending.,1
snug,1
slippage.,1
(connect,1
arived,1
hollow,1
cardboard.,1
forgot,1
banded,1
models,1
Target,1
pro.,1
substantial.,1
fiys,1
Gosh.,1
ago!,1
"money,",1
busted,1
5STARS,1
wow,1
husband's,1
you!!,1
remuneration,1
writing,1
glutes,1
commuter,1
Incredible,1
okay,1
(considering,1
"are),",1
goals,1
P90X3.,1
Packaging:,1
Unboxing,1
pleasure.,1
Impression:,1
decisions,1
implementation.,1
parallel,1
elbow,1
elbow/shoulder,1
blah.,1
QUALITY,1
PACKAGE,1
OF,1
BANDS.,1
WOULD,1
AGAIN,1
"adjust,",1
Amazon's,1
"site,",1
Woot.,1
primary,1
"hardware,",1
spring-gate,1
"those,",1
"carabiner,",1
securing,1
ties.,1
"construction,",1
inserted,1
"types,",1
Disclaimer:,1
beginers.,1
reluctant,1
continuous,1
pictures).,1
excellently-priced.,1
complaints!,1
bueno,1
"adapter""",1
visits.,1
"Yep,",1
says.,1
reattach,1
guilty,1
course.,1
Getting,1
conversation,1
heard.,1
gut,1
"flabby,",1
winded,1
"mail,",1
worst,1
"life,",1
necessary,1
goal.,1
"walking,",1
boring.,1
pushups,1
situps,1
struck,1
start.,1
prime,1
working.,1
report,1
padded.,1
rubbery,1
instructional,1
explanations,1
"better,",1
DVD,1
demos,1
scrape,1
occupy,1
wasted,1
co-worker,1
beauties.,1
touch),1
sturdiness,1
carbineers,1
"phone/Skype,",1
experimenting,1
screen.,1
Bicep,1
"extensions,",1
casually,1
technically,1
entry,1
Bodylastics.,1
ratings,1
drawn,1
capability,1
piqued,1
interest.,1
spri,1
offer.,1
removing,1
"quick/explosive,",1
ROM.,1
"presses,",1
bent,1
raise.,1
adjunct,1
training;,1
theory,1
coupled,1
gains,1
sleep.,1
"trainer,",1
Smith,1
"Machine,",1
kettlebells,1
lions,1
worthwhile,1
physique;,1
applications.,1
padding,1
lanyard,1
squiggly,1
effectively.,1
"pounds,",1
"stackable,",1
Input,1
experienceseen,1
tears,1
snags.,1
sets...,1
listening,1
conference,1
calls.,1
recommendations,1
(upper,1
abs...).,1
"""customize""",1
addition.,1
dorm.,1
extra.,1
modification,1
money!!!!!!,1
"petite,",1
"5'2"",",1
6-feet,1
"occasionally,",1
heights.,1
(yellow,1
blue),1
doubled,1
grommets/handle,1
twist,1
shipment,1
"attachment""",1
negatives.,1
Second,1
competitive,1
"abuse,",1
rivals,1
STURDY.,1
golfers,1
Google,1
Push/Pull,1
leisure,1
*excellent*.,1
'here,1
"today,",1
tomorrow',1
non-existent,1
consists,1
stair,1
stepper,1
treadmill.,1
shines,1
"""lift""",1
frequency,1
so-so,1
(cheaper),1
entrances.,1
potentially,1
bothersome,1
performing,1
requiring,1
palms,1
tends,1
skin.,1
trade,1
competitors,1
enlarged,1
identical,1
2+,1
warping.,1
Whether,1
privacy,1
survive,1
toughest,1
boyfriend,1
"christmas,",1
<3,1
"Awesome,",1
home).,1
"surprise,",1
plug,1
precisely,1
machined.,1
big/stronger,1
collection.,1
rotated,1
weight-lifting,1
relying,1
Active,1
NFL,1
"Camp,",1
supplied,1
programs.,1
demo,1
doorframe.,1
gem,1
therabands.,1
"burst,",1
regulary,1
hoop,1
anklet.,1
defects.,1
X,1
progresses,1
terrible,1
automobile,1
accident,1
ribs,1
vertebrates,1
arm.,1
Dr,1
1/2,1
delivers,1
stated.....,1
needs!!,1
loose.,1
fancy,1
"toys,",1
'em.,1
Recommend,1
talk,1
Amazing!,1
resistances!,1
occasionally.,1
enables,1
fashion,1
craftsmanship.,1
BeachBody,1
Power,1
90.,1
penny.,1
small.,1
hurry.,1
Mountain.,1
supplementing,1
pyramid,1
reduction,1
"lifters,",1
assumed,1
gym...but,1
wrong.,1
"""heaviest""",1
pages,1
event,1
Help,1
Piece,1
pull-ups,1
hefty,1
heights,1
pull.,1
"particular,",1
"rehab,",1
on-the-road,1
accomplished,1
"""anker""",1
fault,1
(not,1
really),1
taller,1
6').,1
partially,1
And/or,1
Clips,1
swiftly.,1
negative,1
experiences.,1
"Product,",1
durning,1
durable).,1
promo,1
flyer,1
ran,1
warranties.,1
"wait,",1
"buy,",1
it!.,1
tension/resistance.,1
if/when,1
travelling.,1
versions,1
smoothly,1
vendor,1
Well!,1
challenges,1
Anazao,1
reduces,1
variable,1
"regularly,",1
"clients,",1
utilized,1
employee,1
wellness,1
affiliated,1
well;,1
undone,1
tells,1
equals,1
forget.,1
started!,1
Gym.,1
gamer.,1
sits,1
staring,1
"monitor,",1
racking,1
scores,1
acheiving,1
trophies.,1
Gaming,1
development.,1
arranged,1
celebrate,1
"""exercise"".",1
Them,1
bulging,1
fathers,1
resort,1
cutting,1
electricity,1
outdoors.,1
"endurance,",1
jump,1
away..,1
connector.,1
"""used""",1
expected..,1
plans,1
travel!,1
"benches,",1
goes.,1
"bars,",1
door?,1
triceps,1
staple,1
eliminates,1
Recommended!,1
quilty,1
stated.,1
Gold,1
ends,1
"chart,",1
definite,1
RiversEdge,1
Wall,1
grommets.,1
handgrips,1
"investment,",1
patient's,1
vacation!,1
"other,",1
buff.,1
rely,1
09/02/16:,1
abrasion,1
behind.,1
e-mailed,1
responded,1
Original,1
Review:,1
lifelong,1
several-month,1
"red,",1
passing,1
"them),",1
pulldowns,1
"rows,",1
delt,1
Coupled,1
bodyweight-only,1
"full,",1
"carefully,",1
flattens,1
pocket,1
anchor-strap,1
too...there,1
wood,1
paint.,1
them/exercises.,1
2-page,1
beginnings,1
r,1
extensions,1
option!!!,1
member!,1
Started,1
please!,1
generous,1
indeed.,1
Gyms,1
manageable.,1
Instructions,1
exercisers,1
cycle,1
savers...,1
quility,1
breathes,1
welll,1
ankles,1
band....,1
deff,1
bands...,1
ages,1
abilities,1
of...,1
indicate,1
fi,1
horrendous.,1
hospital.,1
smell.,1
sun,1
rubber.,1
glass,1
heavy.,1
account,1
"boyfriend,",1
"well-stitched,",1
chafing,1
Stepping,1
"okay,",1
"""universality""",1
"lengths,",1
4',1
"9""",1
"1"".",1
boyfriend:,1
(unless,1
bottom),1
horizontally.,1
off-putting,1
tilted,1
vertically,1
swivels,1
directions?,1
those.,1
upper-body,1
guarantee.,1
loud,1
fumbling,1
matter.,1
distance,1
"runner,",1
rotating,1
"neck/shoulder,",1
Bands...they,1
rehab&muscle,1
bound,1
wheel,1
"First,",1
directly.,1
lunges.,1
Men,1
travel/storage,1
breeze,1
beat.,1
2-3,1
"morning,",1
assuming,1
pierced,1
"something,",1
Lo,1
"behold,",1
Q&A,1
"815-322-202,",1
info,1
charge;,1
service!!,1
"stoppers,",1
maximize,1
ideas,1
We've,1
bodies.,1
himself,1
members.,1
supplies,1
responsible,1
print,1
content,1
collect,1
dust,1
would.,1
mixing/matching,1
pre-professional,1
"dancer,",1
handful,1
"unfortunately,",1
resilient,1
"yes,",1
Gold's,1
Gym),1
cheat,1
equivalent,1
upload,1
PDF,1
copy,1
strenuous,1
good......price,1
"""resistance",1
"band""",1
targets,1
Roku,1
(also,1
stream,1
video's,1
(a,1
program),1
intensity.,1
"""rugged""",1
delivered.,1
Quick,1
"each,",1
paper,1
tape,1
penny,1
receive!,1
found.,1
popped,1
injure,1
vids,1
yoga),1
lie,1
"retiring,",1
narrow,1
"guys,",1
rubs,1
benefits.,1
feel.,1
con,1
mosly,1
AWESOME!,1
operation.,1
extend,1
DURABLE!,1
slipping.,1
free-weights.,1
same!,1
lengths,1
training/workout,1
combination.,1
holder!,1
have.----Ohh,1
rehabilitation.,1
"elsewhere,",1
ONE,1
"fault,",1
ise.,1
Suffering,1
incapacitating,1
"inexpensive,",1
"novice,",1
applications,1
"bulk,",1
outreach,1
extraordinary.,1
yourself!,1
configurations,1
run.,1
