the,2564
I,2252
and,2071
to,1955
a,1619
it,1463
light,1448
is,1394
for,1252
of,900
my,874
this,839
in,735
on,706
book,544
that,543
have,513
one,504
with,501
The,497
so,467
you,426
as,425
reading,412
It,409
bright,405
This,402
but,394
very,391
use,384
read,381
can,364
light.,354
not,348
at,330
has,329
or,324
two,303
great,294
little,294
was,271
lights,268
when,266
are,256
like,255
clip,251
just,246
night,222
batteries,218
be,211
up,207
love,207
enough,203
bought,195
works,193
good,190
Great,189
it.,175
had,170
it's,168
bed,166
well,156
would,156
really,154
an,148
It's,146
I've,145
your,145
without,144
also,143
too,143
2,140
"light,",134
easy,134
than,134
only,134
both,133
Works,129
My,129
me,129
even,129
Very,127
long,127
more,127
because,125
I'm,123
need,122
don't,118
-,118
what,117
perfect,116
no,114
all,114
they,114
much,113
if,111
still,110
used,110
any,109
neck,107
nice,106
flexible,106
brightness,105
while,105
her,104
which,104
get,102
other,101
about,101
battery,98
recommend,97
them,96
lamp,95
time,95
these,95
Love,95
out,95
am,95
she,94
settings,92
pages,91
loves,91
will,91
last,91
using,89
"bright,",89
best,88
from,88
reading.,88
got,87
bright.,87
by,86
easily,85
want,83
doesn't,82
light!,82
do,81
night.,80
Bright,80
been,80
book.,79
bed.,78
onto,77
buy,77
AAA,77
clips,76
where,75
husband,75
happy,74
well.,74
we,73
over,73
books,73
going,73
every,73
its,73
off,72
dark,72
after,72
LED,72
does,71
Kindle,71
wife,69
purchased,69
see,69
our,69
before,68
uses,66
now,66
another,65
room,65
turn,63
small,63
ever,62
who,62
how,61
put,61
stays,61
strong,61
batteries.,61
many,60
keep,60
lighting,60
right,59
clipped,59
years,58
go,58
could,58
So,56
We,56
some,56
different,55
time.,55
around,55
Mighty,54
year,54
old,54
great.,54
work,54
better,54
setting,53
product,53
few,53
several,53
one.,52
gift,51
Good,51
back,49
it!,49
page,49
low,49
A,49
move,49
too.,49
great!,48
She,48
"batteries,",48
power,48
having,48
there,47
he,47
"book,",47
second,47
bit,47
kids,46
his,46
make,46
always,46
Perfect,45
Bought,45
product.,45
way,45
They,45
into,45
first,44
Light,44
never,44
lights.,43
clamp,43
If,43
daughter,42
color,42
far,42
&,42
can't,42
3,42
being,41
makes,41
on.,41
lot,40
find,40
position,40
son,40
use.,40
"settings,",40
highly,40
sleep,40
disturb,40
thing,40
room.,39
needed,39
levels,39
plenty,39
Nice,39
holds,38
settings.,38
seems,38
found,37
ordered,37
big,37
sturdy,37
i,37
late,37
read.,37
tried,37
amount,37
cover,37
heavy,37
exactly,36
switch,36
those,36
new,36
And,36
were,36
These,35
through,35
high,35
me.,35
looking,35
You,35
"it,",35
life,35
adjust,35
gives,34
most,34
quite,34
same,34
able,34
didn't,34
quality,33
know,33
car,33
Best,32
couple,32
change,32
Just,32
fact,32
side,32
Easy,32
purchase,32
Not,32
needed.,32
allows,32
since,32
No,32
take,31
perfectly,31
whole,31
"bed,",31
price,31
definitely,31
lasts,31
kindle,31
1,31
handy,30
He,30
think,30
disturbing,30
next,30
worth,30
bulb,30
large,29
their,29
Would,29
When,29
pretty,29
table,29
bulbs,29
actually,28
down,28
them.,28
provides,28
adapter,27
option,27
reviews,27
weight,27
instead,27
then,27
"great,",27
"night,",27
price.,27
again,26
super,26
times,26
Excellent,26
illuminates,26
getting,26
lamp.,26
once,26
him,26
dark.,26
takes,26
books.,26
headboard,26
size,25
stand,25
made,25
did,25
arm,25
"well,",25
But,25
brighter,25
lower,25
almost,25
head,25
entire,25
As,25
three,25
yet,25
good.,24
perfect.,24
to.,24
wanted,24
pages.,24
Two,24
attach,24
likes,24
each,24
came,24
replace,24
won't,24
bother,24
paperback,24
others,24
product!,23
things,23
One,23
fall,23
months,23
purchase.,23
.,23
covers,23
give,23
anyone,23
button,23
might,23
There,22
may,22
Clip,22
goes,22
Highly,22
hard,22
extra,22
In,22
base,22
sleeping,22
Clips,22
stay,22
"one,",22
problem,22
seem,21
excellent,21
"lights,",21
I'll,21
part,21
haven't,21
place,21
adjustable,21
such,21
page.,21
regular,21
hold,21
bend,21
either,21
longer,20
music,20
though,20
less,20
Have,20
set,20
during,20
"use,",20
cheap,20
anything,20
house,20
usually,20
brightness.,20
gets,20
gifts,20
strong.,20
especially,20
area,20
gave,20
liked,20
come,19
you're,19
again.,19
Also,19
thought,19
dim,19
out.,19
favorite,19
cheaper,19
ago,19
bedside,19
laptop,19
purple,18
feature,18
Now,18
wonderful,18
eyes.,18
order,18
comes,18
off.,18
dimmer,18
that's,18
older,18
needs,18
trying,18
lightweight,18
should,18
glad,17
working,17
myself,17
clipping,17
options,17
After,17
loved,17
went,17
reader,17
let,17
do.,17
problems,17
illuminate,17
say,17
LOVE,17
isn't,17
Amazon,17
5,17
worked,17
sleep.,17
white,17
mighty,17
multiple,16
often,16
plug,16
sure,16
depending,16
level,16
lit,16
asleep.,16
finally,16
absolutely,16
bright!,16
this.,16
flexible.,16
setting.,16
recommend.,16
wake,16
turned,16
click,16
Battery,16
AC,16
you.,16
gooseneck,16
far.,16
Definitely,16
rechargeable,16
turning,16
blue,16
Christmas,16
husband.,16
Its,16
fits,16
"flexible,",16
family,15
flex,15
away,15
between,15
4,15
asleep,15
I'd,15
Super,15
clip.,15
case,15
nicely,15
fine.,15
position.,15
portable,15
bothering,15
bunk,15
lots,15
people,15
led,15
attached,15
else,15
eyes,15
expensive,15
reads,15
keyboard,15
top,15
easily.,15
hours,15
mine,15
ones,14
everything,14
",",14
third,14
up.,14
wants,14
:),14
own,14
leave,14
until,14
bendable,14
keeps,14
real,14
travel,14
spouse,14
original,14
overhead,14
changing,14
couldn't,14
something,14
arrived,14
flashlight,14
booklight,14
open,14
desk,14
Has,14
LEDs,14
others.,14
black,14
"books,",13
point,13
home,13
wife.,13
bedtime,13
Really,13
Awesome,13
Even,13
extremely,13
"room,",13
"time,",13
neck.,13
cool,13
had.,13
smaller,13
For,13
doing,13
waking,13
paperbacks,13
all.,13
pleased,13
perfectly.,13
Book,13
life.,13
glare,13
bends,13
person,13
probably,13
With,13
puts,13
wide,13
middle,13
rather,13
useful,13
says,13
"good,",12
direction,12
advertised.,12
Both,12
simple,12
supposed,12
"sturdy,",12
need.,12
Use,12
expected.,12
levels.,12
hot,12
(I,12
perfect!,12
wish,12
expected,12
sturdy.,12
full,12
Does,12
2nd,12
replaced,12
already,12
used.,12
buying,12
XtraFlex2,12
choose,12
"now,",12
for.,12
fine,12
day,12
"me,",12
someone,12
run,12
owned,12
Exactly,11
wasn't,11
too!,11
decided,11
left,11
money,11
now.,11
nighttime,11
lasted,11
these.,11
single,11
flexibility,11
wonderful.,11
holding,11
well!,11
easier,11
Will,11
kind,11
that.,11
bedroom,11
"product,",11
quality.,11
powerful,11
issue,11
intensity,11
"clip,",11
"brightness,",11
Uses,11
mom,11
forever.,11
outside,11
attaches,11
Got,11
"reading,",11
angle,11
(or,11
"Also,",11
Thank,11
Purchased,11
soft,11
hardcover,11
!,11
review,11
"neck,",11
enjoy,10
want.,10
amazing,10
myself.,10
ago.,10
broke,10
job,10
clip-on,10
much.,10
convenient,10
durable,10
us,10
helps,10
"years,",10
tiny,10
pay,10
GREAT,10
places,10
looks,10
around.,10
month,10
products,10
durable.,10
type,10
"far,",10
lost,10
moves,10
under,10
bulky,10
friends,10
best.,10
itself,10
impressed,10
past,10
8,10
saw,10
Most,10
kindle.,10
sleeping.,10
All,10
previous,10
(not,10
choice,10
"this,",10
lighting.,10
two.,10
five,10
changed,10
"weight,",10
due,10
days,10
pink,10
That,10
why,10
anywhere,10
there's,10
simply,9
colors,9
"enough,",9
inside,9
save,9
Well,9
VERY,9
early,9
carry,9
yet.,9
Doesn't,9
job.,9
watch,9
avid,9
Fantastic,9
look,9
took,9
stands,9
buy.,9
item,9
forever,9
evening,9
daughter.,9
awesome,9
held,9
weeks,9
traveling.,9
Kindle.,9
whatever,9
"page,",9
"bulbs,",9
included.,9
is.,9
difference,9
needs.,9
adjusts,9
dual,9
satisfied,9
front,9
plastic,9
he's,9
"small,",9
tell,9
Don't,9
looked,9
Xtraflex2,9
long.,9
by.,9
worry,9
Can't,9
nightly,9
versatile,9
wire,9
more.,9
standard,9
--,9
place.,9
said,9
here,9
completely,9
inches,9
Makes,9
price!,9
"on,",9
received,9
!!,9
readers,9
gifts.,9
10,9
everyone,9
described,8
brightest,8
options.,8
purchased.,8
computer,8
quick,8
keeping,8
store,8
awesome.,8
"car,",8
slip,8
better.,8
provide,8
work.,8
Flexible,8
clamps,8
What,8
glare.,8
AND,8
compact,8
car.,8
battery.,8
home.,8
nice.,8
owned.,8
pack,8
totally,8
item.,8
flashlight.,8
"pages,",8
traveling,8
"fact,",8
inexpensive,8
model,8
gotten,8
"setting,",8
fit,8
runs,8
become,8
another.,8
brand,8
help,8
edge,8
etc.,8
living,8
helpful,8
Batteries,8
wide.,8
plus.,8
purchase!,8
making,8
allow,8
children,8
bulbs.,8
"husband,",8
shine,8
one!,8
"read,",8
complaints,8
problem.,8
originally,8
(and,8
cord,8
opens,8
wherever,8
share,8
thick,8
years.,8
"lightweight,",8
"dim,",8
Can,8
bent,8
"color,",8
kept,8
overall,8
star,8
Like,8
bag,8
thing.,8
triple,8
later,8
believe,8
"much,",8
sit,8
feel,8
"travel,",8
Buy,8
least,8
anyone.,8
turns,8
hubby,8
wall,8
ability,8
goose,8
ended,7
lightweight.,7
ever.,7
stick,7
total,7
reading!,7
start,7
maybe,7
reach,7
ready,7
thinking,7
hours.,7
bendy,7
moved,7
done,7
coming,7
bottom,7
travel.,7
Wife,7
gift.,7
color.,7
boyfriend,7
school,7
Get,7
"Kindle,",7
hardback,7
cover.,7
find.,7
"off,",7
avoid,7
moving,7
seemed,7
along,7
"thing,",7
blinding,7
enough.,7
lite,7
clear,7
accidentally,7
stars,7
purpose.,7
decent,7
evenly,7
"to,",7
Plenty,7
9,7
Provides,7
lamps.,7
dim.,7
beam,7
worried,7
"them,",7
money.,7
dog,7
Xtraflex,7
screen,7
"sleep,",7
ease,7
double,7
stiff,7
once.,7
quickly,7
near,7
hands,7
rest,7
falling,7
actual,7
sewing,7
+,7
"However,",7
keyboard.,7
awake.,7
stocking,7
casts,7
settings:,7
flat,7
LED's,7
wider,7
course,7
distracting,7
baby,7
constantly,7
replacement,7
flimsy,7
Perfect!,7
camping,7
across,7
inch,7
included,7
lot.,7
try,7
grip,7
found.,7
designed,7
on/off,7
way.,7
issues,7
play,7
reader.,7
version,7
number,7
given,7
be.,7
sometimes,7
"Nice,",7
useful.,7
plugged,7
focused,7
Led,7
complaints.,7
four,7
?,7
6,7
awake,7
did.,7
recommended.,7
they're,7
this!,6
ordering,6
dropped,6
Thanks!,6
"right,",6
larger,6
means,6
difficult,6
recently,6
paperback.,6
Looks,6
adjustable.,6
Perfect.,6
7,6
end,6
readers.,6
comfortable,6
unless,6
break,6
flash,6
partner.,6
nothing,6
anything.,6
mother,6
focus,6
modes,6
(the,6
purse,6
us.,6
Then,6
six,6
grandson,6
trips.,6
world,6
Having,6
based,6
particularly,6
Because,6
bedroom.,6
matter,6
night!,6
"levels,",6
magazine,6
opposed,6
surprised,6
nightlight,6
IT!,6
purchasing,6
adjusted,6
Easily,6
Nook,6
lamps,6
solid,6
direct,6
laptop.,6
Haven't,6
adjusting,6
behind,6
anywhere.,6
problems.,6
"long,",6
stage,6
"data-hook=""product-link-linked""",6
"class=""a-link-normal""",6
"Light,",6
clamping,6
various,6
option.,6
board,6
similar,6
close,6
away.,6
features,6
prefer,6
NOT,6
"that,",6
To,6
handle,6
wear,6
there.,6
thin,6
:,6
day.,6
however,6
fairly,6
"all,",6
last.,6
necessary.,6
deal.,6
add,6
"Yes,",6
both.,6
fully,6
value,6
with.,6
lighted,6
we've,6
table.,6
Lights,6
illumination,6
push,6
slightly,6
Mine,6
throws,6
friend,6
hook,6
button.,6
shape,6
"say,",6
including,6
annoying,6
imagine,6
burning,6
LIGHT,6
...,6
*,6
mine.,5
leaving,5
additional,5
light;,5
enjoyed,5
heavy.,5
huge,5
certainly,5
light!!,5
perfectly!,5
works.,5
(one,5
trip,5
taking,5
TV,5
paper,5
slide,5
damage,5
for!,5
weight.,5
Sturdy,5
fell,5
sleeps.,5
space.,5
sufficient,5
vision,5
complaint,5
described.,5
"heavy,",5
"Bright,",5
experience,5
trouble,5
design,5
house.,5
stable,5
"wife,",5
headboard.,5
Better,5
low.,5
necessary,5
30,5
material,5
nails,5
Only,5
While,5
stars.,5
(as,5
"too,",5
although,5
sleeps,5
earlier,5
THIS,5
IT,5
swivels,5
"asleep,",5
"though,",5
darker,5
positioned,5
twice,5
felt,5
clearly,5
wrong,5
thanks,5
light's,5
reasonable,5
trips,5
direction.,5
Husband,5
angle.,5
comfortably,5
"size,",5
base.,5
Christmas.,5
securely,5
fan,5
incandescent,5
burn,5
half,5
"out,",5
strength,5
stem,5
stand.,5
it!!,5
birthday,5
"Small,",5
falls,5
Much,5
past.,5
present,5
concerned,5
here.,5
thrilled,5
side.,5
box,5
batteries!,5
"up,",5
picture,5
recommend!,5
booklights,5
does.,5
lens,5
brighter.,5
toward,5
watching,5
concentrated,5
"reader,",5
she's,5
arm.,5
build,5
guess,5
"Oh,",5
produces,5
hand.,5
Lightweight,5
crossword,5
print,5
cannot,5
important,5
Our,5
value.,5
"more,",5
"is,",5
(even,5
excellent.,5
grips,5
"lighting,",5
saved,5
built,5
control,5
notice,5
morning,5
shows,5
own.,5
touch,5
goose-neck,5
higher,5
bad,5
"And,",5
mini,5
"in,",5
terrific,5
providing,5
see.,5
"by,",5
lets,5
seriously,5
handy.,5
item!,5
available,5
feature.,5
case.,5
However,5
piece,5
fade,5
disappointed.,5
"ago,",5
available.,4
Seems,4
hope,4
abuse,4
million,4
boys,4
expecting,4
awkward,4
bigger,4
saying,4
16,4
"perfectly,",4
nightstand,4
idea,4
objects,4
extended,4
go.,4
crafts,4
On,4
name,4
i'd,4
top.,4
seeing,4
kids.,4
road,4
guy,4
prefers,4
driver.,4
suit,4
general,4
device,4
seller,4
poor,4
coverage,4
4th,4
display,4
darkened,4
size.,4
reason,4
(if,4
"Lightweight,",4
"quality,",4
area.,4
self,4
nicely.,4
grab,4
eventually,4
things.,4
hour,4
rides,4
manufacturer,4
giving,4
Simple,4
flop,4
Bright.,4
put.,4
shining,4
energy,4
breaking,4
green.,4
"visiting,",4
guests,4
in-bed,4
yellow.,4
"failure,",4
baseball,4
cap,4
cap.,4
"l.e.d.,",4
best!,4
Light.,4
beat,4
e-reader,4
realize,4
securely.,4
cant,4
fantastic,4
"bulb,",4
(which,4
Product,4
softcover,4
green,4
above,4
Ive,4
Although,4
much!,4
firm,4
THE,4
"kindle,",4
offers,4
lasting,4
solution,4
operate,4
minor,4
positioning,4
Since,4
directly,4
broken,4
made.,4
"cheap,",4
adding,4
"place,",4
likely,4
Been,4
week,4
local,4
spot,4
pad,4
flip,4
attaching,4
partner,4
driving,4
reviews.,4
20,4
times.,4
pleased.,4
fast,4
appears,4
solve,4
Using,4
vacation,4
travels,4
showed,4
"life,",4
marks,4
"adjustable,",4
uses.,4
At,4
live,4
wanted.,4
post,4
week.,4
young,4
adequate,4
lamp!,4
clamp.,4
feet,4
tool,4
advertised,4
anymore.,4
mind,4
hasn't,4
That's,4
"""Mighty",4
"Bright""",4
steady,4
suggest,4
Other,4
silver,4
beautiful,4
bothered,4
starting,4
timely,4
manner.,4
dogs,4
feels,4
wore,4
"you,",4
bad.,4
right.,4
down.,4
fantastic.,4
hand,4
adjust.,4
either.,4
clipboard,4
pleasant,4
problem!,4
sized,4
difference.,4
"easily,",4
gone,4
"camping,",4
expectations.,4
Fulcrum,4
Was,4
Update:,4
"desk,",4
bring,4
blind,4
weeks.,4
clamped,4
Fits,4
OF,4
***,4
harder,4
picked,4
years!,4
blackout,4
seen,4
floor,4
also.,4
"know,",4
must,4
IS,4
range,4
hardly,4
Adjustable,4
Lots,4
playing,4
appreciate,4
complained,4
purpose,4
allowing,4
"and,",4
writing,4
cost,4
Everyone,4
"dark,",4
wonderfully,4
copy,4
items,4
plus,4
shade,4
"reviews,",4
shines,4
"position,",4
"design,",4
include,4
weigh,4
Gives,4
Never,4
mate,4
Or,4
Some,4
amazing.,4
highest,4
hanging,4
"year,",4
adjustments,4
carried,4
main,4
box.,4
"headboard,",4
hurt,4
"So,",4
2.,4
paperbacks.,4
camp,4
emergency,4
nite,4
words,4
"these,",4
light-weight,4
"expensive,",4
granddaughter,4
"screen,",4
days.,4
drive,4
Thanks,4
ways,4
thick.,4
stock,4
properly.,4
facing,4
unit,4
rubber,4
x,4
rating,4
pocket.,4
sister,4
Another,4
mentioned,4
lasts.,4
aren't,4
"while,",4
TO,4
en,4
(it,4
piano,3
Product.,3
daily,3
ac,3
porch,3
borrowing,3
"two,",3
year.,3
anything!,3
poorly,3
reviewing,3
"Amazon,",3
Amazon.,3
"times,",3
handy!,3
Solid,3
cross,3
had!,3
"very,",3
versatile.,3
magazines,3
pillow,3
opened,3
write,3
biggest,3
powered,3
window,3
tight,3
Absolutely,3
Fast,3
:(,3
laying,3
charge,3
They're,3
round,3
happy.,3
First,3
sitting,3
"large,",3
functions,3
produce,3
Sturdy.,3
Maybe,3
morning.,3
intensity.,3
consider,3
generation,3
rolls,3
it!!!,3
kid,3
him.,3
Casts,3
output,3
"LEDs,",3
Probably,3
key,3
purposes.,3
somewhere,3
convenient.,3
functional,3
recommended!,3
overly,3
else.,3
thank,3
headboards,3
"level,",3
company,3
newer,3
normal,3
print.,3
AA,3
machine,3
"forever,",3
effective,3
device.,3
thickness,3
they've,3
"switch,",3
charger,3
"strong,",3
model.,3
herself,3
special,3
/,3
"for,",3
"tiny,",3
corner,3
3rd,3
"purchase,",3
family.,3
"Flexible,",3
Long,3
alone,3
"do,",3
flashlights,3
batteries).,3
started,3
"power,",3
SUPER,3
small.,3
Hurricane,3
"Sandy,",3
nearly,3
Five,3
Far,3
spotlight,3
"flashlight,",3
college,3
useful!,3
excited,3
sort,3
disappointed,3
FOR,3
strain,3
care,3
in.,3
LOVES,3
diaper,3
bunch,3
"booklights,",3
helping,3
plan,3
(almost,3
portable.,3
12,3
text,3
book!,3
spots,3
focuses,3
finding,3
overnight,3
working.,3
hit,3
interfere,3
"traveling,",3
Hopefully,3
time!,3
considering,3
"wide,",3
squinting,3
design.,3
often.,3
type.,3
myself!,3
booklight.,3
suppose,3
search,3
positive,3
stuff,3
affordable,3
over.,3
intended,3
"paperbacks,",3
Mom,3
unlike,3
crazy.,3
"course,",3
Enough,3
Strong,3
power.,3
Especially,3
"nice,",3
loose,3
straining,3
within,3
lap,3
bedtime.,3
"compact,",3
girls,3
light!!!,3
LED.,3
stuffer,3
Cool,3
gadget,3
Am,3
particular,3
twist,3
Wonderful,3
wakes,3
More,3
warm,3
bright),3
none,3
died.,3
replacement.,3
cast,3
darkness.,3
decide,3
replace.,3
allowed,3
"case,",3
provided,3
on).,3
computer.,3
distract,3
prices,3
"anywhere,",3
spots.,3
duty,3
guide,3
lose,3
removing,3
draw,3
bed!,3
me!,3
"however,",3
outages.,3
nook,3
delivered,3
brightens,3
Brights,3
them!,3
encourage,3
(in,3
"over,",3
1.5,3
condition,3
"adapter,",3
Wow!,3
nice!,3
tends,3
check,3
whenever,3
beside,3
"others,",3
harsh,3
Lasts,3
so.,3
puzzles.,3
crisp,3
ceiling,3
functional.,3
goes.,3
owl,3
across.,3
failed,3
"lamp,",3
buttons,3
complaints!,3
"put,",3
"durable,",3
Happy,3
sister.,3
Overall,3
buy!,3
Stays,3
cause,3
blue.,3
purposes,3
"Overall,",3
Takes,3
IN,3
frame,3
friends.,3
Over,3
rechargable,3
smart,3
sheet,3
pure,3
Is,3
"modes,",3
BEST,3
sensitive,3
bike,3
"said,",3
"Sturdy,",3
wait,3
comment,3
Many,3
daughters,3
"cover,",3
whether,3
packed,3
"with,",3
bought.,3
screen.,3
"made,",3
sleep!,3
maneuver,3
"option,",3
satisfied.,3
(when,3
press,3
Recommended.,3
vision.,3
finds,3
Arrived,3
it...,3
"excellent,",3
viewing,3
"Christmas,",3
beds,3
choir,3
becomes,3
done.,3
extend,3
keys,3
flexes,3
Lightweight.,3
superior,3
shipping,3
dollar,3
added,3
ever!,3
practical,3
winter,3
weren't,3
usage,3
deal,3
not.,3
friend.,3
needing,3
night-time,3
light),3
shouldn't,3
room!,3
firmly,3
gripe,3
unit.,3
Worked,3
months.,3
mom.,3
market.,3
hoped,3
tent,3
we're,3
loft,3
"LED,",3
relatively,3
dimmed,3
forget,3
walk,3
settings!,3
shirt,3
book's,3
pitch,3
weak,3
3.,3
Everything,3
shift,3
circle,3
"see,",3
you'd,3
"Plus,",3
"paperback,",3
immediately,3
e-book,3
stated,3
waste,3
incredibly,3
reviewers,3
common,3
chose,3
tone,3
2009.,3
ten,3
while.,3
try.,3
material.,3
again!,3
ereader,3
beam.,3
(like,3
hardbacks.,3
Trust,3
happened,3
Had,3
fallen,3
"work,",3
ideal,3
"again,",3
quickly.,3
illumination.,3
cases,3
clicks,3
on;,3
slides,3
BUT,3
wouldn't,3
starts,3
colors.,3
Plus,3
switches,3
seen.,3
"also,",3
broke.,3
backlit,3
chair,3
seat,3
expect,3
girlfriend,3
prior,3
adjustment,3
barely,3
SO,3
Sometimes,3
"handy,",3
staying,3
grumble,3
hurricane,3
situation.,3
period,3
lovers.,3
noticed,3
her.,3
places.,3
"included,",3
shaft,3
tablet,3
reliable,3
throughout,3
"own,",3
expectations,3
100%,3
mention,3
knew,3
required,3
packaged,3
remove,3
secure,3
faster,3
para,3
la,3
discovered,3
begins,3
padded,3
Xflex,3
2-Light,3
Mighty-Bright,3
Push,3
Gave,2
fiance,2
e-reader.,2
Illuminates,2
music.,2
regularly,2
new.,2
Third,2
yeah,2
technically,2
"hers,",2
regrets.,2
library,2
We've,2
"months,",2
strong!,2
tuck,2
exact,2
twice.,2
"area,",2
half.,2
periods,2
(I'm,2
hassle.,2
plain,2
Great.,2
stitch,2
projects,2
"Wow,",2
reading-,2
"bathroom,",2
wonders,2
anymore!,2
use!,2
Excellent!,2
prop,2
source,2
packaging,2
worked.,2
replacing,2
sharing,2
sleeper,2
purchases,2
excellent!,2
question.,2
tossed,2
room).,2
country,2
shipping!,2
USB,2
beast.,2
"options,",2
storm,2
smooth,2
solid.,2
late-night,2
gadget!,2
TV.,2
"back,",2
despite,2
surroundings,2
"before,",2
LOT,2
paid,2
PERFECT,2
timer,2
install,2
surfaces.,2
E-Ink,2
lol).,2
unbeknownst,2
Fabulous,2
Totally,2
convince,2
Paperwhite,2
amazon,2
package.,2
"Great,",2
reposition,2
"rooms,",2
ring,2
"lit,",2
eat,2
online,2
job!,2
plucking,2
putting,2
mirror,2
light...,2
includes,2
like.,2
Tried,2
consistent,2
two!,2
hotels,2
"often,",2
love.,2
lights!,2
kids',2
twisting,2
dollars,2
joy,2
effective.,2
"""stem""",2
"home,",2
EVERY,2
pressed,2
operating,2
separately,2
"available,",2
Spend,2
store.,2
charged,2
waiting,2
yourself,2
amazed,2
(my,2
connects,2
shaped,2
office,2
favorite.,2
shop,2
swivel,2
unbeatable.,2
Oh,2
owned!,2
was.,2
emits,2
bending,2
sleepy,2
fix,2
obvious,2
handyman,2
"type,",2
electrical,2
outlet,2
coffee,2
Walmart.,2
thru,2
point.,2
Work,2
avoiding,2
"magazine,",2
okay,2
RECOMMEND,2
view,2
child,2
substantial,2
Ordered,2
cabin,2
electricity,2
shower,2
!!!,2
upon,2
hubbie,2
face,2
family!,2
pictured.,2
saving,2
life!,2
HIGHLY,2
ANYWHERE,2
mess,2
phone,2
tablet.,2
machine.,2
velcro.,2
#1,2
leather,2
typing,2
frustrated,2
solved.,2
charm.,2
heck,2
"grip,",2
advertised;,2
Durable,2
helpful.,2
daughter's,2
mounting,2
wonderful!,2
matching,2
appear,2
book).,2
spent.,2
me).,2
"indeed,",2
easier.,2
tend,2
softer,2
stronger,2
"lite,",2
"yet,",2
Folds,2
white.,2
bucks,2
doubles,2
Nicely,2
desired,2
ideal.,2
section.,2
you!!,2
"kitchen,",2
fumbling,2
concern,2
opinion.,2
contrast,2
Cheaper,2
dimmer.,2
paper.,2
shape.,2
road.,2
bothers,2
electricity.,2
sooo,2
changes.,2
ages.,2
flopping,2
draining,2
electric,2
way).,2
major,2
member,2
situations,2
"comfortably,",2
borrowed,2
hotel,2
praise,2
(no,2
pun,2
Of,2
heat,2
integrated,2
stumbled,2
figuring,2
sold,2
Flex,2
Book/Craft/Clip-On,2
Dual,2
market,2
needed!,2
free,2
compact.,2
car!,2
changes,2
word,2
better!!!,2
too!!!,2
going.,2
MUCH,2
spouse.,2
companion,2
mostly,2
ever!!!,2
two),2
lay,2
reads.,2
easy.,2
2-3,2
describe,2
emitted,2
"blue,",2
using.,2
corner.,2
xtra,2
overwhelming.,2
"adjust,",2
moment.,2
otherwise,2
duty.,2
woke,2
stop,2
"heat,",2
terrarium,2
air,2
"brand,",2
"liked,",2
"bright),",2
user's,2
1/2,2
proprietary,2
brand.,2
teal,2
Amazing,2
improve,2
"booklight,",2
inferior,2
apart,2
needle,2
suits,2
Let,2
Helps,2
edition,2
floor!,2
adaptor,2
art,2
"side,",2
pad.,2
TOO,2
Terrific,2
right!,2
firmly.,2
forward,2
Look,2
"Novel,",2
soon!,2
show,2
signs,2
hand!,2
ones.,2
"cord,",2
Let's,2
breeze.,2
Second,2
stealing,2
Click,2
"strongly,",2
uniform,2
cats,2
couch,2
fun.,2
private,2
span,2
"intensities,",2
Keeps,2
Brightness:,2
"way,",2
except,2
"lot,",2
"direction,",2
"needed,",2
all;,2
7.75,2
shown,2
closed.,2
complaining,2
hands.,2
May,2
a/c,2
purchases.,2
stuffer.,2
novel,2
(,2
comfortably.,2
bookworm,2
towards,2
idea.,2
awesome!,2
Quality,2
performance,2
outstanding,2
good!,2
great!!!,2
nor,2
replaced.,2
"once,",2
middle-aged,2
shadow,2
variety,2
Wide,2
lasted!,2
ask,2
positions.,2
children.,2
kid.,2
toddler,2
auxiliary,2
tub,2
applying,2
extreme,2
$10,2
fourth,2
sheds,2
winner.,2
1/4,2
$5,2
attached.,2
Buying,2
asking,2
reviewed,2
"weeks,",2
pool,2
stitching.,2
"useful,",2
"want,",2
call,2
"anyway,",2
minimal,2
eyes!,2
weird,2
hide,2
BOOK,2
Update,2
"Thankfully,",2
however.,2
now!,2
Original,2
previously,2
annoying!,2
today,2
curtains,2
"fine,",2
really.,2
hassle,2
free.,2
well...,2
"output,",2
ok,2
fantastic!,2
section,2
wonder.,2
flight,2
everyday,2
crazy,2
built.,2
(a,2
about.,2
version.,2
ship,2
baby's,2
fingers,2
connecting,2
electronics,2
Quite,2
long-term,2
situations.,2
arch,2
board.,2
PURPLE,2
PINK,2
skeptical,2
"travelling,",2
"illumination,",2
modes.,2
play.,2
fuss,2
guest,2
Wish,2
cord.,2
Recommended!,2
suitable,2
conditions.,2
"first,",2
"arm,",2
(2,2
"passenger,",2
BRIGHT.,2
1st,2
homework,2
bluish,2
yr,2
prevent,2
Such,2
size!,2
but.,2
granddaughter.,2
Her,2
note,2
happy!,2
tap,2
delivery,2
"everywhere,",2
minute,2
others!,2
win,2
service,2
hesitant,2
hopefully,2
pretty.,2
soft.,2
"low,",2
"today,",2
practically,2
ambient,2
glow.,2
trip.,2
replaceable.,2
regulate,2
adaptor.,2
lowest,2
purplish,2
brother,2
bit.,2
hooked,2
hoping,2
GREAT.,2
thing!,2
pleasing,2
BRIGHT!,2
remains,2
Lamp,2
numerous,2
chance,2
beat.,2
source.,2
possible,2
task.,2
toddler's,2
'Mighty,2
wanting,2
Puts,2
imaginable.,2
further,2
clunky,2
frequently.,2
"last,",2
navigating,2
recent,2
spend,2
"value,",2
tool.,2
cheapo,2
ample,2
completely.,2
adequate.,2
THAT,2
*lol*,2
"works,",2
),2
$20,2
Hammerhead,2
realized,2
measure,2
up!,2
mean,2
xtraflex,2
loving,2
materials.,2
failing,2
doesnt,2
throw,2
trash.,2
product;,2
obviously,2
"Well,",2
time;,2
escape,2
"magazines,",2
damn,2
wee,2
"smooth,",2
sometimes.,2
"""",2
finger,2
thumb,2
cuz,2
Do,2
Glad,2
Clamps,2
highly.,2
reliable.,2
shadows,2
outside.,2
pieces.,2
Where,2
desired.,2
amazing!,2
lover,2
quality!,2
"led,",2
anyway,2
(two,2
long-lasting,2
traditional,2
Nook.,2
camping.,2
niece,2
Parents,2
balance,2
dad,2
hospital.,2
addition,2
hadn't,2
sooner.,2
"never,",2
Pros:,2
Cons:,2
any.,2
puzzles,2
LIKE,2
"tinge,",2
yellow,2
He's,2
opted,2
affix,2
instead.,2
apartment,2
book-light,2
supply,2
aim,2
con,2
together,2
virtually,2
"Additionally,",2
is!,2
outages,2
i've,2
vintage,2
pulling,2
dashboard,2
suffered,2
spring,2
longer.,2
purple.,2
sun,2
switched,2
ive,2
Power,2
slipping,2
gem,2
dinner,2
other.,2
bathroom,2
LIGHT!,2
first.,2
Daughter,2
!!!!,2
"stand,",2
"go,",2
ease.,2
minimize,2
"terrible,",2
diffuse,2
"readers,",2
devices,2
back-lighting,2
e-readers,2
die,2
1.,2
(it's,2
fresh,2
sum,2
name.,2
preference,2
Xtraflex2.,2
"coverage,",2
respond,2
Bottom,2
line:,2
brightnesses,2
coverage.,2
"granddaughter,",2
"""Hey,",2
"mentioned,",2
borrow,2
Throws,2
choice.,2
darkness,2
Remember,2
stayed,2
"covers,",2
function,2
"issues,",2
decently,2
bothersome,2
tilt,2
customer,2
March,2
January,2
6),2
shares,2
"even,",2
(sold,2
"doubt,",2
update,2
visibility,2
initial,2
itself.,2
covers.,2
"colors,",2
says.,2
system,2
significant,2
fresh.,2
marking,2
"""low""",2
bra,2
sales,2
glaring.,2
though.,2
vehicle,2
required.,2
directed,2
Read,2
effort,2
"Love,",2
"love,",2
thoroughly,2
rarely,2
1),2
2),2
transformer,2
LED's.,2
twisted,2
Nothing,2
camera,2
bags,2
"Sony,",2
fixed,2
would.,2
labels,2
sorts,2
reasons,2
theres,2
list,2
choices,2
bet,2
surface,2
count,2
Came,2
situation,2
movements,2
comparison,2
girl,2
"her,",2
rail,2
rails,2
scratch,2
view.,2
cell,2
distribute,2
important.,2
Right,2
slats,2
spread.,2
types,2
ereaders,2
stated.,2
figured,2
"pure,",2
crappy,2
plane,2
possibly,2
finely,2
eye.,2
"base,",2
OK,2
nicer,2
lighter,2
Neck,2
kind.,2
non,2
"purse,",2
positives,2
"expected,",2
covered,2
select,2
holds.,2
promised,2
performs,2
MY,2
BRIGHTNESS,2
riding,2
"firm,",2
thus,2
meets,2
regret,2
kinda,2
"drives,",2
applications,2
Easter,2
lightweight;,2
biggie.,2
"down,",2
it;,2
solution.,2
"priced,",2
gentle,2
bathroom.,2
"old,",2
stages,2
everywhere.,2
importantly,2
"durability,",2
"around,",2
noticeable,2
steal,2
lights),2
"but,",2
serve,2
$50,2
electronic,2
needlework,2
"another,",2
prettier,2
helped,2
rear,2
door,2
tricky,2
rechargeables,2
LOL!,2
versions,2
(unless,2
"so,",2
convinced,2
requiring,2
basket,2
ipad,2
(so,2
Small,2
2013,2
greater,2
flashlights.,2
built-in,2
Double,2
eye,2
wand,2
extension,2
church,2
surprisingly,2
TravelFlex,2
separately),2
adapter.,2
Though,2
alone.,2
"issue,",2
"here,",2
Built,2
"reviewers,",2
stopped,2
stuck,2
kicked,2
directional.,2
angles.,2
lil,2
clean,2
anytime,2
student,2
Flex2,2
cozy,2
17,2
wife's,2
solved,2
sound,2
son.,2
test,2
short.,2
podium,2
becoming,2
replaces,2
whom,2
knows,2
"feature,",2
sucker,2
standing,2
average,2
enjoys,2
From,2
beneath,2
stars!,2
settled,2
porch.,2
sits,2
serves,2
everything.,2
specialty,2
story,2
"eyes,",2
opt,2
served,2
beaten,2
drain,2
safe,2
Yay!,2
light?,2
JUST,2
ON,2
LITTLE,2
OR,2
field,2
bench,2
correct,2
passenger,2
affecting,2
included),2
"portable,",2
recommend!!,2
It`s,2
Recommend.,2
attachment,2
surface.,2
sign,2
creates,2
glossy,2
pattern,2
frustrating,2
areas.,2
illuminating,2
machines,2
flexable,2
king,2
carrying,2
convenience,2
stories.,2
hate,2
and/or,2
un,2
ser,2
de,2
dramatic,2
spread,2
flexed,2
Cheap,2
"ones,",2
heat.,2
ABLE,2
light).,2
products.,2
batterys,2
bulb.,2
rack,2
NO,2
dream,2
notebook.,2
logo,2
impressive,2
notes,2
"yesterday,",2
suddenly,2
wrapped,2
New,2
lesser,2
universal,2
jewelry,2
regretted,2
volts,2
"house,",2
creating,2
protect,2
tv,2
"strength,",2
lights).,2
adults.,2
"research,",2
:-),2
video,2
games,2
experience.,2
"under,",2
against,2
dial,2
himself,2
future.,2
sink.,2
truly,2
dimming.,2
brite,2
closet,2
button-shaped,2
cost.,2
picking,2
headrest,2
shelves,2
towel,2
NiCd,2
NiMh,2
`borrowed',2
pump,2
nieces,1
rebuy,1
pestering,1
chose.,1
great!!!!,1
gorgeous.,1
Still,1
later.,1
members.,1
"aim,",1
strengths.,1
sufficient!,1
let's,1
come.,1
by!,1
them!!!,1
Hold,1
rough,1
Delivered,1
EVER,1
20hrs,1
nook!!!,1
grad,1
school.,1
hubs.....I,1
over...its,1
those...oh,1
thats,1
:::eyeroll::::,1
WOW,1
these??,1
lucky...he,1
these...he,1
station,1
daily...he,1
review....but,1
guy...and,1
re-positioning,1
adjustment.,1
spent,1
modern,1
track,1
"of,",1
(just,1
expected).,1
"regular,",1
Flex2.,1
"assets,",1
winding,1
crocheted,1
capable,1
"tables,",1
"desks,",1
"drawers,",1
talking,1
months),1
"anyone,",1
Funny,1
light...clips,1
easel,1
books....great,1
"round,",1
quirky,1
style.,1
there...I,1
Lucky,1
me...it,1
wonderfully!,1
turquoise,1
true.,1
Amount,1
hoops,1
q-snaps,1
"computers,",1
cross-stitching,1
personal,1
perfect..like,1
..last,1
longer!!!,1
easily!,1
kitchen.,1
Cupboards,1
cleaning,1
"restaurants,",1
placed,1
"""read""",1
lap...,1
too....,1
Mom.,1
smashed,1
batteries...not,1
gentlest,1
sort.,1
see!,1
Journal,1
information,1
advantage,1
nightlight!,1
Serves,1
"purpose,",1
nicest,1
overwhelms,1
bedpost.,1
slam,1
closed,1
spaces.,1
kid),1
casual,1
mother-in-law,1
cute!,1
chargeable,1
"Seriously,",1
"purposes,",1
"wonderful,",1
slim,1
sexy,1
computers,1
passtime.,1
season.,1
"Powerful,",1
"Granted,",1
"difference,",1
"spring,",1
challenging,1
impulse,1
buy--,1
"sometimes,",1
skim,1
"flimsy,",1
coverage--,1
distracted,1
shout,1
there:,1
designs,1
sections,1
caused,1
headache,1
worth.,1
angled,1
shifting,1
twitching,1
likewise,1
"disoriented,",1
fills,1
process.,1
pricier,1
'you,1
for'.,1
"soon,",1
PRICE,1
CHEAPER,1
THEN,1
STORE...,1
indeed!,1
"airplanes,",1
sneaky,1
Awsome...,1
decsribed,1
far!!!,1
automatically,1
hour.,1
cords,1
Grand,1
Canyon,1
cabins.,1
stores,1
asleep!!,1
"really,",1
REALLY,1
"convenient,",1
Win-win,1
(Someday,1
me.),1
going...,1
dies,1
going!,1
day!,1
books!,1
"Wonderful,",1
pirchased.,1
On;y,1
Great!!,1
someone!,1
it),1
light.),1
Long-lasting,1
"Inexpensive,",1
hapilly,1
Possibly,1
unlit,1
"day,",1
windows.,1
portion,1
bulky.,1
diminishing,1
over-packaged,1
(too,1
plastic),1
everything!,1
break.,1
eyebrows,1
fumble,1
"flight,",1
plane.,1
"attach,",1
treadmill,1
service!,1
snugly,1
shelling,1
pecans).,1
rock.,1
other's,1
keeper!,1
lovers!,1
(they're,1
beds).,1
weekend,1
THRILLED,1
MIghty,1
considered,1
(cheaper),1
contacted,1
feedback,1
weaned,1
iphone,1
addiction,1
"""big",1
"print""",1
two-bulb,1
clever,1
frequently,1
several....One,1
"Traveling,",1
grandparents,1
(Yeah,1
unique,1
find!).,1
knitting,1
user!,1
w,1
asset.,1
planning,1
'regular',1
batteries...no,1
result.,1
swap,1
"Strong,",1
Save,1
"smaller/sleek,",1
super!,1
"awesome,",1
"dank,",1
"it,,,",1
-works,1
"fault,",1
yanked,1
off).,1
remedy,1
"ergonomic,",1
unusually,1
printer,1
forgot,1
visit,1
Grands.,1
rail.,1
lights!!!,1
ate,1
around!!,1
breaks,1
minutes!!,1
As!!!,1
Yay!!,1
modes;,1
1x,1
"need,",1
controls,1
again!!,1
"break,",1
equips.,1
goodbye,1
spare,1
"members,",1
Wow,1
uses!,1
decent.,1
consumes,1
"wiring,",1
"box,",1
hole,1
"drywall,",1
"shirt,",1
Recommend!,1
"days,",1
cheapie,1
loss,1
"touch,",1
Brighter,1
2-light,1
1-light,1
"fragile,",1
previously.,1
"usual,",1
estimated,1
date,1
arrival).,1
diffuses,1
look.,1
permits,1
grab.,1
"mass,",1
spine,1
right).,1
roommate,1
can!,1
haha.,1
But..,1
blueish-green,1
DEFINITELY,1
COLLEGE,1
STUDENTS!,1
"adjustments,",1
obstruct,1
weight-,1
penny.,1
included...which,1
"shows,",1
metallic,1
teal.,1
IT!!!!,1
"rejects,",1
tire,1
easily...,1
jump,1
"snack,",1
bonking,1
furniture,1
return...,1
HE,1
ones...,1
tent!,1
pointed,1
ceiling;,1
level.,1
Ordering,1
Be,1
"aware,",1
lime,1
seafoam,1
"pretty,",1
MANY,1
BEST!,1
correctly.,1
foam,1
Brilliant!,1
gifts!!!,1
RECOMMEND!!!,1
"Useful,",1
sleep/wake,1
cycle,1
staring,1
line.,1
2LED,1
mounted,1
2-sided,1
protector,1
$60,1
"kindle!),",1
Acase.,1
awkward.,1
combined,1
Acase,1
happier.,1
http://www.amazon.com/Acase-Classic-Leather-Generation-Keyboard/dp/B005S8ND9O/ref=sr_1_1?ie=UTF8&qid=1338280071&sr=8-1,1
em,1
$20.,1
3xAAA,1
"beam,",1
pleasurable,1
hotspots,1
NiMH,1
rechargeable's.,1
stubbornly,1
workstation,1
hitting,1
keys.,1
Problem,1
bucks!?,1
deal...,1
via,1
Yes-,1
evenly.,1
oversized,1
device;,1
pluggedd,1
Rob,1
Leigh,1
backup.,1
place!,1
"""bite""",1
"furniture,",1
complaint.,1
stuffers.,1
Selection,1
decor.,1
indicates.,1
remain,1
delivers.,1
days...but,1
toy...but,1
price...,1
"base/clip,",1
smallest,1
(including,1
sufficient.,1
entirely,1
sophisticated,1
cosmetics.,1
Greyhound,1
"""true""",1
aging,1
"""mighty",1
"bright""",1
crafting,1
unbearable.,1
roll,1
chic,1
Hi/Low,1
around!,1
foot,1
distance.,1
safety,1
soild,1
cordless,1
"Altogether,",1
job--clips,1
claimed.,1
hurting,1
places!,1
Simple.,1
i!,1
Ultimate,1
w/,1
Helpful,1
un-lit,1
"closets/cupboards,",1
"appliances,",1
downlight,1
cars.,1
Felt,1
marring.,1
Head,1
points,1
"enclosure,",1
"pictures,",1
acceptable,1
recharge,1
install.,1
paper-back,1
tugging,1
rip,1
nice...can,1
2008,1
alot,1
overnighted,1
i'm,1
tellin,1
overnight.,1
fast...product,1
great...,1
fool,1
book/magazine,1
bank.,1
car's,1
backseat,1
miles.,1
domelight,1
day...several,1
Delivery,1
hogs.,1
kindles',1
won,1
caregiver,1
hospice,1
Dad.,1
crook,1
everybody,1
two??)!,1
intended),1
itty-bitty-type,1
"itty-bittys,",1
"""bulbs""",1
itty-bitty,1
blubs,1
either).,1
XtraFlex2's,1
great;,1
tangled,1
Borders.,1
final,1
Harry,1
Potter,1
published,1
(presumably,1
"kids,",1
"big,",1
bed...).,1
leftovers,1
"price,",1
bargain.,1
spares).,1
Available,1
green;&nbsp;<a,1
"href=""/Mighty-Bright-XtraFlex2-Light-Black/dp/B000TXZIDM/ref=cm_cr_arp_d_rvw_txt?ie=UTF8"">Mighty",1
"Black</a>,<a",1
"href=""/Xtra-Flex-2-LED-Book-Light-Silver/dp/B000OOSDTW/ref=cm_cr_arp_d_rvw_txt?ie=UTF8"">Xtra",1
"Silver</a>,<a",1
"href=""/Mighty-Bright-XtraFlex2-Book-Craft-Clip-On-Light-Pink/dp/B0013AG9QK/ref=cm_cr_arp_d_rvw_txt?ie=UTF8"">Mighty",1
"Pink</a>,<a",1
"href=""/Mighty-Bright-XtraFlex2-Dual-Book-Craft-Clip-On-Light-Purple/dp/B0013AM3TC/ref=cm_cr_arp_d_rvw_txt?ie=UTF8"">Mighty",1
"Purple</a>,",1
and&nbsp;<a,1
"href=""/Xtra-Flex-2-LED-Book-Light-Blue/dp/B000OOSDU6/ref=cm_cr_arp_d_rvw_txt?ie=UTF8"">Xtra",1
Blue</a>.,1
goodshipping,1
Dorette,1
multi,1
cool.,1
shoulder.,1
sizes,1
"top,",1
to!,1
substitute,1
"have,",1
light-going,1
dust,1
fibers,1
"min,",1
idea!,1
from.,1
hardbound,1
coin,1
sons,1
Opens,1
objects.,1
potentially,1
plastic.,1
87,1
yrs,1
Father...and,1
time..just,1
price!!,1
searches,1
settings...bright,1
bright!!,1
go-to,1
"booklite,",1
high/low,1
certain,1
pc.,1
wrought,1
iron,1
nigh-time,1
shocked,1
drawing,1
tremendous,1
help.,1
frame.,1
(high,1
low).,1
"Sometimes,",1
burns,1
great!!,1
kindal,1
bibliophile,1
tells,1
nite.,1
Cradle.,1
Together,1
hour!,1
EXACTLY,1
WHAT,1
WAS,1
LOOKING,1
whose,1
shut,1
off!!!,1
you)!,1
Real,1
interrupt,1
secures,1
5yrs.,1
"button,",1
in/recharge).,1
happier,1
ex:,1
"Now,",1
Strongly,1
everyone.,1
batter,1
High,1
medium,1
selection,1
Superb,1
intensities.,1
Item,1
"7""",1
range.,1
grandson's,1
10th,1
winner!,1
hard-cover,1
guessing.,1
snaps,1
upset,1
somewhere?).,1
"""neck""",1
"shape,",1
blindingly,1
Any,1
brighter!,1
doubled,1
has!,1
coins,1
nuisance,1
Wouldn't,1
dimmest,1
head!,1
Father's,1
Day,1
resting,1
low-cost,1
efficient,1
supplemental,1
plants,1
(tillandsias).,1
click-style,1
(super,1
(less,1
accommodate,1
aprox.,1
"inch,",1
"take,",1
stood,1
User,1
3x,1
plant,1
(both,1
Excellent.,1
stumble,1
husband-,1
goofy,1
"fast,",1
deterrent,1
horizontal,1
grooves,1
fingers.,1
among,1
"ordered,",1
reluctant,1
swoon,1
it?,1
purchasing.,1
folly.,1
Finally,1
dims,1
sizable,1
buying!,1
costs,1
weight!,1
...then,1
determine,1
Diffusion,1
world-,1
black!,1
reflects,1
Petite,1
Playing,1
Bloodborne,1
night..I,1
limited,1
strategy,1
weewee,1
Night,1
nurse,1
newborn,1
distracting.,1
Use!,1
bonus.,1
primarily,1
evenings,1
fam,1
"terrific,",1
drawing.,1
flaw,1
slaw,1
slippery,1
from),1
tape,1
grip-enhancing,1
"add-on,",1
summer.,1
bugs.,1
tiki,1
torches,1
"burning,",1
helped.,1
sux;,1
transmits,1
"simply,",1
Wiztem,1
Freesia,1
Stand.,1
enjoying,1
single!,1
Must,1
missed,1
description!!,1
Science,1
Fiction,1
"""Pursuit",1
"Zodiacs.""",1
Launching,1
heavy;,1
"(shockingly,",1
know),1
weighs.,1
support,1
pictured,1
pink.,1
overpowering.,1
"hardcovers,",1
(The,1
stolen,1
van.),1
charges.,1
ardent,1
ours,1
heaven,1
hours!,1
10/10.,1
brightly,1
'head',1
Brightest,1
Anything,1
hubby.,1
Awesome!,1
bought!,1
sufficiently.,1
worthy,1
earlier...did,1
existed.,1
tables,1
alwaysout,1
Daddy,1
"cars,",1
"Legos,",1
toys.,1
covets,1
appreciates,1
strongly,1
"thick,",1
nuts,1
late.,1
Weight:,1
binding,1
Base:,1
book....and,1
Batteries:,1
eats,1
nature,1
Swivel:,1
(360,1
degrees),1
preferences.,1
Switch:,1
backside,1
Dimensions:,1
2.75,1
1.25,1
deep(the,1
clip),1
head(where,1
is),1
1.75,1
0.75,1
head....it,1
sliding,1
pushbutton.,1
"operate,",1
tucked,1
suitcase,1
backpack.,1
clothes,1
beat!,1
"passwords,",1
greatest,1
],1
low...just,1
had!!!!,1
Daniel,1
Murphy,1
11,1
snitching,1
"made,attaches",1
olds,1
headboards),1
princess.,1
saving.,1
EVER.,1
more!,1
users,1
considerate,1
liking,1
brilliant,1
one:),1
disturbing.,1
.I've,1
capability,1
won'y,1
comfy.,1
"time,too.",1
flickered,1
wobble,1
shake,1
you've,1
Gorgeous,1
switch.,1
folks,1
saying.,1
sphere,1
"importantly,",1
swiped,1
constructed.,1
grader,1
serious,1
reader..,1
light/,1
visible,1
puppets!,1
2!,1
"uses,",1
needlepoint,1
afraid,1
hrs,1
edit,1
brightness!,1
long-time,1
refuse,1
eReader.,1
order!,1
honest.,1
'pole',1
I.,1
youngest,1
hers,1
everywhere,1
hotels.,1
flimsy.,1
abuse.,1
marriage,1
ritual,1
"riser,",1
him!,1
A++++++,1
areas,1
bookshelf.,1
chemicals.,1
Through,1
"rain,",1
"cold,",1
"blizzards,",1
ice,1
"storms,",1
soaking,1
tub.,1
beating.,1
durability,1
ordinary,1
apocalypse,1
"BBQ,",1
etc..,1
Hands,1
bang,1
buck,1
None,1
(many,1
stingy).,1
"10/10,",1
answer.,1
tons,1
is!!,1
grandchildren,1
meet,1
"Multi-Flex,",1
"be,",1
wells.,1
"First,",1
studying.,1
"Lastly,",1
arrival.,1
penny,1
catch,1
deserved.,1
Heard,1
both).,1
NIce,1
extraordinarily,1
oldest,1
Light!,1
"drawer,",1
PERFERCT,1
judges,1
act,1
contest.,1
"judge,",1
safe.,1
normally,1
regularly.,1
"distirbuted,",1
"""extra",1
"dim""",1
cents.,1
annoyed,1
needlwork,1
grip.,1
den,1
odd-shaped,1
"lamps,",1
admittedly.,1
springing,1
predetermined,1
factory,1
Yup.,1
critter.,1
'em,1
(light,1
grinder),1
overboard.,1
low/high,1
broad,1
studying,1
utterly,1
READING,1
BED,1
bible,1
daylight.battery,1
"nuisance,",1
"nearby,",1
"ereader,",1
workspace.,1
"gem,",1
candlelight!,1
"wait,",1
stars?????,1
tp,1
2am,1
finishing,1
desire,1
hazardous,1
sleep!!!!,1
adjustable....,1
DAMN,1
YOU!!!!!,1
YOU,1
AMAZING,1
LAMP!,1
WILL,1
FOREVER,1
BE,1
LACK,1
SLEEP,1
BECAUSE,1
YOU!!!!,1
nonstop.,1
"charged,",1
happen,1
faint,1
partway,1
fixes,1
Review,1
today.,1
paragraph,1
horrifically,1
Onto,1
naps,1
(where,1
pulled,1
night),1
leaning,1
slowly,1
winner,1
intended.,1
sturdier,1
alternatives.,1
Actually,1
unbeatable!,1
Righteous,1
one-LED,1
first-,1
gen,1
exceptionally,1
Dropped,1
tile,1
cracked.,1
IT!!,1
cramps,1
lift,1
"saver,",1
Comes,1
soundly.,1
Meets,1
nightly!,1
"paperback),",1
term,1
"function,",1
"red,",1
noting.,1
love!,1
immerse,1
fictional,1
Loving,1
light...just,1
airline,1
Less,1
Bright...,1
outages!,1
horrible,1
beware,1
handlebars,1
2015,1
Harley-Davidson,1
Trike,1
three-wheel,1
motorcycle).,1
HD,1
performed,1
wonderfully.,1
changeable,1
experienced,1
'flickering',1
written,1
Those,1
comments,1
vendor,1
updated,1
Okay,1
Alcon,1
posted,1
crib,1
cut,1
(helps,1
teeny,1
toes),1
reflecting,1
"band,",1
rechargeables;,1
wires,1
leakage,1
render,1
useless.,1
mined,1
reliability.,1
"Practical,",1
well-constructed.,1
Yamaha,1
lithium,1
07/22/2015:,1
Added,1
bed's,1
"PINK,",1
listed,1
SILVER.,1
.received,1
promptly.,1
.just,1
colorblind.,1
LOOKS,1
PICTURE.,1
..TRUST,1
ME..IT,1
..NOT,1
HOT,1
promptly,1
"lady,",1
THIS.IS.AWESOME.,1
radius,1
literally,1
notice.,1
"Paperback,",1
matter...the,1
impeccably.,1
carry-on,1
bustling,1
budge!,1
",great",1
recommends,1
presumably,1
damaging,1
whip,1
lightsmall,1
funcion.,1
littke,1
downsize,1
Uniform,1
temperature.,1
musical,1
band.,1
It'll,1
"choices,",1
budget,1
booklover's,1
"heart,",1
honor,1
How,1
lived,1
"system,",1
brand/type.,1
proceed.,1
bulb),1
issue.,1
"hubby,",1
settings.),1
"periodically,",1
course),1
pesky,1
WORKS,1
"GREAT,",1
blocking,1
"view,",1
"clothespin,",1
multipurpse,1
lamp..,1
stable.,1
Excellent!!!,1
designed.,1
Man,1
investment,1
seemingly,1
"tint,",1
otherwise.,1
age.,1
nightstand.,1
costing,1
wait!,1
indicated,1
acceptable.,1
ten-year-old,1
mechanism,1
w/o,1
whish,1
magazine.,1
"rail,",1
Won't,1
December.,1
Compact,1
sides,1
advertized....,1
prompt,1
powerful!,1
Lite,1
circumstances.,1
servicing,1
maintance,1
Used!,1
read-,1
most-used,1
surprise,1
light-for,1
person.,1
RV,1
twins,1
nightly.,1
old.,1
CAME,1
WITH,1
BATTERIES!,1
xmas,1
Loves,1
fight,1
Perfect:,1
Each,1
theirs,1
(ordered,1
purple).,1
binder,1
practice.,1
Ah-mazing.,1
regarding,1
"mean,",1
teal/turquoise;,1
"less,",1
"recommend,",1
hardcovers,1
outstanding!,1
Used,1
Indeed,1
leds,1
reviewers.,1
Keys,1
there!,1
grocery,1
stationery,1
"nothing,",1
squint,1
sides.,1
extends,1
"clearly,",1
spaces,1
world.,1
Luis,1
A's,1
wife:,1
described..,1
Prompt,1
vs,1
"purple,",1
L.,1
bonus,1
mistake.,1
snow,1
diaper.,1
You..,1
(press,1
need).,1
EASE,1
on/off/switch,1
button!,1
readjust,1
flipping,1
"early,",1
--ordered,1
Finally!,1
Usually,1
once!,1
Hallelujah!!!,1
map,1
visor.,1
readers!!,1
teach,1
spin,1
fast.,1
"batery,",1
program,1
church.,1
sanctuary,1
"narrator,",1
narrator,1
parts.,1
boat.,1
Awesome.,1
"plus,",1
joy.,1
$.,1
"great,two",1
"pleasure,adjusts",1
fricken,1
right!!,1
"paper,",1
occasions,1
digital,1
"unavailable,",1
"nighttime,",1
advertised!,1
years!!,1
-plc,1
Beautiful,1
flex.,1
allready;,1
"investment,",1
hooks,1
seeing.,1
service.,1
Happy.,1
Dont',1
hesitateBuy,1
"improved,",1
"Soft,",1
secure.,1
neat,1
tagged,1
optician,1
suggested,1
Every,1
concerned.,1
GREAT!!!!!!!!!!,1
rooms.,1
exceptional,1
coupled,1
(on,1
"batteries),",1
conceivable,1
"protrusion,",1
proven,1
wrong.,1
product!!,1
90-year-old,1
Enables,1
endless,1
destruction,1
"(twisting,",1
"turning,",1
etc.),1
illuminated,1
redirect,1
lights-out,1
asap,1
"sleeper),",1
need!,1
"faithfully,",1
"suitcase,",1
miserable,1
topple,1
"nightly,",1
Adapter-100V,1
&240V',1
construction,1
doesn't.,1
"""watch-like""",1
"purchased,",1
tear.,1
fewer,1
hotels/motels,1
insistent,1
visiting,1
people's,1
"houses,",1
(but,1
attractive.,1
(large),1
($9.89),1
people.,1
sleeker,1
tinier,1
expensive),1
"""travel",1
"booklights"".",1
(This,1
though!),1
Caveat:,1
battery-life...,1
*too*,1
intend,1
junky,1
though!,1
Due,1
"surgery,",1
"walker,",1
temporarily;,1
walker,1
household,1
surgeon,1
patients,1
Grandaughter,1
memebers,1
iallows,1
"free,",1
Luckily,1
mom;,1
AKA,1
"Hobbles,",1
luckily,1
bat.,1
(:,1
Oh...and,1
quick!!!,1
crafting.,1
me;,1
loght,1
supply.,1
workshop.,1
Spike,1
better!!!!!!!!,1
Couldn't,1
High-powered,1
"flexibility,",1
sleek,1
monitor,1
oh....,1
4-5,1
now?,1
NIGHTLY.,1
bulbs!,1
"(Yes,",1
good!),1
running,1
leg,1
considerably.,1
GREAT!,1
scouring,1
(With,1
involved,1
finances,1
ago!,1
Which,1
btw.,1
clip!,1
brands,1
conclusion,1
NONE,1
brands.,1
sticking,1
"Hey,",1
YEARS,1
upgrade,1
"""Hammerhead""",1
"hardbacks,",1
corners,1
sections.,1
"""issue""",1
rests,1
knees.,1
reclipping,1
desktop,1
"Uh-oh,",1
(watch,1
kind),1
challenging.,1
sweet,1
"cool,",1
folder.,1
sing,1
choir.,1
dark...now,1
partner...,1
product!!!,1
Fantastic.,1
Iived,1
before.,1
Handy,1
84,1
eyesight.,1
Seek-a-word,1
"slept,",1
malleable,1
"""clipped""",1
manipulating,1
sick,1
Story,1
Little,1
ever...who,1
thought...,1
;>),1
brighteness,1
operation,1
weeks!,1
'perfect,1
gift'!!!,1
tho',1
God-send,1
Spenser,1
Jack,1
Reacher,1
writers,1
avail,1
ourselves,1
ever-dwindling,1
seems.....print.,1
PC,1
use;,1
flex-wand,1
neat!,1
Whoever,1
invented,1
miss,1
"trick,",1
EXCEPT.....my,1
this:,1
"short,",1
upward-curved,1
lip,1
facilitate,1
opening,1
slid,1
"gripe,",1
sints,1
arrived.,1
Prolly,1
flavor,1
winnah!,1
P.S.,1
"""sints""",1
intentional,1
missppelll.,1
Sew,1
"Good,",1
value!,1
quick!,1
SO.,1
supportive,1
Check,1
out!!,1
Functional,1
light...almost,1
little.,1
readers!,1
whichever,1
prefer.,1
presented-,1
thought.,1
'bright',1
newspaper,1
in-between,1
victim,1
somehow,1
returned,1
Great!,1
"pleased,",1
yellower,1
whiter,1
grow,1
30-60,1
minutes,1
nightime,1
Extremely,1
Purchase,1
Itty,1
Bitty,1
Lites,1
models.,1
"(hotel,",1
friend's,1
place),1
bag),1
tired!,1
traveling!!,1
everyway,1
seller!,1
Everything's,1
alright.,1
82,1
eyesight,1
heavy!,1
friends!,1
"Excelent,",1
verry,1
anouth,1
wonder,1
anyone!,1
headboards.,1
period.,1
fabulously!!,1
Bright!!,1
compare,1
technology,1
selections).,1
(Have,1
times.),1
nephew,1
paraplegic,1
access,1
"failed,",1
(importantly),1
"recharge,",1
countless,1
failure.,1
(white),1
output.,1
"cord),",1
binders.,1
trailer,1
curl,1
trailer.,1
"trailer,",1
valance.,1
"""night",1
"light.""",1
stated--not,1
LOT!!!,1
"""brightness""",1
setting).,1
shipping.,1
reaching,1
aside!,1
fear,1
breaking!,1
snazzy,1
motion.,1
wondering,1
right?,1
Right!,1
"range,",1
(brightens,1
brightening,1
"room),",1
discovering,1
sleep...,1
Loved.,1
"HOWEVER,",1
received.,1
;(,1
"thought,",1
concurs,1
assessment.,1
dark!,1
simple.,1
TAKES,1
BATTERIES.,1
aware,1
blue-white,1
incandescent.,1
harsh.,1
it'd,1
420-square-foot,1
wall-mounted,1
invest,1
book-light.,1
(purple),1
Executioner's,1
Song,1
(also,1
Amazon),1
PERFECT!,1
"Still,",1
return,1
AAA's,1
raise,1
discribed,1
bug,1
died,1
"example,",1
chunk,1
insert,1
Exceeded,1
expations.,1
kill,1
compliments,1
lined,1
indentations.,1
lampshade,1
clutter,1
shade.,1
physically,1
"textbooks,",1
multifunctional.,1
"pricey,",1
A+,1
transaction!,1
comfort,1
hammock!),1
91,1
Dad,1
puzzles!,1
options:),1
Graduation/birthday,1
teens.,1
gives.,1
carefully,1
over-bend,1
charm!,1
son's,1
birthday.,1
interior,1
sunvisor,1
excessive,1
augment,1
versus,1
"owned,",1
travel-super,1
distance,1
varies.,1
"problem,",1
open.,1
lever,1
shed.,1
Lets,1
matched,1
online.,1
worries,1
here!,1
basic,1
get's,1
sensory,1
overload,1
(particularly,1
"headaches,",1
5ft,1
compromise,1
big.,1
conventional,1
producing,1
seven,1
Try,1
"ineffective,",1
gold!,1
nephews.,1
Come,1
bugging,1
"secure,",1
perfect;,1
colorful,1
fianc,1
eight,1
Outstanding.,1
flexibility.,1
EXCELLENT,1
selected,1
dresser/night,1
stays!,1
annoys,1
death.,1
yourself.,1
Seriously,1
Appreciate,1
"transport,",1
offering,1
free-standing,1
pm/early,1
disturbance,1
twin,1
infants,1
trust,1
parties,1
"headlamp,",1
glance,1
discretely,1
semi-trashy,1
time-travel-romance,1
novel.,1
(Outlander,1
anyone?),1
offended,1
sleep?,1
Keyboard/Kindle,1
terms,1
"speed,",1
"display,",1
content,1
"satisfied,",1
content.,1
sale,1
snag,1
Until,1
then...,1
necessity,1
big-box,1
month.,1
meant,1
commonly,1
"deal,",1
slapping,1
baseline,1
simple:,1
individuals,1
6-inch,1
devices),1
"brighter,",1
regards,1
stunned,1
YMMV,1
hefty,1
"Yet,",1
concern.,1
context.,1
Led.,1
larger.,1
night;,1
"Elegant,",1
"simple,",1
lot's,1
happily,1
"light!""",1
response?,1
"""I",1
"Kindle.""",1
"item,",1
reading!!,1
bright....No,1
problems...Clip,1
"broke,",1
years...Its,1
travel!,1
enough!!,1
did).,1
visited,1
(her,1
color)!,1
energy--the,1
Figured,1
eventuality.,1
book/reading,1
pick,1
models,1
offered,1
"require,",1
"late,",1
hidden,1
"feather,",1
"bookcase,",1
voila!,1
legal,1
document,1
more--one,1
cracked,1
sway,1
Otherwise,1
Holds,1
Out,1
storms.,1
kerosene,1
pin,1
port,1
"8th,",1
"month,",1
"fall,",1
"December,",1
touch.,1
..,1
ouch!,1
color!,1
fried,1
ears!,1
tree,1
tent.,1
largest,1
satisfied!,1
affected,1
one-handed.,1
"illuminate,",1
attract,1
bugs,1
outside).,1
separately).,1
"frills,",1
"secrets,",1
"glitches,",1
straightforward,1
someone's,1
"title,",1
"distance,",1
spending,1
distributed,1
light...it,1
seeming,1
exception.,1
drawn,1
you!,1
"stem,",1
(used,1
5-10x/month).,1
recommendation,1
pleasurable.,1
desirable,1
def,1
in...highly,1
"LOVE,",1
Mages,1
orginally,1
kiddo,1
condition.,1
fade.,1
houses,1
cells.,1
padded.,1
did),1
you'll,1
Kindles.,1
money!,1
shipped,1
What's,1
say?,1
strap,1
wearing,1
sports,1
bra--it's,1
that!).,1
picture),1
"backward,",1
part),1
rough.,1
(hence,1
"tricks),",1
counted,1
"cross-stitch,",1
hoop!,1
wanky,1
(strange,1
neck).,1
shimmy,1
emergency's,1
sake.,1
(sounds,1
accidents,1
happen.,1
UFO,1
hovering,1
face.),1
cushions,1
(all,1
that).,1
Brightness,1
drift,1
unnecessarily.,1
Worth,1
remotes,1
guestroom.,1
accidently,1
"moved,",1
without.,1
periodically,1
supplied,1
book),1
till,1
lately,1
blinding!,1
wimpy,1
spillage,1
disturbed.,1
reflectivity,1
media,1
(reader,1
"finish,",1
etc.).,1
figure.,1
mailed,1
"China,",1
advised,1
arrive,1
"Relax,",1
again?,1
heartbeat.,1
"service,",1
enables,1
words.,1
crafted,1
b/c,1
bouts,1
insomnia,1
"pregnancy,",1
privacy,1
"""hi""",1
Friday,1
nocturnal,1
habits.,1
delivering,1
gadget!!,1
delivery!,1
surprise!!,1
bedrail,1
click!,1
Runs,1
cards,1
menu,1
line,1
Recommend,1
wall.,1
powering,1
STILL,1
strong;,1
issues!,1
put;,1
new!,1
grows,1
tor,1
purpose;,1
"apart,",1
staying.,1
lives,1
name:,1
"""Mighty""!",1
"was,",1
"""mighty""",1
assistant.,1
TravelFlex.,1
"camera,",1
mid,1
bodies,1
"(Red,",1
"Alexa,",1
etc),1
tape.,1
"vision,",1
extensively,1
"stars,",1
lighted.,1
Hard,1
"""cooler""",1
somewhat,1
"""warmer.""",1
"Different,",1
"knitting,",1
"stitching,",1
"manicures,",1
kitchen,1
yesterday,1
doctors,1
"office,",1
woman,1
lady,1
"there,what's",1
"using?""",1
tear,1
enabled,1
Paper,1
White,1
mentioned.,1
valuable,1
"""watch""",1
benefit.,1
offer,1
readings.,1
storms,1
dedicated,1
remark,1
yes,1
OMG,1
anybody,1
kudos,1
mail,1
About,1
remembered,1
Sure,1
trick,1
pleasantly,1
Amazon's,1
MultiFlex,1
noticeably,1
two-position,1
temperature,1
warmer,1
"pleasing,",1
mechanical,1
smoother.,1
functionally,1
"same,",1
testing,1
revealed,1
bold,1
either),1
loud,1
noise,1
scurry,1
noise!,1
"loud,",1
unexpected,1
stocked,1
metal,1
8.,1
DX,1
Belkin,1
dos,1
opposite,1
"DX,",1
kick,1
thing!!,1
Remove,1
closing,1
Kindle!!,1
Minor,1
inconvenience,1
"Adjustable,",1
"""hearing",1
"aid""",1
ea.,1
8-year-old,1
that!,1
She's,1
upper,1
Smaller,1
anticipated,1
space!,1
Grips,1
Price,1
Extraflex2,1
two-page,1
"BTW,",1
bearing.,1
separate,1
goosenecks.,1
"had,",1
"Otherwise,",1
screw,1
pairs,1
headphones,1
worthless,1
external,1
wiring.,1
Please,1
rest.,1
superb,1
"ahh,",1
remarkable!,1
"clean,",1
"amazing,",1
lumin,1
bleed,1
$$,1
central,1
spilling,1
consideration,1
object,1
Zip,1
tie,1
semi,1
permanently,1
mount,1
wooden,1
Within,1
"used,",1
receive.,1
load,1
un-clipped,1
LOT.,1
jointed,1
"metal,",1
bending.,1
slight.,1
Switch,1
"distinctly,",1
head.,1
Hit,1
'inner',1
outer,1
remote,1
phone:,1
apply,1
downward,1
pressure,1
'arrow',1
molded,1
push.,1
Cover,1
revealing,1
compartment.,1
screwdriver,1
matches,1
noted,1
*IF*,1
waved,1
max,1
"1/8""",1
(basically,1
'hyper'),1
extended.,1
optimally,1
"3/8""",1
"3/4""",1
thinner,1
thicker,1
change.,1
tich,1
thinner.,1
AAAA,1
"lighter,",1
DIMENSIONS:,1
Base,1
box:,1
"3.1""L",1
"1.6""W",1
"0.65""H.",1
Triangle,1
Height:,1
"0.7""",1
height,1
clip:,1
"1.7""",1
Length,1
counting,1
head):,1
"0.6""",1
diameter:,1
"5/32""",1
"(0.15"").",1
Head:,1
"2.18""L",1
"0.8""W",1
"0.64""H.",1
*UPDATED*,1
Surprisingly,1
easy-click,1
"train,",1
"makeup,",1
eve,1
secondary,1
(...again).,1
deserves,1
admit,1
*could*,1
outweigh,1
'negatives'.,1
fanatic,1
GF,1
flexibilty,1
snoozing.,1
grasp).,1
handle.,1
neck!,1
Tight,1
bough,1
christmas,1
bulky/heavy,1
heavier,1
adjusting.,1
bath,1
tub!,1
(Like,1
bubbles.),1
shining!,1
OK.,1
table),1
beyond,1
ITS,1
BRIGHTER,1
THAN,1
PREVIOUS,1
.HAS,1
TWO,1
SETTINGS,1
FLEXABLE.,1
BLUE,1
COLOR,1
NICE,1
ALSO.,1
moveing,1
viewing.,1
pretty!!!,1
"clips,",1
price;,1
heart,1
cookbook,1
phonebook,1
brother!,1
lightening,1
light..,1
"Structurally,",1
off-on,1
kinds,1
ways.,1
heartbeat!,1
freshman,1
(study,1
hopefully),1
roommates.,1
fun,1
child!,1
"birthday,",1
"basket,",1
"stuffer,",1
bright;,1
"picture,",1
"purple-pink,",1
better);,1
screen/book,1
"feedback,",1
Peace,1
duper,1
leading,1
segmented,1
angles,1
Previous,1
wandering,1
"high,",1
:-).,1
hearing,1
aide,1
bright-xflex,1
2-lght.,1
"bulky,",1
scale,1
"1-10,",1
definately,1
!!!!!,1
earns,1
Anyways,1
NOTE:,1
"unfolding,",1
hinged,1
ok.,1
setting!,1
manage,1
eases,1
shall,1
ligjts,1
wiggled,1
waggled,1
delighted,1
obviously!),1
"hassel,",1
theater,1
eating,1
snacks,1
movies,1
blinding.,1
Constructed,1
pleasure,1
contained,1
disturb.,1
Reasonable,1
company.,1
"strange,",1
charger.,1
"complaints,",1
=),1
ol',1
bladder,1
"Brookstone,",1
threw,1
hand).,1
ideal!,1
hesitation,1
discreet,1
don't.,1
mysteries,1
jigsaw,1
puzzle,1
indeed,1
storage.,1
Adds,1
adiquate,1
usefull,1
outages!!!,1
coards,1
displays,1
fair,1
Suits,1
"""Works",1
"good.""",1
told,1
pull,1
badly.,1
tolerable.,1
lay.,1
ONLY,1
successfully,1
jams.,1
tech,1
out-perform,1
ratio,1
repair,1
shirt.,1
possessions!,1
Big,1
frustrating.,1
items.,1
traveled,1
"multi-plug,",1
outlet.,1
mega,1
filled,1
garbage.,1
care.,1
4?,1
"3,",1
misplaced,1
temporarily.,1
"Vacations,",1
etc...,1
HAVE,1
HATES,1
tolerate,1
habit,1
grumbling.,1
pondering,1
gamble,1
all!),1
normal.,1
"Anyway,",1
bookworms!,1
disabled,1
hospital,1
looking.,1
black.,1
Begin,1
lamplight,1
bar.,1
driving.,1
Fun,1
ray,1
player,1
tv.,1
I'am,1
family--come,1
cheery,1
occasion.,1
anchored,1
typer.,1
circumvent,1
drama,1
"""going",1
"sleep,""",1
"""in",1
"bed.""",1
"Anyways,",1
"socket,",1
migrated,1
style,1
"else,",1
single-light,1
rocket,1
science,1
advice,1
here).,1
negative,1
automatic,1
"""off""",1
sweep,1
yourself).,1
needed--it,1
quiet,1
controlled,1
project.,1
indication,1
weak.,1
"Fortunately,",1
voila,1
grandson.,1
soften,1
wobbly.,1
taped,1
seldom,1
eyebrows...its,1
priceless.,1
Huge,1
floor.,1
photos.,1
"""bright""",1
"""dim""",1
off-,1
affixes,1
easy-,1
Who,1
fussy.,1
"tired,",1
pass,1
down).,1
trusted,1
"Nonetheless,",1
mulitiple,1
saver.,1
backlight,1
tried.,1
single/double,1
paint,1
chip,1
Fair,1
Pink,1
sot,1
food,1
flood,1
outdated,1
ebook,1
(reading,1
per,1
day).,1
whatsoever.,1
hot.,1
three.,1
Fire,1
Keyboard,1
10-12,1
bed:),1
treval,1
printed,1
MAN,1
magic,1
graphic,1
novels,1
2am.,1
(either,1
"itself,",1
bed).,1
bright...it's,1
llight,1
rates,1
rating.,1
qualify,1
IGOOD,1
loft.,1
difference!,1
hear,1
sings,1
ones!,1
"Compact,",1
portabilty.,1
"low-light,",1
reasonably,1
"well-made,",1
"securely,",1
exceptional.,1
appealing,1
"satchel,",1
"Gameboy,",1
"iPad,",1
worksurface,1
further.,1
task,1
specific,1
"""directed""",1
"Clever,",1
gifts!,1
heard,1
selling,1
category.,1
*Note:,1
According,1
"instructions,",1
evidence,1
can't.,1
deal-breaker.,1
**Note,1
2:,1
geared,1
broader,1
instability,1
"may,",1
good)!,1
sinch.,1
marriage.,1
calmed,1
rid,1
STD.,1
Best.,1
Ever.,1
cute,1
Blu-Xflex,1
professionally,1
partially,1
fadeing,1
lights-out.,1
ebooks,1
cats.,1
plenty.,1
"several,",1
remarkably,1
hell.,1
soda,1
spilled,1
bulkiness,1
that),1
amounts,1
one...,1
bucket,1
paperwhite,1
FIts,1
brights.,1
chair........gives,1
reason.,1
lighting........on,1
"economical,",1
"Recommended,",1
tiresome,1
bold.,1
"stiff,",1
"Easy,",1
bright!!!,1
one!!,1
toned,1
"notch,",1
"anything,",1
"1,",1
"stuff,",1
prompted,1
recharging,1
3AAA.,1
either!,1
bright).,1
failure,1
(Blue),1
attractive,1
cradle,1
metal.&nbsp;<a,1
"href=""/B003B0JPKW/dp/B003B0JPKW/ref=cm_cr_arp_d_rvw_txt?ie=UTF8"">B003B0JPKW</a>&nbsp;.",1
outlet's,1
electricity;,1
Quiet,1
wife/husband.,1
blessing,1
distant,1
softness.,1
grabbing,1
serial,1
numbers,1
electronics.,1
go!,1
great--very,1
baggage.,1
dental,1
textbooks.,1
alter,1
pleased!,1
light....if,1
longer...its,1
elliptical,1
"""lamp"".",1
drop,1
medication,1
sisters,1
warm.,1
illluminates,1
neighbor,1
intensive.,1
cute.,1
ia,1
Yes,1
reccomend,1
do--lights,1
snores.,1
NBD.,1
concentrates,1
"marriage,",1
addiction.,1
problems:,1
"consumption,",1
misgivings...She,1
love's,1
squint.,1
gem!,1
"loose,",1
Cannot,1
enough!,1
original),1
added.,1
themselves,1
(there,1
impressive.,1
sidewalls,1
"powerful,",1
adds,1
"things,",1
"""middle",1
"night""",1
AWESOME,1
Think,1
flicker,1
promised.,1
tightly.,1
customer.,1
geezer.,1
"hey,",1
Mrs.,1
navigate,1
outage.,1
"backlight,",1
"some,",1
fill,1
bill.,1
compare.,1
L.E.D.s,1
"nephew,",1
worm.,1
focussed.,1
produce..,1
stingy,1
positionable,1
guys,1
Kindle....it's,1
absolute,1
necessity.,1
Matter,1
75-year,1
eyeing,1
LOL,1
"speaker,",1
she/he,1
"three,",1
sons.,1
childhood.,1
"schedule,",1
brood,1
co-,1
slept,1
"young,",1
constant,1
parade,1
parents.,1
E,1
"Nook,",1
"Aleratek,",1
app,1
"tablet,",1
"guess,",1
current,1
"roommate,",1
0',1
:30,1
"mornings,",1
honestly,1
"lost,",1
children..,1
fellow,1
snagging,1
lately.,1
drawer.,1
fave,1
biggie,1
weighs,1
unclip,1
"turn,",1
feature:,1
customize,1
Speaking,1
repeated,1
begin,1
shuffle,1
chase,1
4.,1
Wall,1
5.,1
Flexi-,1
flexi-neck,1
motion,1
"opposite,",1
loose.,1
straight,1
meaning,1
appose,1
posed,1
"either,",1
radiates,1
"long,and",1
rapidly.,1
"OK,",1
$15,1
"lovers,",1
essential.,1
basis,1
mommy,1
"children,",1
business,1
respite.,1
page;,1
clasp,1
light-weight.,1
magnifying,1
glass,1
74.,1
BART,1
trains,1
tunnels,1
constant.,1
patio.,1
knowing,1
cutest,1
"has,",1
Getting,1
reading;,1
tenuous;,1
purposes;,1
ANYTHING,1
"drawing,",1
"sewing,",1
fixing,1
(insert,1
"""eneloop""",1
"batteries).Yeah,",1
"bit,",1
(did,1
is?).,1
mate.,1
"bonus,",1
crochet,1
chasing,1
furniture!,1
hover,1
folded,1
"other,",1
depends,1
battery's,1
"battery,",1
energizer.,1
360,1
retract,1
abruptly.,1
"died,",1
Ihad,1
anymore,1
had).,1
backup,1
extinct.,1
"earlier,",1
enclosed,1
"by"".",1
concrete,1
"bendable,",1
woods,1
demographic,1
grateful,1
husband!,1
definetly,1
expensive.,1
settings-,1
sparingly,1
lifespan,1
led.,1
week...,1
id,1
should.,1
mobile,1
DJ,1
setup.,1
Brite,1
dim....which,1
batteres.,1
solely,1
"WOW,",1
(they,1
co-sleep),1
slow,1
pace,1
attention,1
Bible,1
together.,1
Bends,1
wind,1
"glow,",1
terrific!,1
"out),",1
directs,1
either!!,1
Yippie!!,1
dog.,1
Might,1
firmy,1
managed,1
exceed,1
wrist,1
"books),",1
spill,1
"adjusted,",1
Recommended,1
awhile,1
beating,1
alternatively,1
"2,",1
rugged,1
"slammed,",1
crushed,1
fine-,1
carelessly,1
tossing,1
plugging,1
Thats,1
prob,1
wise,1
well-made,1
travelers.,1
use):,1
complains.,1
follow,1
comfort.,1
(half,1
brightness.),1
repositioning.,1
3),1
Gooseneck,1
repositioning,1
4),1
Clip-on,1
shallow,1
nestle,1
"spine,",1
"closed,",1
destroying,1
binding.,1
(Means,1
sittings.),1
5),1
2032,1
Did,1
spray,1
"dollar,",1
Ugh.),1
Costs,1
shame.,1
shine.,1
LOVET,1
AM,1
AN,1
AVID,1
NIGHT-TIME,1
READER,1
ALWAYS,1
FOUND,1
HARD,1
TURN,1
OFF,1
LAMP,1
NIGHT,1
TABLE,1
(HAVE,1
BAD,1
BACK,1
!!),1
EASY,1
GIVES,1
BOTH,1
PAGES,1
WHATEVER,1
TYPE,1
I'M,1
READING...BE,1
PAPERBACK,1
HARDCOVER..EASY,1
ADJUST..,1
IT!!!,1
Te,1
phone.,1
Allowed,1
highlight,1
jobs.,1
"directed,",1
soundly,1
Wonderful.,1
sqirm,1
Tops.,1
set.,1
lenses,1
bookclip,1
infinitely,1
repositionable,1
=,1
bomb,1
ill,1
disassembled,1
failures,1
"after,",1
"blink,",1
"choices),",1
Coming,1
less-expensive,1
lights-,1
varieties,1
THis,1
resolved,1
"needlework,",1
"think),",1
qsnap,1
last;,1
purchased...,1
study,1
soothing,1
journey.,1
unable,1
continue,1
settings...high,1
inadequate,1
"""normal""",1
well-needed,1
studio.,1
recently.,1
set-up,1
unattached,1
lovely!,1
"""kitchen"".",1
guy.,1
exact.,1
suggested!,1
hangs,1
anyplace,1
Awesome!!,1
FANTASTIC!!!,1
on-the-go.,1
80910,1
"Cradle,",1
amazon.com,1
deal!,1
everything!!,1
(left,1
die).,1
"""simple""",1
15+,1
mo.,1
steal.,1
tired,1
headlamps,1
luck,1
exceeding,1
expecting.,1
Firm,1
holder,1
stays.,1
"BRIGHT,",1
hunt,1
replacements.,1
intensities,1
coil,1
coveting,1
distrubing,1
gadget.,1
something.,1
photography,1
tops.,1
split,1
fixable.,1
.....and,1
"bedroom,",1
intention,1
"flat,",1
alone!,1
fall-off,1
textbook.,1
stops,1
abruptly,1
"edge,",1
"b-list,",1
subpar,1
wrong!,1
outdoors,1
(I've,1
identical,1
"version,",1
EXCEPT,1
version!!!,1
newspapers.,1
led's,1
Kindle's,1
disturbed!,1
"(3),",1
watch-type,1
fat,1
crisp.,1
non-glossy,1
E-ink,1
comic,1
E-ink.,1
comics,1
continuously,1
fault.,1
stationary,1
'watch-type',1
Perfection!,1
bus,1
didn't/don't,1
snug,1
practical.,1
saver!,1
(though,1
suggests,1
don't),1
(standard,1
true!,1
"perfect,",1
Mother.,1
choices.,1
picture.,1
sewing.,1
peel,1
adhesive,1
nights,1
anyone-,1
penny!,1
herse,1
dandy,1
"possible,",1
researching,1
landfills.,1
plugs,1
"outlet,",1
"(yet,",1
better),1
"better,",1
imo.,1
"both,",1
(can,1
"glasses,",1
"anyone?),",1
"okay,",1
"people,",1
"Ha,",1
well?,1
"Win,",1
Rough,1
readjust.,1
dimming,1
proper,1
Hope,1
leat,1
varios,1
styles,1
excesive,1
readjusting,1
eliminate,1
Definitly,1
wasted,1
pleanty,1
cheep,1
E-Reader.,1
packing.,1
fanned,1
put!,1
quintessential,1
procrastinator.,1
waits,1
"minute,",1
rush,1
"activities,",1
homework.,1
remember,1
he'd,1
"driving,",1
end!,1
lame,1
"happier,",1
procrastinating,1
longer...,1
$30.00?,1
terrific.,1
Tip:,1
travelling,1
"bags,",1
keyboard!,1
stream,1
hits,1
husband's,1
voice,1
Idea,1
in....until,1
fixture,1
hunting,1
thousands,1
there!!!!,1
(for,1
paperbacks),1
batteries),1
paperback!,1
distributes,1
assortment!!!,1
ordered.,1
file,1
"cabinets,",1
safely.,1
$7,1
Target.,1
(while,1
"riding,",1
driving),1
(with,1
her).,1
usages.,1
refuses,1
radiating,1
hall.,1
bouight,1
granddaughters,1
age,1
questions,1
belonged,1
who.,1
(Their,1
giant,1
so-called,1
BBQ,1
tempted,1
title,1
explains,1
priest,1
Vigil,1
"clasp,high",1
"light,thin",1
bulk,1
expensive..,1
light-,1
listened,1
book-lights,1
Feels,1
spring-clip,1
slippery.,1
Kindle).,1
plug.,1
ask?,1
terrible,1
donating,1
throwing,1
insufficient,1
(without,1
pkg.,1
small),1
BUT....,1
lamb,1
night....it,1
maneuvers,1
LIGHT!!,1
much!!!!,1
losing,1
springs,1
apart.,1
confortable,1
withouth,1
spouse!,1
Everybody,1
Es,1
una,1
excelente,1
"lampara,",1
se,1
puede,1
transportar,1
bolso,1
"pequeo,",1
ocupada,1
sobre,1
todo,1
notebook,1
y,1
colocar,1
cabecera,1
cama,1
leer,1
noche.,1
presentation.,1
clip/battery,1
step,1
edge).,1
equal,1
"""goose-neck""",1
into.,1
workmanship,1
"But,",1
chapter,1
soak,1
hopefully.,1
pages!,1
though...I,1
kill?,1
Live,1
approve!,1
traveling...it,1
bed....if,1
"places,",1
brightly.,1
fo,1
recharable,1
WalMart,1
$4.97.,1
MISTAKE!,1
Amazon.com,1
blue;,1
camper,1
pleasure.,1
gift!,1
(around,1
10:00,1
p.m.,1
closed),1
wanted!,1
urgently,1
state.,1
gonna,1
messaged,1
impairment,1
exercise,1
display.,1
Solved,1
dictionary.,1
ADJUST,1
FLEXIBLE,1
USE,1
ALSO,1
MAKES,1
GOOD,1
NIGHTLIGHT,1
7-year,1
thinks,1
"padded,",1
power;,1
exceeds,1
"agree,",1
drill,1
"press,",1
"areas,",1
flex-neck,1
be!,1
"shine,",1
(had,1
months).,1
"leds,",1
"body,",1
narrow,1
hopes,1
taken,1
difficult.,1
difficulty,1
packs,1
Batterys,1
=D,1
"pink,",1
mauve,1
website.,1
rides.,1
someone.,1
$10.,1
spectacular,1
greates,1
bedside.,1
peform,1
"well,but",1
perfect..,1
else's,1
out....you,1
yours,1
worn,1
(lasted,1
years).,1
(different,1
colors),1
amps.,1
mean).,1
MORE.,1
broken.,1
"apply,",1
"center,",1
adjust...,1
"week,",1
obscure,1
"keys,",1
Scroll,1
Lock,1
outages;,1
Needless,1
spurred,1
"second,",1
diminishes.,1
tweezing,1
eyebrows.,1
crosswords,1
"""ok""",1
pencil,1
write.,1
disperses,1
Adjusting,1
finger.,1
comfortable--when,1
one's,1
permanent,1
marker.,1
obnoxious,1
room!!,1
"powers,",1
high.,1
caution,1
juice.,1
slowwwwwwly,1
Plug,1
2:00,1
a.m.,1
"(C'mon,",1
retired!),1
usable,1
locations,1
sources,1
hallway,1
approximately,1
professor,1
insist,1
Point,1
class,1
ridiculous,1
unhealthy,1
searched,1
note-taking,1
neighbors,1
"blackout,",1
makeshift,1
lantern,1
walking,1
Pretty,1
unused,1
digging,1
multi-functional,1
"30th,",1
"2013,",1
Apparently,1
sliver,1
snap,1
pieces,1
flying,1
injuries,1
suspect,1
Bright's,1
run.,1
glue,1
"piece,",1
forgets,1
concerend,1
wel,1
sent,1
Zealand.,1
lecture,1
notes.,1
".5-1""",1
"lecturn,",1
"lower,",1
decrease,1
each.,1
recommended,1
mornings,1
"school,",1
Christms,1
glair,1
recomend,1
Bright',1
Received,1
frankly,1
"convent,",1
hung,1
cases...the,1
adjustable...I,1
reading...great,1
"stated,",1
"1.5""",1
NOw,1
user,1
foes,1
annoy,1
nect,1
(she,1
side),1
"amazon,",1
(free,1
eligible,1
item),1
December,1
2011.,1
inveterate,1
remember.,1
numerous.,1
run-of-the-mill,1
battery-only,1
"jobs,",1
faults,1
weaknesses,1
Duracell,1
Rayovac).,1
adaptors.,1
(always,1
"adaptor,",1
malfuction;,1
Regarding,1
1-,1
2-star,1
ratings,1
wiring?),1
"problems,",1
unfortunate.,1
sounds,1
lemon.,1
trepidation,1
"experience,",1
predominantly,1
reviews---over,1
thirteen,1
tight.,1
Appears,1
"store,",1
pop,1
Liked,1
Why,1
bed....or,1
vise,1
projects.,1
Also...they,1
"""map""",1
times...and,1
hours...turned,1
worth...I,1
Sanyo,1
Enerloop,1
batteries...and,1
1.2,1
each),1
state,1
illuniated,1
equally.,1
read!.,1
miles,1
christmas.,1
welcome,1
aa's,1
"aaa,s",1
"effective,",1
brought,1
violin.,1
"fiends,",1
bulbe.,1
7-yr,1
Santa.,1
Santa!,1
Recomendo,1
todos,1
por,1
muito,1
til,1
pessoas,1
que,1
gostam,1
"ler,",1
e,1
foi,1
entregue,1
dentro,1
prazo,1
previsto.,1
chances,1
mind.,1
convenience.,1
(obviously),1
tries,1
Self,1
"explanatory,",1
equipment,1
motel.,1
foldable,1
tucks,1
neatly,1
Nice!,1
sleep.....i,1
read.....=,1
marriage!,1
else.....,1
"reads,",1
"restaurant,",1
Size,1
perk.,1
3am,1
lights!!<3<3<3,1
buy...we,1
them:,1
extra.,1
"bedframe,",1
father,1
year!!!,1
son-in-law,1
mate!,1
adult,1
children!,1
"""white",1
"light""",1
hot).,1
forgotten.,1
performing,1
stage.,1
last!,1
eyeglass,1
gig,1
forth,1
performances.,1
DC,1
disposable,1
"Impressed,",1
heck.,1
Im,1
Cool.,1
"friend,",1
dimly,1
fasten,1
"fan,",1
rooms,1
materials,1
watches,1
selections,1
movies.,1
"positioning,",1
versatility,1
question,1
"cheaper,",1
(8,1
10),1
impressed.,1
"(brighter),",1
"""snake""",1
droop.,1
sketch,1
tray,1
"chords,",1
crafters.,1
"construction,",1
investment.,1
partner!,1
"music,",1
mainly,1
wished,1
Barnes,1
Noble,1
kaput.,1
hardback.,1
natural,1
owned),1
imagined.,1
"past,",1
measured,1
"28,",1
teenager.,1
textbooks,1
(laying,1
"course),",1
"studying,",1
light...affordable...portable...gives,1
blocked,1
"bought,",1
breaks.,1
to:,1
grill.,1
(medium,1
all...might,1
hesitation.,1
"thrilled,",1
accompany,1
Throw,1
suck,1
rechargables.,1
ir,1
swing,1
Brights.,1
wonderfully-bright,1
known,1
"well),",1
strip,1
thumbs,1
4-year-old,1
"means,",1
nicked,1
continued,1
continues,1
lightens,1
changed.,1
"different,",1
good;,1
on-off,1
manipulate.,1
"fails,",1
details,1
backgrounds.,1
guidebook.,1
guidebook,1
spoil,1
game,1
extras,1
Xmas,1
"gifts,",1
recipients,1
flex/adjustment,1
cord..very,1
nice...glad,1
posts,1
"pad,",1
woud,1
auto,1
flights.,1
booklights.,1
tipping,1
long...,1
missing,1
soon,1
beginning,1
"note,",1
reading--,1
"repairing,",1
"seek,",1
"puppets,",1
etc.--,1
endured,1
(keyboard).,1
"Walmart,",1
Spent,1
MB,1
indoor,1
padding,1
ends.,1
"neat,",1
matte,1
course.,1
"mom,",1
bookwork,1
"binge,",1
form,1
became,1
1950,1
Zenith,1
Trans-Oceanic,1
G500,1
radio.,1
radio,1
manufactured,1
62,1
radio's,1
package,1
appreciated,1
description,1
(great,1
"there,",1
inserts,1
"larger,",1
small/weak,1
headboard!,1
"computer,",1
so!,1
way!,1
darn,1
slight,1
bluish/purpleish,1
hue,1
nowhere,1
blueness,1
width,1
screwed,1
wood,1
sticks,1
finished,1
wood.,1
wears,1
hoop,1
stiching,1
transportable,1
p.s,1
splinters,1
these!,1
withstood,1
year's,1
bedand,1
"flimsy),",1
tights,1
slipping!,1
time!!!,1
lower.,1
"quietly,",1
relieve,1
s,1
Needed,1
pc,1
keypad.,1
agree,1
Fortunately,1
large.,1
seat.,1
rechargables,1
Back,1
"discussion,",1
lites,1
"daycare,",1
6pm,1
naptime,1
conducive,1
8:30,1
bedtime).,1
carseat--it,1
all--it's,1
mom's,1
clasped,1
railings,1
fit.,1
"powered,",1
ground.,1
pricey,1
compared,1
grid,1
"beds,",1
stove,1
storm.,1
kit.,1
Breed,1
pop.,1
recommend!!!,1
EDIT:,1
consume,1
units,1
please,1
this;,1
warned,1
feed,1
ofter.,1
(brightness,1
options).,1
potential,1
bag.,1
rig,1
hard.,1
get!,1
Storm,1
Sandy.,1
benefits,1
optical,1
microscope,1
suited,1
application.,1
Bright-Blu-Xflex,1
escaping,1
varying,1
receives,1
separately.,1
"son,",1
proved,1
appeared,1
self.,1
(Note,1
years',1
use.),1
life's,1
table).,1
bulb).,1
party,1
Touch,1
folio.,1
typically,1
awaking,1
Incredibly,1
reviewer,1
fro,1
support.,1
sucked!,1
adults,1
"dispersed,",1
sturdy/quality,1
"materials,",1
stay-in-place,1
controls.,1
fold,1
true,1
some.,1
Sandy,1
primary,1
lighing,1
staircase,1
handrail,1
bracket,1
candles,1
"unattended,",1
definetely,1
Useful,1
handful,1
Eneloop,1
"hand,",1
pocket,1
seats.,1
Their,1
1-2,1
drops,1
steps,1
value;,1
lite-weight,1
cleat,1
"hoped,",1
"balance,",1
lifesaver,1
hurricane.,1
light:),1
owning,1
members,1
poor..,1
Reliable,1
quality....,1
for!!,1
several-hour-long,1
carsick,1
do).,1
back-up.,1
2-Lights,1
"inexpensive,",1
"replace,",1
sharp,1
"unreliable,",1
gradually,1
fades,1
usable),1
rechargeable.,1
overpriced,1
UPDATE:,1
upgrading,1
spite,1
initially,1
chewed,1
(except,1
chewing,1
them).,1
Thus,1
married,1
York,1
"driver,",1
anybody's,1
nerves,1
raw.,1
Reading,1
"daytime,",1
matter),1
nervous,1
wreck,1
destination.,1
draw.,1
another!,1
"Yeah,",1
settings...2,1
quit,1
side-by-side,1
seats,1
2001,1
Saab,1
convertible,1
interior).,1
respective,1
themselves.,1
two-level,1
(probably,1
non-backlit,1
"e-reader),",1
"fingers,",1
"built,",1
specifically,1
"manner,",1
"""wish"",",1
driver,1
stepping,1
Should,1
Note:,1
we'll,1
engineering,1
masterpiece.,1
begun,1
"especially,",1
holiday,1
LATEST,1
DISCOVERY:,1
pads,1
mouth,1
ensure,1
pressure.,1
tiniest,1
footprint,1
(because,1
"weight),",1
17-inch,1
block,1
"clamp,",1
mode,1
profile.,1
$25,1
blinking,1
buyers,1
benefiting,1
greatly,1
mass,1
generated,1
listing,1
Additional,1
info:,1
"keyboard,",1
SE,1
FL89020L,1
Silver,1
$9.17,1
Prime.,1
"FL89020L,",1
flap,1
gale.,1
batteries:,1
"style,",1
factor,1
vast,1
majority,1
gadgets.,1
Sony,1
prime,1
$3.18,1
"total,",1
IMHO.,1
**May,1
update.,1
100,1
3-4,1
rate,1
overall.,1
Amazing.,1
booklight!,1
sturdy...,1
counts,1
selection.,1
Hence,1
compelled,1
basically,1
irritating,1
began,1
needed:,1
Something,1
3/4,1
inch.,1
adjusted.,1
"Bonus,",1
racks,1
(about,1
bed),1
whiles,1
criteria).,1
configuration,1
adjusted),1
double-bubble,1
"away,",1
(fine,1
saves,1
life),1
AAA),1
We're,1
800mA,1
low-self-discharge,1
(LSD),1
(made,1
tenergy).,1
recharged,1
tools,1
surprises:,1
banding,1
"tranquil,",1
(white,1
candle,1
like),1
tough!,1
ripped,1
trauma,1
push-button,1
"head,",1
hood,1
sump,1
shelf,1
aiming,1
`borrow',1
treat,1
yellowjacket,1
nest,1
(best,1
dormant),1
"Finally,",1
wife's.,1
utility-type,1
"working,",1
tough.,1
dug,1
works!,1
occations.,1
14,1
Ike,1
"buy,",1
mood.,1
(included),1
Depending,1
thickness.,1
Inside,1
eats.,1
Time,1
tell.,1
6'th,1
awkwardness,1
son!,1
(hate,1
all).,1
"rechargeable,",1
hundreds,1
dollars.,1
"study,",1
unpleasant!,1
THe,1
strongest,1
weaker,1
movable,1
part.,1
boy,1
"pose,",1
sweetie,1
internal,1
"Fire,",1
drawback,1
tiresome.,1
report,1
"""just",1
"needed"".",1
confidence,1
have!,1
feeding,1
jar,1
wakefulness.,1
"online,",1
moderate,1
(1,1
woken,1
flexible;,1
big!,1
Didn't,1
traveling!,1
musician,1
(leaving,1
intuitive.,1
Bright-Pur-Xflex,1
2-Light.,1
Lite.,1
daily.,1
sometimes...She,1
investment!,1
float.,1
rubberized,1
prevents,1
degree.,1
significant.,1
background,1
audio,1
equipment.,1
outstanding.,1
patio,1
"chess,",1
"ereaders,",1
booklites,1
attachment.,1
booklite,1
answers,1
concerns,1
"dual-lites,",1
working...........,1
LEDs;,1
toggle,1
equality,1
checked,1
cells,1
complaint...the,1
"(yes,",1
shrink,1
wrap,1
"tightly,",1
impossible,1
free!,1
of.,1
relatives,1
I),1
constantly.,1
(those,1
lens/beam,1
spreader,1
middle.,1
physical,1
"new,",1
one).,1
"""Kindle"".",1
"Even,",1
short,1
Bonus-,1
date.,1
